dataset_layer,destination,iso3,year,origin_name,origin_region,granularity,metric,value,unit,metric_type,coverage_scope,source_name,source_reference,source_file,quality_flag,notes
arrivals,Afrique du Sud,ZAF,1995,,,destination_total,tourist_arrivals,4684000.0,persons,destination_total,Common WDI destination-level series,World Bank WDI,WB_WDI_ST_INT_ARVL,audit_harmonisation_arrivees_7_pays_trends.xlsx,available,No interpolation; missing stays blank.
arrivals,Afrique du Sud,ZAF,1996,,,destination_total,tourist_arrivals,5186000.0,persons,destination_total,Common WDI destination-level series,World Bank WDI,WB_WDI_ST_INT_ARVL,audit_harmonisation_arrivees_7_pays_trends.xlsx,available,No interpolation; missing stays blank.
arrivals,Afrique du Sud,ZAF,1997,,,destination_total,tourist_arrivals,5170000.0,persons,destination_total,Common WDI destination-level series,World Bank WDI,WB_WDI_ST_INT_ARVL,audit_harmonisation_arrivees_7_pays_trends.xlsx,available,No interpolation; missing stays blank.
arrivals,Afrique du Sud,ZAF,1998,,,destination_total,tourist_arrivals,5898000.0,persons,destination_total,Common WDI destination-level series,World Bank WDI,WB_WDI_ST_INT_ARVL,audit_harmonisation_arrivees_7_pays_trends.xlsx,available,No interpolation; missing stays blank.
arrivals,Afrique du Sud,ZAF,1999,,,destination_total,tourist_arrivals,6026000.0,persons,destination_total,Common WDI destination-level series,World Bank WDI,WB_WDI_ST_INT_ARVL,audit_harmonisation_arrivees_7_pays_trends.xlsx,available,No interpolation; missing stays blank.
arrivals,Afrique du Sud,ZAF,2000,,,destination_total,tourist_arrivals,6001000.0,persons,destination_total,Common WDI destination-level series,World Bank WDI,WB_WDI_ST_INT_ARVL,audit_harmonisation_arrivees_7_pays_trends.xlsx,available,No interpolation; missing stays blank.
arrivals,Afrique du Sud,ZAF,2001,,,destination_total,tourist_arrivals,5908000.0,persons,destination_total,Common WDI destination-level series,World Bank WDI,WB_WDI_ST_INT_ARVL,audit_harmonisation_arrivees_7_pays_trends.xlsx,available,No interpolation; missing stays blank.
arrivals,Afrique du Sud,ZAF,2002,,,destination_total,tourist_arrivals,6550000.0,persons,destination_total,Common WDI destination-level series,World Bank WDI,WB_WDI_ST_INT_ARVL,audit_harmonisation_arrivees_7_pays_trends.xlsx,available,No interpolation; missing stays blank.
arrivals,Afrique du Sud,ZAF,2003,,,destination_total,tourist_arrivals,6640000.0,persons,destination_total,Common WDI destination-level series,World Bank WDI,WB_WDI_ST_INT_ARVL,audit_harmonisation_arrivees_7_pays_trends.xlsx,available,No interpolation; missing stays blank.
arrivals,Afrique du Sud,ZAF,2004,,,destination_total,tourist_arrivals,6815000.0,persons,destination_total,Common WDI destination-level series,World Bank WDI,WB_WDI_ST_INT_ARVL,audit_harmonisation_arrivees_7_pays_trends.xlsx,available,No interpolation; missing stays blank.
arrivals,Afrique du Sud,ZAF,2005,,,destination_total,tourist_arrivals,7518000.0,persons,destination_total,Common WDI destination-level series,World Bank WDI,WB_WDI_ST_INT_ARVL,audit_harmonisation_arrivees_7_pays_trends.xlsx,available,No interpolation; missing stays blank.
arrivals,Afrique du Sud,ZAF,2006,,,destination_total,tourist_arrivals,8509000.0,persons,destination_total,Common WDI destination-level series,World Bank WDI,WB_WDI_ST_INT_ARVL,audit_harmonisation_arrivees_7_pays_trends.xlsx,available,No interpolation; missing stays blank.
arrivals,Afrique du Sud,ZAF,2007,,,destination_total,tourist_arrivals,9208000.0,persons,destination_total,Common WDI destination-level series,World Bank WDI,WB_WDI_ST_INT_ARVL,audit_harmonisation_arrivees_7_pays_trends.xlsx,available,No interpolation; missing stays blank.
arrivals,Afrique du Sud,ZAF,2008,,,destination_total,tourist_arrivals,9729000.0,persons,destination_total,Common WDI destination-level series,World Bank WDI,WB_WDI_ST_INT_ARVL,audit_harmonisation_arrivees_7_pays_trends.xlsx,available,No interpolation; missing stays blank.
arrivals,Afrique du Sud,ZAF,2009,,,destination_total,tourist_arrivals,9532000.0,persons,destination_total,Common WDI destination-level series,World Bank WDI,WB_WDI_ST_INT_ARVL,audit_harmonisation_arrivees_7_pays_trends.xlsx,available,No interpolation; missing stays blank.
arrivals,Afrique du Sud,ZAF,2010,,,destination_total,tourist_arrivals,11303000.0,persons,destination_total,Common WDI destination-level series,World Bank WDI,WB_WDI_ST_INT_ARVL,audit_harmonisation_arrivees_7_pays_trends.xlsx,available,No interpolation; missing stays blank.
arrivals,Afrique du Sud,ZAF,2011,,,destination_total,tourist_arrivals,12097000.0,persons,destination_total,Common WDI destination-level series,World Bank WDI,WB_WDI_ST_INT_ARVL,audit_harmonisation_arrivees_7_pays_trends.xlsx,available,No interpolation; missing stays blank.
arrivals,Afrique du Sud,ZAF,2012,,,destination_total,tourist_arrivals,13069000.0,persons,destination_total,Common WDI destination-level series,World Bank WDI,WB_WDI_ST_INT_ARVL,audit_harmonisation_arrivees_7_pays_trends.xlsx,available,No interpolation; missing stays blank.
arrivals,Afrique du Sud,ZAF,2013,,,destination_total,tourist_arrivals,14318000.0,persons,destination_total,Common WDI destination-level series,World Bank WDI,WB_WDI_ST_INT_ARVL,audit_harmonisation_arrivees_7_pays_trends.xlsx,available,No interpolation; missing stays blank.
arrivals,Afrique du Sud,ZAF,2014,,,destination_total,tourist_arrivals,14530000.0,persons,destination_total,Common WDI destination-level series,World Bank WDI,WB_WDI_ST_INT_ARVL,audit_harmonisation_arrivees_7_pays_trends.xlsx,available,No interpolation; missing stays blank.
arrivals,Afrique du Sud,ZAF,2015,,,destination_total,tourist_arrivals,13952000.0,persons,destination_total,Common WDI destination-level series,World Bank WDI,WB_WDI_ST_INT_ARVL,audit_harmonisation_arrivees_7_pays_trends.xlsx,available,No interpolation; missing stays blank.
arrivals,Afrique du Sud,ZAF,2016,,,destination_total,tourist_arrivals,15121000.0,persons,destination_total,Common WDI destination-level series,World Bank WDI,WB_WDI_ST_INT_ARVL,audit_harmonisation_arrivees_7_pays_trends.xlsx,available,No interpolation; missing stays blank.
arrivals,Afrique du Sud,ZAF,2017,,,destination_total,tourist_arrivals,14975000.0,persons,destination_total,Common WDI destination-level series,World Bank WDI,WB_WDI_ST_INT_ARVL,audit_harmonisation_arrivees_7_pays_trends.xlsx,available,No interpolation; missing stays blank.
arrivals,Afrique du Sud,ZAF,2018,,,destination_total,tourist_arrivals,15004000.0,persons,destination_total,Common WDI destination-level series,World Bank WDI,WB_WDI_ST_INT_ARVL,audit_harmonisation_arrivees_7_pays_trends.xlsx,available,No interpolation; missing stays blank.
arrivals,Afrique du Sud,ZAF,2019,,,destination_total,tourist_arrivals,14797000.0,persons,destination_total,Common WDI destination-level series,World Bank WDI,WB_WDI_ST_INT_ARVL,audit_harmonisation_arrivees_7_pays_trends.xlsx,available,No interpolation; missing stays blank.
arrivals,Afrique du Sud,ZAF,2020,,,destination_total,tourist_arrivals,3886600.09765625,persons,destination_total,Common WDI destination-level series,World Bank WDI,WB_WDI_ST_INT_ARVL,audit_harmonisation_arrivees_7_pays_trends.xlsx,available,No interpolation; missing stays blank.
arrivals,Égypte,EGY,1995,,,destination_total,tourist_arrivals,3133000.0,persons,destination_total,Common WDI destination-level series,World Bank WDI,WB_WDI_ST_INT_ARVL,audit_harmonisation_arrivees_7_pays_trends.xlsx,available,No interpolation; missing stays blank.
arrivals,Égypte,EGY,1996,,,destination_total,tourist_arrivals,3896000.0,persons,destination_total,Common WDI destination-level series,World Bank WDI,WB_WDI_ST_INT_ARVL,audit_harmonisation_arrivees_7_pays_trends.xlsx,available,No interpolation; missing stays blank.
arrivals,Égypte,EGY,1997,,,destination_total,tourist_arrivals,3961000.0,persons,destination_total,Common WDI destination-level series,World Bank WDI,WB_WDI_ST_INT_ARVL,audit_harmonisation_arrivees_7_pays_trends.xlsx,available,No interpolation; missing stays blank.
arrivals,Égypte,EGY,1998,,,destination_total,tourist_arrivals,3454000.0,persons,destination_total,Common WDI destination-level series,World Bank WDI,WB_WDI_ST_INT_ARVL,audit_harmonisation_arrivees_7_pays_trends.xlsx,available,No interpolation; missing stays blank.
arrivals,Égypte,EGY,1999,,,destination_total,tourist_arrivals,4797000.0,persons,destination_total,Common WDI destination-level series,World Bank WDI,WB_WDI_ST_INT_ARVL,audit_harmonisation_arrivees_7_pays_trends.xlsx,available,No interpolation; missing stays blank.
arrivals,Égypte,EGY,2000,,,destination_total,tourist_arrivals,5506000.0,persons,destination_total,Common WDI destination-level series,World Bank WDI,WB_WDI_ST_INT_ARVL,audit_harmonisation_arrivees_7_pays_trends.xlsx,available,No interpolation; missing stays blank.
arrivals,Égypte,EGY,2001,,,destination_total,tourist_arrivals,4648000.0,persons,destination_total,Common WDI destination-level series,World Bank WDI,WB_WDI_ST_INT_ARVL,audit_harmonisation_arrivees_7_pays_trends.xlsx,available,No interpolation; missing stays blank.
arrivals,Égypte,EGY,2002,,,destination_total,tourist_arrivals,5192000.0,persons,destination_total,Common WDI destination-level series,World Bank WDI,WB_WDI_ST_INT_ARVL,audit_harmonisation_arrivees_7_pays_trends.xlsx,available,No interpolation; missing stays blank.
arrivals,Égypte,EGY,2003,,,destination_total,tourist_arrivals,6044000.0,persons,destination_total,Common WDI destination-level series,World Bank WDI,WB_WDI_ST_INT_ARVL,audit_harmonisation_arrivees_7_pays_trends.xlsx,available,No interpolation; missing stays blank.
arrivals,Égypte,EGY,2004,,,destination_total,tourist_arrivals,8104000.0,persons,destination_total,Common WDI destination-level series,World Bank WDI,WB_WDI_ST_INT_ARVL,audit_harmonisation_arrivees_7_pays_trends.xlsx,available,No interpolation; missing stays blank.
arrivals,Égypte,EGY,2005,,,destination_total,tourist_arrivals,8608000.0,persons,destination_total,Common WDI destination-level series,World Bank WDI,WB_WDI_ST_INT_ARVL,audit_harmonisation_arrivees_7_pays_trends.xlsx,available,No interpolation; missing stays blank.
arrivals,Égypte,EGY,2006,,,destination_total,tourist_arrivals,9083000.0,persons,destination_total,Common WDI destination-level series,World Bank WDI,WB_WDI_ST_INT_ARVL,audit_harmonisation_arrivees_7_pays_trends.xlsx,available,No interpolation; missing stays blank.
arrivals,Égypte,EGY,2007,,,destination_total,tourist_arrivals,11091000.0,persons,destination_total,Common WDI destination-level series,World Bank WDI,WB_WDI_ST_INT_ARVL,audit_harmonisation_arrivees_7_pays_trends.xlsx,available,No interpolation; missing stays blank.
arrivals,Égypte,EGY,2008,,,destination_total,tourist_arrivals,12835000.0,persons,destination_total,Common WDI destination-level series,World Bank WDI,WB_WDI_ST_INT_ARVL,audit_harmonisation_arrivees_7_pays_trends.xlsx,available,No interpolation; missing stays blank.
arrivals,Égypte,EGY,2009,,,destination_total,tourist_arrivals,12536000.0,persons,destination_total,Common WDI destination-level series,World Bank WDI,WB_WDI_ST_INT_ARVL,audit_harmonisation_arrivees_7_pays_trends.xlsx,available,No interpolation; missing stays blank.
arrivals,Égypte,EGY,2010,,,destination_total,tourist_arrivals,14731000.0,persons,destination_total,Common WDI destination-level series,World Bank WDI,WB_WDI_ST_INT_ARVL,audit_harmonisation_arrivees_7_pays_trends.xlsx,available,No interpolation; missing stays blank.
arrivals,Égypte,EGY,2011,,,destination_total,tourist_arrivals,9845000.0,persons,destination_total,Common WDI destination-level series,World Bank WDI,WB_WDI_ST_INT_ARVL,audit_harmonisation_arrivees_7_pays_trends.xlsx,available,No interpolation; missing stays blank.
arrivals,Égypte,EGY,2012,,,destination_total,tourist_arrivals,11532000.0,persons,destination_total,Common WDI destination-level series,World Bank WDI,WB_WDI_ST_INT_ARVL,audit_harmonisation_arrivees_7_pays_trends.xlsx,available,No interpolation; missing stays blank.
arrivals,Égypte,EGY,2013,,,destination_total,tourist_arrivals,9464000.0,persons,destination_total,Common WDI destination-level series,World Bank WDI,WB_WDI_ST_INT_ARVL,audit_harmonisation_arrivees_7_pays_trends.xlsx,available,No interpolation; missing stays blank.
arrivals,Égypte,EGY,2014,,,destination_total,tourist_arrivals,9878000.0,persons,destination_total,Common WDI destination-level series,World Bank WDI,WB_WDI_ST_INT_ARVL,audit_harmonisation_arrivees_7_pays_trends.xlsx,available,No interpolation; missing stays blank.
arrivals,Égypte,EGY,2015,,,destination_total,tourist_arrivals,9328000.0,persons,destination_total,Common WDI destination-level series,World Bank WDI,WB_WDI_ST_INT_ARVL,audit_harmonisation_arrivees_7_pays_trends.xlsx,available,No interpolation; missing stays blank.
arrivals,Égypte,EGY,2016,,,destination_total,tourist_arrivals,5399000.0,persons,destination_total,Common WDI destination-level series,World Bank WDI,WB_WDI_ST_INT_ARVL,audit_harmonisation_arrivees_7_pays_trends.xlsx,available,No interpolation; missing stays blank.
arrivals,Égypte,EGY,2017,,,destination_total,tourist_arrivals,8292000.0,persons,destination_total,Common WDI destination-level series,World Bank WDI,WB_WDI_ST_INT_ARVL,audit_harmonisation_arrivees_7_pays_trends.xlsx,available,No interpolation; missing stays blank.
arrivals,Égypte,EGY,2018,,,destination_total,tourist_arrivals,11346000.0,persons,destination_total,Common WDI destination-level series,World Bank WDI,WB_WDI_ST_INT_ARVL,audit_harmonisation_arrivees_7_pays_trends.xlsx,available,No interpolation; missing stays blank.
arrivals,Égypte,EGY,2019,,,destination_total,tourist_arrivals,13026000.0,persons,destination_total,Common WDI destination-level series,World Bank WDI,WB_WDI_ST_INT_ARVL,audit_harmonisation_arrivees_7_pays_trends.xlsx,available,No interpolation; missing stays blank.
arrivals,Égypte,EGY,2020,,,destination_total,tourist_arrivals,,persons,destination_total,Common WDI destination-level series,World Bank WDI,WB_WDI_ST_INT_ARVL,audit_harmonisation_arrivees_7_pays_trends.xlsx,missing_in_source,No interpolation; missing stays blank.
arrivals,Maurice,MUS,1995,,,destination_total,tourist_arrivals,437000.0,persons,destination_total,Common WDI destination-level series,World Bank WDI,WB_WDI_ST_INT_ARVL,audit_harmonisation_arrivees_7_pays_trends.xlsx,available,No interpolation; missing stays blank.
arrivals,Maurice,MUS,1996,,,destination_total,tourist_arrivals,509000.0,persons,destination_total,Common WDI destination-level series,World Bank WDI,WB_WDI_ST_INT_ARVL,audit_harmonisation_arrivees_7_pays_trends.xlsx,available,No interpolation; missing stays blank.
arrivals,Maurice,MUS,1997,,,destination_total,tourist_arrivals,558000.0,persons,destination_total,Common WDI destination-level series,World Bank WDI,WB_WDI_ST_INT_ARVL,audit_harmonisation_arrivees_7_pays_trends.xlsx,available,No interpolation; missing stays blank.
arrivals,Maurice,MUS,1998,,,destination_total,tourist_arrivals,579000.0,persons,destination_total,Common WDI destination-level series,World Bank WDI,WB_WDI_ST_INT_ARVL,audit_harmonisation_arrivees_7_pays_trends.xlsx,available,No interpolation; missing stays blank.
arrivals,Maurice,MUS,1999,,,destination_total,tourist_arrivals,600000.0,persons,destination_total,Common WDI destination-level series,World Bank WDI,WB_WDI_ST_INT_ARVL,audit_harmonisation_arrivees_7_pays_trends.xlsx,available,No interpolation; missing stays blank.
arrivals,Maurice,MUS,2000,,,destination_total,tourist_arrivals,678000.0,persons,destination_total,Common WDI destination-level series,World Bank WDI,WB_WDI_ST_INT_ARVL,audit_harmonisation_arrivees_7_pays_trends.xlsx,available,No interpolation; missing stays blank.
arrivals,Maurice,MUS,2001,,,destination_total,tourist_arrivals,675000.0,persons,destination_total,Common WDI destination-level series,World Bank WDI,WB_WDI_ST_INT_ARVL,audit_harmonisation_arrivees_7_pays_trends.xlsx,available,No interpolation; missing stays blank.
arrivals,Maurice,MUS,2002,,,destination_total,tourist_arrivals,709000.0,persons,destination_total,Common WDI destination-level series,World Bank WDI,WB_WDI_ST_INT_ARVL,audit_harmonisation_arrivees_7_pays_trends.xlsx,available,No interpolation; missing stays blank.
arrivals,Maurice,MUS,2003,,,destination_total,tourist_arrivals,721000.0,persons,destination_total,Common WDI destination-level series,World Bank WDI,WB_WDI_ST_INT_ARVL,audit_harmonisation_arrivees_7_pays_trends.xlsx,available,No interpolation; missing stays blank.
arrivals,Maurice,MUS,2004,,,destination_total,tourist_arrivals,739000.0,persons,destination_total,Common WDI destination-level series,World Bank WDI,WB_WDI_ST_INT_ARVL,audit_harmonisation_arrivees_7_pays_trends.xlsx,available,No interpolation; missing stays blank.
arrivals,Maurice,MUS,2005,,,destination_total,tourist_arrivals,782000.0,persons,destination_total,Common WDI destination-level series,World Bank WDI,WB_WDI_ST_INT_ARVL,audit_harmonisation_arrivees_7_pays_trends.xlsx,available,No interpolation; missing stays blank.
arrivals,Maurice,MUS,2006,,,destination_total,tourist_arrivals,807000.0,persons,destination_total,Common WDI destination-level series,World Bank WDI,WB_WDI_ST_INT_ARVL,audit_harmonisation_arrivees_7_pays_trends.xlsx,available,No interpolation; missing stays blank.
arrivals,Maurice,MUS,2007,,,destination_total,tourist_arrivals,933000.0,persons,destination_total,Common WDI destination-level series,World Bank WDI,WB_WDI_ST_INT_ARVL,audit_harmonisation_arrivees_7_pays_trends.xlsx,available,No interpolation; missing stays blank.
arrivals,Maurice,MUS,2008,,,destination_total,tourist_arrivals,970000.0,persons,destination_total,Common WDI destination-level series,World Bank WDI,WB_WDI_ST_INT_ARVL,audit_harmonisation_arrivees_7_pays_trends.xlsx,available,No interpolation; missing stays blank.
arrivals,Maurice,MUS,2009,,,destination_total,tourist_arrivals,890000.0,persons,destination_total,Common WDI destination-level series,World Bank WDI,WB_WDI_ST_INT_ARVL,audit_harmonisation_arrivees_7_pays_trends.xlsx,available,No interpolation; missing stays blank.
arrivals,Maurice,MUS,2010,,,destination_total,tourist_arrivals,956000.0,persons,destination_total,Common WDI destination-level series,World Bank WDI,WB_WDI_ST_INT_ARVL,audit_harmonisation_arrivees_7_pays_trends.xlsx,available,No interpolation; missing stays blank.
arrivals,Maurice,MUS,2011,,,destination_total,tourist_arrivals,983000.0,persons,destination_total,Common WDI destination-level series,World Bank WDI,WB_WDI_ST_INT_ARVL,audit_harmonisation_arrivees_7_pays_trends.xlsx,available,No interpolation; missing stays blank.
arrivals,Maurice,MUS,2012,,,destination_total,tourist_arrivals,984000.0,persons,destination_total,Common WDI destination-level series,World Bank WDI,WB_WDI_ST_INT_ARVL,audit_harmonisation_arrivees_7_pays_trends.xlsx,available,No interpolation; missing stays blank.
arrivals,Maurice,MUS,2013,,,destination_total,tourist_arrivals,1015000.0,persons,destination_total,Common WDI destination-level series,World Bank WDI,WB_WDI_ST_INT_ARVL,audit_harmonisation_arrivees_7_pays_trends.xlsx,available,No interpolation; missing stays blank.
arrivals,Maurice,MUS,2014,,,destination_total,tourist_arrivals,1065000.0,persons,destination_total,Common WDI destination-level series,World Bank WDI,WB_WDI_ST_INT_ARVL,audit_harmonisation_arrivees_7_pays_trends.xlsx,available,No interpolation; missing stays blank.
arrivals,Maurice,MUS,2015,,,destination_total,tourist_arrivals,1174000.0,persons,destination_total,Common WDI destination-level series,World Bank WDI,WB_WDI_ST_INT_ARVL,audit_harmonisation_arrivees_7_pays_trends.xlsx,available,No interpolation; missing stays blank.
arrivals,Maurice,MUS,2016,,,destination_total,tourist_arrivals,1307000.0,persons,destination_total,Common WDI destination-level series,World Bank WDI,WB_WDI_ST_INT_ARVL,audit_harmonisation_arrivees_7_pays_trends.xlsx,available,No interpolation; missing stays blank.
arrivals,Maurice,MUS,2017,,,destination_total,tourist_arrivals,1371000.0,persons,destination_total,Common WDI destination-level series,World Bank WDI,WB_WDI_ST_INT_ARVL,audit_harmonisation_arrivees_7_pays_trends.xlsx,available,No interpolation; missing stays blank.
arrivals,Maurice,MUS,2018,,,destination_total,tourist_arrivals,1431000.0,persons,destination_total,Common WDI destination-level series,World Bank WDI,WB_WDI_ST_INT_ARVL,audit_harmonisation_arrivees_7_pays_trends.xlsx,available,No interpolation; missing stays blank.
arrivals,Maurice,MUS,2019,,,destination_total,tourist_arrivals,1418000.0,persons,destination_total,Common WDI destination-level series,World Bank WDI,WB_WDI_ST_INT_ARVL,audit_harmonisation_arrivees_7_pays_trends.xlsx,available,No interpolation; missing stays blank.
arrivals,Maurice,MUS,2020,,,destination_total,tourist_arrivals,316000.0,persons,destination_total,Common WDI destination-level series,World Bank WDI,WB_WDI_ST_INT_ARVL,audit_harmonisation_arrivees_7_pays_trends.xlsx,available,No interpolation; missing stays blank.
arrivals,Tanzanie,TZA,1995,,,destination_total,tourist_arrivals,295000.0,persons,destination_total,Common WDI destination-level series,World Bank WDI,WB_WDI_ST_INT_ARVL,audit_harmonisation_arrivees_7_pays_trends.xlsx,available,No interpolation; missing stays blank.
arrivals,Tanzanie,TZA,1996,,,destination_total,tourist_arrivals,326000.0,persons,destination_total,Common WDI destination-level series,World Bank WDI,WB_WDI_ST_INT_ARVL,audit_harmonisation_arrivees_7_pays_trends.xlsx,available,No interpolation; missing stays blank.
arrivals,Tanzanie,TZA,1997,,,destination_total,tourist_arrivals,360000.0,persons,destination_total,Common WDI destination-level series,World Bank WDI,WB_WDI_ST_INT_ARVL,audit_harmonisation_arrivees_7_pays_trends.xlsx,available,No interpolation; missing stays blank.
arrivals,Tanzanie,TZA,1998,,,destination_total,tourist_arrivals,482000.0,persons,destination_total,Common WDI destination-level series,World Bank WDI,WB_WDI_ST_INT_ARVL,audit_harmonisation_arrivees_7_pays_trends.xlsx,available,No interpolation; missing stays blank.
arrivals,Tanzanie,TZA,1999,,,destination_total,tourist_arrivals,627000.0,persons,destination_total,Common WDI destination-level series,World Bank WDI,WB_WDI_ST_INT_ARVL,audit_harmonisation_arrivees_7_pays_trends.xlsx,available,No interpolation; missing stays blank.
arrivals,Tanzanie,TZA,2000,,,destination_total,tourist_arrivals,501000.0,persons,destination_total,Common WDI destination-level series,World Bank WDI,WB_WDI_ST_INT_ARVL,audit_harmonisation_arrivees_7_pays_trends.xlsx,available,No interpolation; missing stays blank.
arrivals,Tanzanie,TZA,2001,,,destination_total,tourist_arrivals,525000.0,persons,destination_total,Common WDI destination-level series,World Bank WDI,WB_WDI_ST_INT_ARVL,audit_harmonisation_arrivees_7_pays_trends.xlsx,available,No interpolation; missing stays blank.
arrivals,Tanzanie,TZA,2002,,,destination_total,tourist_arrivals,575000.0,persons,destination_total,Common WDI destination-level series,World Bank WDI,WB_WDI_ST_INT_ARVL,audit_harmonisation_arrivees_7_pays_trends.xlsx,available,No interpolation; missing stays blank.
arrivals,Tanzanie,TZA,2003,,,destination_total,tourist_arrivals,576000.0,persons,destination_total,Common WDI destination-level series,World Bank WDI,WB_WDI_ST_INT_ARVL,audit_harmonisation_arrivees_7_pays_trends.xlsx,available,No interpolation; missing stays blank.
arrivals,Tanzanie,TZA,2004,,,destination_total,tourist_arrivals,583000.0,persons,destination_total,Common WDI destination-level series,World Bank WDI,WB_WDI_ST_INT_ARVL,audit_harmonisation_arrivees_7_pays_trends.xlsx,available,No interpolation; missing stays blank.
arrivals,Tanzanie,TZA,2005,,,destination_total,tourist_arrivals,613000.0,persons,destination_total,Common WDI destination-level series,World Bank WDI,WB_WDI_ST_INT_ARVL,audit_harmonisation_arrivees_7_pays_trends.xlsx,available,No interpolation; missing stays blank.
arrivals,Tanzanie,TZA,2006,,,destination_total,tourist_arrivals,644000.0,persons,destination_total,Common WDI destination-level series,World Bank WDI,WB_WDI_ST_INT_ARVL,audit_harmonisation_arrivees_7_pays_trends.xlsx,available,No interpolation; missing stays blank.
arrivals,Tanzanie,TZA,2007,,,destination_total,tourist_arrivals,719000.0,persons,destination_total,Common WDI destination-level series,World Bank WDI,WB_WDI_ST_INT_ARVL,audit_harmonisation_arrivees_7_pays_trends.xlsx,available,No interpolation; missing stays blank.
arrivals,Tanzanie,TZA,2008,,,destination_total,tourist_arrivals,770000.0,persons,destination_total,Common WDI destination-level series,World Bank WDI,WB_WDI_ST_INT_ARVL,audit_harmonisation_arrivees_7_pays_trends.xlsx,available,No interpolation; missing stays blank.
arrivals,Tanzanie,TZA,2009,,,destination_total,tourist_arrivals,714000.0,persons,destination_total,Common WDI destination-level series,World Bank WDI,WB_WDI_ST_INT_ARVL,audit_harmonisation_arrivees_7_pays_trends.xlsx,available,No interpolation; missing stays blank.
arrivals,Tanzanie,TZA,2010,,,destination_total,tourist_arrivals,783000.0,persons,destination_total,Common WDI destination-level series,World Bank WDI,WB_WDI_ST_INT_ARVL,audit_harmonisation_arrivees_7_pays_trends.xlsx,available,No interpolation; missing stays blank.
arrivals,Tanzanie,TZA,2011,,,destination_total,tourist_arrivals,868000.0,persons,destination_total,Common WDI destination-level series,World Bank WDI,WB_WDI_ST_INT_ARVL,audit_harmonisation_arrivees_7_pays_trends.xlsx,available,No interpolation; missing stays blank.
arrivals,Tanzanie,TZA,2012,,,destination_total,tourist_arrivals,1077000.0,persons,destination_total,Common WDI destination-level series,World Bank WDI,WB_WDI_ST_INT_ARVL,audit_harmonisation_arrivees_7_pays_trends.xlsx,available,No interpolation; missing stays blank.
arrivals,Tanzanie,TZA,2013,,,destination_total,tourist_arrivals,1096000.0,persons,destination_total,Common WDI destination-level series,World Bank WDI,WB_WDI_ST_INT_ARVL,audit_harmonisation_arrivees_7_pays_trends.xlsx,available,No interpolation; missing stays blank.
arrivals,Tanzanie,TZA,2014,,,destination_total,tourist_arrivals,1140000.0,persons,destination_total,Common WDI destination-level series,World Bank WDI,WB_WDI_ST_INT_ARVL,audit_harmonisation_arrivees_7_pays_trends.xlsx,available,No interpolation; missing stays blank.
arrivals,Tanzanie,TZA,2015,,,destination_total,tourist_arrivals,1137000.0,persons,destination_total,Common WDI destination-level series,World Bank WDI,WB_WDI_ST_INT_ARVL,audit_harmonisation_arrivees_7_pays_trends.xlsx,available,No interpolation; missing stays blank.
arrivals,Tanzanie,TZA,2016,,,destination_total,tourist_arrivals,1284000.0,persons,destination_total,Common WDI destination-level series,World Bank WDI,WB_WDI_ST_INT_ARVL,audit_harmonisation_arrivees_7_pays_trends.xlsx,available,No interpolation; missing stays blank.
arrivals,Tanzanie,TZA,2017,,,destination_total,tourist_arrivals,1327000.0,persons,destination_total,Common WDI destination-level series,World Bank WDI,WB_WDI_ST_INT_ARVL,audit_harmonisation_arrivees_7_pays_trends.xlsx,available,No interpolation; missing stays blank.
arrivals,Tanzanie,TZA,2018,,,destination_total,tourist_arrivals,1506000.0,persons,destination_total,Common WDI destination-level series,World Bank WDI,WB_WDI_ST_INT_ARVL,audit_harmonisation_arrivees_7_pays_trends.xlsx,available,No interpolation; missing stays blank.
arrivals,Tanzanie,TZA,2019,,,destination_total,tourist_arrivals,1527000.0,persons,destination_total,Common WDI destination-level series,World Bank WDI,WB_WDI_ST_INT_ARVL,audit_harmonisation_arrivees_7_pays_trends.xlsx,available,No interpolation; missing stays blank.
arrivals,Tanzanie,TZA,2020,,,destination_total,tourist_arrivals,,persons,destination_total,Common WDI destination-level series,World Bank WDI,WB_WDI_ST_INT_ARVL,audit_harmonisation_arrivees_7_pays_trends.xlsx,missing_in_source,No interpolation; missing stays blank.
arrivals,Tunisie,TUN,1995,,,destination_total,tourist_arrivals,4120000.0,persons,destination_total,Common WDI destination-level series,World Bank WDI,WB_WDI_ST_INT_ARVL,audit_harmonisation_arrivees_7_pays_trends.xlsx,available,No interpolation; missing stays blank.
arrivals,Tunisie,TUN,1996,,,destination_total,tourist_arrivals,3885000.0,persons,destination_total,Common WDI destination-level series,World Bank WDI,WB_WDI_ST_INT_ARVL,audit_harmonisation_arrivees_7_pays_trends.xlsx,available,No interpolation; missing stays blank.
arrivals,Tunisie,TUN,1997,,,destination_total,tourist_arrivals,4263000.0,persons,destination_total,Common WDI destination-level series,World Bank WDI,WB_WDI_ST_INT_ARVL,audit_harmonisation_arrivees_7_pays_trends.xlsx,available,No interpolation; missing stays blank.
arrivals,Tunisie,TUN,1998,,,destination_total,tourist_arrivals,4718000.0,persons,destination_total,Common WDI destination-level series,World Bank WDI,WB_WDI_ST_INT_ARVL,audit_harmonisation_arrivees_7_pays_trends.xlsx,available,No interpolation; missing stays blank.
arrivals,Tunisie,TUN,1999,,,destination_total,tourist_arrivals,4832000.0,persons,destination_total,Common WDI destination-level series,World Bank WDI,WB_WDI_ST_INT_ARVL,audit_harmonisation_arrivees_7_pays_trends.xlsx,available,No interpolation; missing stays blank.
arrivals,Tunisie,TUN,2000,,,destination_total,tourist_arrivals,5058000.0,persons,destination_total,Common WDI destination-level series,World Bank WDI,WB_WDI_ST_INT_ARVL,audit_harmonisation_arrivees_7_pays_trends.xlsx,available,No interpolation; missing stays blank.
arrivals,Tunisie,TUN,2001,,,destination_total,tourist_arrivals,5387000.0,persons,destination_total,Common WDI destination-level series,World Bank WDI,WB_WDI_ST_INT_ARVL,audit_harmonisation_arrivees_7_pays_trends.xlsx,available,No interpolation; missing stays blank.
arrivals,Tunisie,TUN,2002,,,destination_total,tourist_arrivals,5064000.0,persons,destination_total,Common WDI destination-level series,World Bank WDI,WB_WDI_ST_INT_ARVL,audit_harmonisation_arrivees_7_pays_trends.xlsx,available,No interpolation; missing stays blank.
arrivals,Tunisie,TUN,2003,,,destination_total,tourist_arrivals,5114000.0,persons,destination_total,Common WDI destination-level series,World Bank WDI,WB_WDI_ST_INT_ARVL,audit_harmonisation_arrivees_7_pays_trends.xlsx,available,No interpolation; missing stays blank.
arrivals,Tunisie,TUN,2004,,,destination_total,tourist_arrivals,5998000.0,persons,destination_total,Common WDI destination-level series,World Bank WDI,WB_WDI_ST_INT_ARVL,audit_harmonisation_arrivees_7_pays_trends.xlsx,available,No interpolation; missing stays blank.
arrivals,Tunisie,TUN,2005,,,destination_total,tourist_arrivals,6378000.0,persons,destination_total,Common WDI destination-level series,World Bank WDI,WB_WDI_ST_INT_ARVL,audit_harmonisation_arrivees_7_pays_trends.xlsx,available,No interpolation; missing stays blank.
arrivals,Tunisie,TUN,2006,,,destination_total,tourist_arrivals,6550000.0,persons,destination_total,Common WDI destination-level series,World Bank WDI,WB_WDI_ST_INT_ARVL,audit_harmonisation_arrivees_7_pays_trends.xlsx,available,No interpolation; missing stays blank.
arrivals,Tunisie,TUN,2007,,,destination_total,tourist_arrivals,6762000.0,persons,destination_total,Common WDI destination-level series,World Bank WDI,WB_WDI_ST_INT_ARVL,audit_harmonisation_arrivees_7_pays_trends.xlsx,available,No interpolation; missing stays blank.
arrivals,Tunisie,TUN,2008,,,destination_total,tourist_arrivals,7050000.0,persons,destination_total,Common WDI destination-level series,World Bank WDI,WB_WDI_ST_INT_ARVL,audit_harmonisation_arrivees_7_pays_trends.xlsx,available,No interpolation; missing stays blank.
arrivals,Tunisie,TUN,2009,,,destination_total,tourist_arrivals,7797000.0,persons,destination_total,Common WDI destination-level series,World Bank WDI,WB_WDI_ST_INT_ARVL,audit_harmonisation_arrivees_7_pays_trends.xlsx,available,No interpolation; missing stays blank.
arrivals,Tunisie,TUN,2010,,,destination_total,tourist_arrivals,7828000.0,persons,destination_total,Common WDI destination-level series,World Bank WDI,WB_WDI_ST_INT_ARVL,audit_harmonisation_arrivees_7_pays_trends.xlsx,available,No interpolation; missing stays blank.
arrivals,Tunisie,TUN,2011,,,destination_total,tourist_arrivals,5746000.0,persons,destination_total,Common WDI destination-level series,World Bank WDI,WB_WDI_ST_INT_ARVL,audit_harmonisation_arrivees_7_pays_trends.xlsx,available,No interpolation; missing stays blank.
arrivals,Tunisie,TUN,2012,,,destination_total,tourist_arrivals,6999000.0,persons,destination_total,Common WDI destination-level series,World Bank WDI,WB_WDI_ST_INT_ARVL,audit_harmonisation_arrivees_7_pays_trends.xlsx,available,No interpolation; missing stays blank.
arrivals,Tunisie,TUN,2013,,,destination_total,tourist_arrivals,7352000.0,persons,destination_total,Common WDI destination-level series,World Bank WDI,WB_WDI_ST_INT_ARVL,audit_harmonisation_arrivees_7_pays_trends.xlsx,available,No interpolation; missing stays blank.
arrivals,Tunisie,TUN,2014,,,destination_total,tourist_arrivals,7163000.0,persons,destination_total,Common WDI destination-level series,World Bank WDI,WB_WDI_ST_INT_ARVL,audit_harmonisation_arrivees_7_pays_trends.xlsx,available,No interpolation; missing stays blank.
arrivals,Tunisie,TUN,2015,,,destination_total,tourist_arrivals,5359000.0,persons,destination_total,Common WDI destination-level series,World Bank WDI,WB_WDI_ST_INT_ARVL,audit_harmonisation_arrivees_7_pays_trends.xlsx,available,No interpolation; missing stays blank.
arrivals,Tunisie,TUN,2016,,,destination_total,tourist_arrivals,5724000.0,persons,destination_total,Common WDI destination-level series,World Bank WDI,WB_WDI_ST_INT_ARVL,audit_harmonisation_arrivees_7_pays_trends.xlsx,available,No interpolation; missing stays blank.
arrivals,Tunisie,TUN,2017,,,destination_total,tourist_arrivals,7052000.0,persons,destination_total,Common WDI destination-level series,World Bank WDI,WB_WDI_ST_INT_ARVL,audit_harmonisation_arrivees_7_pays_trends.xlsx,available,No interpolation; missing stays blank.
arrivals,Tunisie,TUN,2018,,,destination_total,tourist_arrivals,8299000.0,persons,destination_total,Common WDI destination-level series,World Bank WDI,WB_WDI_ST_INT_ARVL,audit_harmonisation_arrivees_7_pays_trends.xlsx,available,No interpolation; missing stays blank.
arrivals,Tunisie,TUN,2019,,,destination_total,tourist_arrivals,9429000.0,persons,destination_total,Common WDI destination-level series,World Bank WDI,WB_WDI_ST_INT_ARVL,audit_harmonisation_arrivees_7_pays_trends.xlsx,available,No interpolation; missing stays blank.
arrivals,Tunisie,TUN,2020,,,destination_total,tourist_arrivals,2012000.0,persons,destination_total,Common WDI destination-level series,World Bank WDI,WB_WDI_ST_INT_ARVL,audit_harmonisation_arrivees_7_pays_trends.xlsx,available,No interpolation; missing stays blank.
arrivals,Maroc,MAR,1995,,,destination_total,tourist_arrivals,2752000.0,persons,destination_total,Common WDI destination-level series,World Bank WDI,WB_WDI_ST_INT_ARVL,audit_harmonisation_arrivees_7_pays_trends.xlsx,available,No interpolation; missing stays blank.
arrivals,Maroc,MAR,1996,,,destination_total,tourist_arrivals,2856000.0,persons,destination_total,Common WDI destination-level series,World Bank WDI,WB_WDI_ST_INT_ARVL,audit_harmonisation_arrivees_7_pays_trends.xlsx,available,No interpolation; missing stays blank.
arrivals,Maroc,MAR,1997,,,destination_total,tourist_arrivals,3203000.0,persons,destination_total,Common WDI destination-level series,World Bank WDI,WB_WDI_ST_INT_ARVL,audit_harmonisation_arrivees_7_pays_trends.xlsx,available,No interpolation; missing stays blank.
arrivals,Maroc,MAR,1998,,,destination_total,tourist_arrivals,3267000.0,persons,destination_total,Common WDI destination-level series,World Bank WDI,WB_WDI_ST_INT_ARVL,audit_harmonisation_arrivees_7_pays_trends.xlsx,available,No interpolation; missing stays blank.
arrivals,Maroc,MAR,1999,,,destination_total,tourist_arrivals,4088000.0,persons,destination_total,Common WDI destination-level series,World Bank WDI,WB_WDI_ST_INT_ARVL,audit_harmonisation_arrivees_7_pays_trends.xlsx,available,No interpolation; missing stays blank.
arrivals,Maroc,MAR,2000,,,destination_total,tourist_arrivals,4458000.0,persons,destination_total,Common WDI destination-level series,World Bank WDI,WB_WDI_ST_INT_ARVL,audit_harmonisation_arrivees_7_pays_trends.xlsx,available,No interpolation; missing stays blank.
arrivals,Maroc,MAR,2001,,,destination_total,tourist_arrivals,4596000.0,persons,destination_total,Common WDI destination-level series,World Bank WDI,WB_WDI_ST_INT_ARVL,audit_harmonisation_arrivees_7_pays_trends.xlsx,available,No interpolation; missing stays blank.
arrivals,Maroc,MAR,2002,,,destination_total,tourist_arrivals,4709000.0,persons,destination_total,Common WDI destination-level series,World Bank WDI,WB_WDI_ST_INT_ARVL,audit_harmonisation_arrivees_7_pays_trends.xlsx,available,No interpolation; missing stays blank.
arrivals,Maroc,MAR,2003,,,destination_total,tourist_arrivals,5021000.0,persons,destination_total,Common WDI destination-level series,World Bank WDI,WB_WDI_ST_INT_ARVL,audit_harmonisation_arrivees_7_pays_trends.xlsx,available,No interpolation; missing stays blank.
arrivals,Maroc,MAR,2004,,,destination_total,tourist_arrivals,5732000.0,persons,destination_total,Common WDI destination-level series,World Bank WDI,WB_WDI_ST_INT_ARVL,audit_harmonisation_arrivees_7_pays_trends.xlsx,available,No interpolation; missing stays blank.
arrivals,Maroc,MAR,2005,,,destination_total,tourist_arrivals,6077000.0,persons,destination_total,Common WDI destination-level series,World Bank WDI,WB_WDI_ST_INT_ARVL,audit_harmonisation_arrivees_7_pays_trends.xlsx,available,No interpolation; missing stays blank.
arrivals,Maroc,MAR,2006,,,destination_total,tourist_arrivals,6777000.0,persons,destination_total,Common WDI destination-level series,World Bank WDI,WB_WDI_ST_INT_ARVL,audit_harmonisation_arrivees_7_pays_trends.xlsx,available,No interpolation; missing stays blank.
arrivals,Maroc,MAR,2007,,,destination_total,tourist_arrivals,7701000.0,persons,destination_total,Common WDI destination-level series,World Bank WDI,WB_WDI_ST_INT_ARVL,audit_harmonisation_arrivees_7_pays_trends.xlsx,available,No interpolation; missing stays blank.
arrivals,Maroc,MAR,2008,,,destination_total,tourist_arrivals,8209000.0,persons,destination_total,Common WDI destination-level series,World Bank WDI,WB_WDI_ST_INT_ARVL,audit_harmonisation_arrivees_7_pays_trends.xlsx,available,No interpolation; missing stays blank.
arrivals,Maroc,MAR,2009,,,destination_total,tourist_arrivals,8661000.0,persons,destination_total,Common WDI destination-level series,World Bank WDI,WB_WDI_ST_INT_ARVL,audit_harmonisation_arrivees_7_pays_trends.xlsx,available,No interpolation; missing stays blank.
arrivals,Maroc,MAR,2010,,,destination_total,tourist_arrivals,9752000.0,persons,destination_total,Common WDI destination-level series,World Bank WDI,WB_WDI_ST_INT_ARVL,audit_harmonisation_arrivees_7_pays_trends.xlsx,available,No interpolation; missing stays blank.
arrivals,Maroc,MAR,2011,,,destination_total,tourist_arrivals,9784000.0,persons,destination_total,Common WDI destination-level series,World Bank WDI,WB_WDI_ST_INT_ARVL,audit_harmonisation_arrivees_7_pays_trends.xlsx,available,No interpolation; missing stays blank.
arrivals,Maroc,MAR,2012,,,destination_total,tourist_arrivals,9830000.0,persons,destination_total,Common WDI destination-level series,World Bank WDI,WB_WDI_ST_INT_ARVL,audit_harmonisation_arrivees_7_pays_trends.xlsx,available,No interpolation; missing stays blank.
arrivals,Maroc,MAR,2013,,,destination_total,tourist_arrivals,10349000.0,persons,destination_total,Common WDI destination-level series,World Bank WDI,WB_WDI_ST_INT_ARVL,audit_harmonisation_arrivees_7_pays_trends.xlsx,available,No interpolation; missing stays blank.
arrivals,Maroc,MAR,2014,,,destination_total,tourist_arrivals,10507000.0,persons,destination_total,Common WDI destination-level series,World Bank WDI,WB_WDI_ST_INT_ARVL,audit_harmonisation_arrivees_7_pays_trends.xlsx,available,No interpolation; missing stays blank.
arrivals,Maroc,MAR,2015,,,destination_total,tourist_arrivals,10542000.0,persons,destination_total,Common WDI destination-level series,World Bank WDI,WB_WDI_ST_INT_ARVL,audit_harmonisation_arrivees_7_pays_trends.xlsx,available,No interpolation; missing stays blank.
arrivals,Maroc,MAR,2016,,,destination_total,tourist_arrivals,10677000.0,persons,destination_total,Common WDI destination-level series,World Bank WDI,WB_WDI_ST_INT_ARVL,audit_harmonisation_arrivees_7_pays_trends.xlsx,available,No interpolation; missing stays blank.
arrivals,Maroc,MAR,2017,,,destination_total,tourist_arrivals,11540000.0,persons,destination_total,Common WDI destination-level series,World Bank WDI,WB_WDI_ST_INT_ARVL,audit_harmonisation_arrivees_7_pays_trends.xlsx,available,No interpolation; missing stays blank.
arrivals,Maroc,MAR,2018,,,destination_total,tourist_arrivals,12489000.0,persons,destination_total,Common WDI destination-level series,World Bank WDI,WB_WDI_ST_INT_ARVL,audit_harmonisation_arrivees_7_pays_trends.xlsx,available,No interpolation; missing stays blank.
arrivals,Maroc,MAR,2019,,,destination_total,tourist_arrivals,13109000.0,persons,destination_total,Common WDI destination-level series,World Bank WDI,WB_WDI_ST_INT_ARVL,audit_harmonisation_arrivees_7_pays_trends.xlsx,available,No interpolation; missing stays blank.
arrivals,Maroc,MAR,2020,,,destination_total,tourist_arrivals,2802000.0,persons,destination_total,Common WDI destination-level series,World Bank WDI,WB_WDI_ST_INT_ARVL,audit_harmonisation_arrivees_7_pays_trends.xlsx,available,No interpolation; missing stays blank.
arrivals,Kenya,KEN,1995,,,destination_total,tourist_arrivals,974000.0,persons,destination_total,Common WDI destination-level series,World Bank WDI,WB_WDI_ST_INT_ARVL,audit_harmonisation_arrivees_7_pays_trends.xlsx,available,No interpolation; missing stays blank.
arrivals,Kenya,KEN,1996,,,destination_total,tourist_arrivals,1003000.0,persons,destination_total,Common WDI destination-level series,World Bank WDI,WB_WDI_ST_INT_ARVL,audit_harmonisation_arrivees_7_pays_trends.xlsx,available,No interpolation; missing stays blank.
arrivals,Kenya,KEN,1997,,,destination_total,tourist_arrivals,1001000.0,persons,destination_total,Common WDI destination-level series,World Bank WDI,WB_WDI_ST_INT_ARVL,audit_harmonisation_arrivees_7_pays_trends.xlsx,available,No interpolation; missing stays blank.
arrivals,Kenya,KEN,1998,,,destination_total,tourist_arrivals,894000.0,persons,destination_total,Common WDI destination-level series,World Bank WDI,WB_WDI_ST_INT_ARVL,audit_harmonisation_arrivees_7_pays_trends.xlsx,available,No interpolation; missing stays blank.
arrivals,Kenya,KEN,1999,,,destination_total,tourist_arrivals,969000.0,persons,destination_total,Common WDI destination-level series,World Bank WDI,WB_WDI_ST_INT_ARVL,audit_harmonisation_arrivees_7_pays_trends.xlsx,available,No interpolation; missing stays blank.
arrivals,Kenya,KEN,2000,,,destination_total,tourist_arrivals,1037000.0,persons,destination_total,Common WDI destination-level series,World Bank WDI,WB_WDI_ST_INT_ARVL,audit_harmonisation_arrivees_7_pays_trends.xlsx,available,No interpolation; missing stays blank.
arrivals,Kenya,KEN,2001,,,destination_total,tourist_arrivals,994000.0,persons,destination_total,Common WDI destination-level series,World Bank WDI,WB_WDI_ST_INT_ARVL,audit_harmonisation_arrivees_7_pays_trends.xlsx,available,No interpolation; missing stays blank.
arrivals,Kenya,KEN,2002,,,destination_total,tourist_arrivals,1001000.0,persons,destination_total,Common WDI destination-level series,World Bank WDI,WB_WDI_ST_INT_ARVL,audit_harmonisation_arrivees_7_pays_trends.xlsx,available,No interpolation; missing stays blank.
arrivals,Kenya,KEN,2003,,,destination_total,tourist_arrivals,1146000.0,persons,destination_total,Common WDI destination-level series,World Bank WDI,WB_WDI_ST_INT_ARVL,audit_harmonisation_arrivees_7_pays_trends.xlsx,available,No interpolation; missing stays blank.
arrivals,Kenya,KEN,2004,,,destination_total,tourist_arrivals,1361000.0,persons,destination_total,Common WDI destination-level series,World Bank WDI,WB_WDI_ST_INT_ARVL,audit_harmonisation_arrivees_7_pays_trends.xlsx,available,No interpolation; missing stays blank.
arrivals,Kenya,KEN,2005,,,destination_total,tourist_arrivals,1479000.0,persons,destination_total,Common WDI destination-level series,World Bank WDI,WB_WDI_ST_INT_ARVL,audit_harmonisation_arrivees_7_pays_trends.xlsx,available,No interpolation; missing stays blank.
arrivals,Kenya,KEN,2006,,,destination_total,tourist_arrivals,1601000.0,persons,destination_total,Common WDI destination-level series,World Bank WDI,WB_WDI_ST_INT_ARVL,audit_harmonisation_arrivees_7_pays_trends.xlsx,available,No interpolation; missing stays blank.
arrivals,Kenya,KEN,2007,,,destination_total,tourist_arrivals,1817000.0,persons,destination_total,Common WDI destination-level series,World Bank WDI,WB_WDI_ST_INT_ARVL,audit_harmonisation_arrivees_7_pays_trends.xlsx,available,No interpolation; missing stays blank.
arrivals,Kenya,KEN,2008,,,destination_total,tourist_arrivals,1203000.0,persons,destination_total,Common WDI destination-level series,World Bank WDI,WB_WDI_ST_INT_ARVL,audit_harmonisation_arrivees_7_pays_trends.xlsx,available,No interpolation; missing stays blank.
arrivals,Kenya,KEN,2009,,,destination_total,tourist_arrivals,1490000.0,persons,destination_total,Common WDI destination-level series,World Bank WDI,WB_WDI_ST_INT_ARVL,audit_harmonisation_arrivees_7_pays_trends.xlsx,available,No interpolation; missing stays blank.
arrivals,Kenya,KEN,2010,,,destination_total,tourist_arrivals,1609000.0,persons,destination_total,Common WDI destination-level series,World Bank WDI,WB_WDI_ST_INT_ARVL,audit_harmonisation_arrivees_7_pays_trends.xlsx,available,No interpolation; missing stays blank.
arrivals,Kenya,KEN,2011,,,destination_total,tourist_arrivals,1823000.0,persons,destination_total,Common WDI destination-level series,World Bank WDI,WB_WDI_ST_INT_ARVL,audit_harmonisation_arrivees_7_pays_trends.xlsx,available,No interpolation; missing stays blank.
arrivals,Kenya,KEN,2012,,,destination_total,tourist_arrivals,1711000.0,persons,destination_total,Common WDI destination-level series,World Bank WDI,WB_WDI_ST_INT_ARVL,audit_harmonisation_arrivees_7_pays_trends.xlsx,available,No interpolation; missing stays blank.
arrivals,Kenya,KEN,2013,,,destination_total,tourist_arrivals,1520000.0,persons,destination_total,Common WDI destination-level series,World Bank WDI,WB_WDI_ST_INT_ARVL,audit_harmonisation_arrivees_7_pays_trends.xlsx,available,No interpolation; missing stays blank.
arrivals,Kenya,KEN,2014,,,destination_total,tourist_arrivals,1350000.0,persons,destination_total,Common WDI destination-level series,World Bank WDI,WB_WDI_ST_INT_ARVL,audit_harmonisation_arrivees_7_pays_trends.xlsx,available,No interpolation; missing stays blank.
arrivals,Kenya,KEN,2015,,,destination_total,tourist_arrivals,1181000.0,persons,destination_total,Common WDI destination-level series,World Bank WDI,WB_WDI_ST_INT_ARVL,audit_harmonisation_arrivees_7_pays_trends.xlsx,available,No interpolation; missing stays blank.
arrivals,Kenya,KEN,2016,,,destination_total,tourist_arrivals,1340000.0,persons,destination_total,Common WDI destination-level series,World Bank WDI,WB_WDI_ST_INT_ARVL,audit_harmonisation_arrivees_7_pays_trends.xlsx,available,No interpolation; missing stays blank.
arrivals,Kenya,KEN,2017,,,destination_total,tourist_arrivals,1449000.0,persons,destination_total,Common WDI destination-level series,World Bank WDI,WB_WDI_ST_INT_ARVL,audit_harmonisation_arrivees_7_pays_trends.xlsx,available,No interpolation; missing stays blank.
arrivals,Kenya,KEN,2018,,,destination_total,tourist_arrivals,2025000.0,persons,destination_total,Common WDI destination-level series,World Bank WDI,WB_WDI_ST_INT_ARVL,audit_harmonisation_arrivees_7_pays_trends.xlsx,available,No interpolation; missing stays blank.
arrivals,Kenya,KEN,2019,,,destination_total,tourist_arrivals,2049000.0,persons,destination_total,Common WDI destination-level series,World Bank WDI,WB_WDI_ST_INT_ARVL,audit_harmonisation_arrivees_7_pays_trends.xlsx,available,No interpolation; missing stays blank.
arrivals,Kenya,KEN,2020,,,destination_total,tourist_arrivals,,persons,destination_total,Common WDI destination-level series,World Bank WDI,WB_WDI_ST_INT_ARVL,audit_harmonisation_arrivees_7_pays_trends.xlsx,missing_in_source,No interpolation; missing stays blank.
receipts,Maroc,MAR,1995,,,destination_total,tourism_receipts,1469000000.0,current_USD,destination_total,Common WDI destination-level series,World Bank WDI,WB_WDI_ST_INT_RCPT_CD,audit_harmonisation_recettes_7_pays_trends.xlsx,available,Valeur WDI conservée telle que publiée; aucune interpolation.
receipts,Maroc,MAR,1996,,,destination_total,tourism_receipts,1857000000.0,current_USD,destination_total,Common WDI destination-level series,World Bank WDI,WB_WDI_ST_INT_RCPT_CD,audit_harmonisation_recettes_7_pays_trends.xlsx,available,Valeur WDI conservée telle que publiée; aucune interpolation.
receipts,Maroc,MAR,1997,,,destination_total,tourism_receipts,1649000000.0,current_USD,destination_total,Common WDI destination-level series,World Bank WDI,WB_WDI_ST_INT_RCPT_CD,audit_harmonisation_recettes_7_pays_trends.xlsx,available,Valeur WDI conservée telle que publiée; aucune interpolation.
receipts,Maroc,MAR,1998,,,destination_total,tourism_receipts,1934000000.0,current_USD,destination_total,Common WDI destination-level series,World Bank WDI,WB_WDI_ST_INT_RCPT_CD,audit_harmonisation_recettes_7_pays_trends.xlsx,available,Valeur WDI conservée telle que publiée; aucune interpolation.
receipts,Maroc,MAR,1999,,,destination_total,tourism_receipts,2177000000.0,current_USD,destination_total,Common WDI destination-level series,World Bank WDI,WB_WDI_ST_INT_RCPT_CD,audit_harmonisation_recettes_7_pays_trends.xlsx,available,Valeur WDI conservée telle que publiée; aucune interpolation.
receipts,Maroc,MAR,2000,,,destination_total,tourism_receipts,2280000000.0,current_USD,destination_total,Common WDI destination-level series,World Bank WDI,WB_WDI_ST_INT_RCPT_CD,audit_harmonisation_recettes_7_pays_trends.xlsx,available,Valeur WDI conservée telle que publiée; aucune interpolation.
receipts,Maroc,MAR,2001,,,destination_total,tourism_receipts,2966000000.0,current_USD,destination_total,Common WDI destination-level series,World Bank WDI,WB_WDI_ST_INT_RCPT_CD,audit_harmonisation_recettes_7_pays_trends.xlsx,available,Valeur WDI conservée telle que publiée; aucune interpolation.
receipts,Maroc,MAR,2002,,,destination_total,tourism_receipts,3157000000.0,current_USD,destination_total,Common WDI destination-level series,World Bank WDI,WB_WDI_ST_INT_RCPT_CD,audit_harmonisation_recettes_7_pays_trends.xlsx,available,Valeur WDI conservée telle que publiée; aucune interpolation.
receipts,Maroc,MAR,2003,,,destination_total,tourism_receipts,3802000000.0,current_USD,destination_total,Common WDI destination-level series,World Bank WDI,WB_WDI_ST_INT_RCPT_CD,audit_harmonisation_recettes_7_pays_trends.xlsx,available,Valeur WDI conservée telle que publiée; aucune interpolation.
receipts,Maroc,MAR,2004,,,destination_total,tourism_receipts,4540000000.0,current_USD,destination_total,Common WDI destination-level series,World Bank WDI,WB_WDI_ST_INT_RCPT_CD,audit_harmonisation_recettes_7_pays_trends.xlsx,available,Valeur WDI conservée telle que publiée; aucune interpolation.
receipts,Maroc,MAR,2005,,,destination_total,tourism_receipts,5426000000.0,current_USD,destination_total,Common WDI destination-level series,World Bank WDI,WB_WDI_ST_INT_RCPT_CD,audit_harmonisation_recettes_7_pays_trends.xlsx,available,Valeur WDI conservée telle que publiée; aucune interpolation.
receipts,Maroc,MAR,2006,,,destination_total,tourism_receipts,6900000000.0,current_USD,destination_total,Common WDI destination-level series,World Bank WDI,WB_WDI_ST_INT_RCPT_CD,audit_harmonisation_recettes_7_pays_trends.xlsx,available,Valeur WDI conservée telle que publiée; aucune interpolation.
receipts,Maroc,MAR,2007,,,destination_total,tourism_receipts,8307000000.0,current_USD,destination_total,Common WDI destination-level series,World Bank WDI,WB_WDI_ST_INT_RCPT_CD,audit_harmonisation_recettes_7_pays_trends.xlsx,available,Valeur WDI conservée telle que publiée; aucune interpolation.
receipts,Maroc,MAR,2008,,,destination_total,tourism_receipts,8885000000.0,current_USD,destination_total,Common WDI destination-level series,World Bank WDI,WB_WDI_ST_INT_RCPT_CD,audit_harmonisation_recettes_7_pays_trends.xlsx,available,Valeur WDI conservée telle que publiée; aucune interpolation.
receipts,Maroc,MAR,2009,,,destination_total,tourism_receipts,7980000000.0,current_USD,destination_total,Common WDI destination-level series,World Bank WDI,WB_WDI_ST_INT_RCPT_CD,audit_harmonisation_recettes_7_pays_trends.xlsx,available,Valeur WDI conservée telle que publiée; aucune interpolation.
receipts,Maroc,MAR,2010,,,destination_total,tourism_receipts,8176000000.0,current_USD,destination_total,Common WDI destination-level series,World Bank WDI,WB_WDI_ST_INT_RCPT_CD,audit_harmonisation_recettes_7_pays_trends.xlsx,available,Valeur WDI conservée telle que publiée; aucune interpolation.
receipts,Maroc,MAR,2011,,,destination_total,tourism_receipts,9101000000.0,current_USD,destination_total,Common WDI destination-level series,World Bank WDI,WB_WDI_ST_INT_RCPT_CD,audit_harmonisation_recettes_7_pays_trends.xlsx,available,Valeur WDI conservée telle que publiée; aucune interpolation.
receipts,Maroc,MAR,2012,,,destination_total,tourism_receipts,8491000000.0,current_USD,destination_total,Common WDI destination-level series,World Bank WDI,WB_WDI_ST_INT_RCPT_CD,audit_harmonisation_recettes_7_pays_trends.xlsx,available,Valeur WDI conservée telle que publiée; aucune interpolation.
receipts,Maroc,MAR,2013,,,destination_total,tourism_receipts,8201000000.0,current_USD,destination_total,Common WDI destination-level series,World Bank WDI,WB_WDI_ST_INT_RCPT_CD,audit_harmonisation_recettes_7_pays_trends.xlsx,available,Valeur WDI conservée telle que publiée; aucune interpolation.
receipts,Maroc,MAR,2014,,,destination_total,tourism_receipts,9070000000.0,current_USD,destination_total,Common WDI destination-level series,World Bank WDI,WB_WDI_ST_INT_RCPT_CD,audit_harmonisation_recettes_7_pays_trends.xlsx,available,Valeur WDI conservée telle que publiée; aucune interpolation.
receipts,Maroc,MAR,2015,,,destination_total,tourism_receipts,7765000000.0,current_USD,destination_total,Common WDI destination-level series,World Bank WDI,WB_WDI_ST_INT_RCPT_CD,audit_harmonisation_recettes_7_pays_trends.xlsx,available,Valeur WDI conservée telle que publiée; aucune interpolation.
receipts,Maroc,MAR,2016,,,destination_total,tourism_receipts,7922000000.0,current_USD,destination_total,Common WDI destination-level series,World Bank WDI,WB_WDI_ST_INT_RCPT_CD,audit_harmonisation_recettes_7_pays_trends.xlsx,available,Valeur WDI conservée telle que publiée; aucune interpolation.
receipts,Maroc,MAR,2017,,,destination_total,tourism_receipts,9086000000.0,current_USD,destination_total,Common WDI destination-level series,World Bank WDI,WB_WDI_ST_INT_RCPT_CD,audit_harmonisation_recettes_7_pays_trends.xlsx,available,Valeur WDI conservée telle que publiée; aucune interpolation.
receipts,Maroc,MAR,2018,,,destination_total,tourism_receipts,9520000000.0,current_USD,destination_total,Common WDI destination-level series,World Bank WDI,WB_WDI_ST_INT_RCPT_CD,audit_harmonisation_recettes_7_pays_trends.xlsx,available,Valeur WDI conservée telle que publiée; aucune interpolation.
receipts,Maroc,MAR,2019,,,destination_total,tourism_receipts,9949000000.0,current_USD,destination_total,Common WDI destination-level series,World Bank WDI,WB_WDI_ST_INT_RCPT_CD,audit_harmonisation_recettes_7_pays_trends.xlsx,available,Valeur WDI conservée telle que publiée; aucune interpolation.
receipts,Maroc,MAR,2020,,,destination_total,tourism_receipts,4514000000.0,current_USD,destination_total,Common WDI destination-level series,World Bank WDI,WB_WDI_ST_INT_RCPT_CD,audit_harmonisation_recettes_7_pays_trends.xlsx,available,Valeur WDI conservée telle que publiée; aucune interpolation.
receipts,Tunisie,TUN,1995,,,destination_total,tourism_receipts,1838000000.0,current_USD,destination_total,Common WDI destination-level series,World Bank WDI,WB_WDI_ST_INT_RCPT_CD,audit_harmonisation_recettes_7_pays_trends.xlsx,available,Valeur WDI conservée telle que publiée; aucune interpolation.
receipts,Tunisie,TUN,1996,,,destination_total,tourism_receipts,1895000000.0,current_USD,destination_total,Common WDI destination-level series,World Bank WDI,WB_WDI_ST_INT_RCPT_CD,audit_harmonisation_recettes_7_pays_trends.xlsx,available,Valeur WDI conservée telle que publiée; aucune interpolation.
receipts,Tunisie,TUN,1997,,,destination_total,tourism_receipts,1858000000.0,current_USD,destination_total,Common WDI destination-level series,World Bank WDI,WB_WDI_ST_INT_RCPT_CD,audit_harmonisation_recettes_7_pays_trends.xlsx,available,Valeur WDI conservée telle que publiée; aucune interpolation.
receipts,Tunisie,TUN,1998,,,destination_total,tourism_receipts,1980000000.0,current_USD,destination_total,Common WDI destination-level series,World Bank WDI,WB_WDI_ST_INT_RCPT_CD,audit_harmonisation_recettes_7_pays_trends.xlsx,available,Valeur WDI conservée telle que publiée; aucune interpolation.
receipts,Tunisie,TUN,1999,,,destination_total,tourism_receipts,2118000000.0,current_USD,destination_total,Common WDI destination-level series,World Bank WDI,WB_WDI_ST_INT_RCPT_CD,audit_harmonisation_recettes_7_pays_trends.xlsx,available,Valeur WDI conservée telle que publiée; aucune interpolation.
receipts,Tunisie,TUN,2000,,,destination_total,tourism_receipts,1977000000.0,current_USD,destination_total,Common WDI destination-level series,World Bank WDI,WB_WDI_ST_INT_RCPT_CD,audit_harmonisation_recettes_7_pays_trends.xlsx,available,Valeur WDI conservée telle que publiée; aucune interpolation.
receipts,Tunisie,TUN,2001,,,destination_total,tourism_receipts,2061000000.0,current_USD,destination_total,Common WDI destination-level series,World Bank WDI,WB_WDI_ST_INT_RCPT_CD,audit_harmonisation_recettes_7_pays_trends.xlsx,available,Valeur WDI conservée telle que publiée; aucune interpolation.
receipts,Tunisie,TUN,2002,,,destination_total,tourism_receipts,1831000000.0,current_USD,destination_total,Common WDI destination-level series,World Bank WDI,WB_WDI_ST_INT_RCPT_CD,audit_harmonisation_recettes_7_pays_trends.xlsx,available,Valeur WDI conservée telle que publiée; aucune interpolation.
receipts,Tunisie,TUN,2003,,,destination_total,tourism_receipts,1935000000.0,current_USD,destination_total,Common WDI destination-level series,World Bank WDI,WB_WDI_ST_INT_RCPT_CD,audit_harmonisation_recettes_7_pays_trends.xlsx,available,Valeur WDI conservée telle que publiée; aucune interpolation.
receipts,Tunisie,TUN,2004,,,destination_total,tourism_receipts,2432000000.0,current_USD,destination_total,Common WDI destination-level series,World Bank WDI,WB_WDI_ST_INT_RCPT_CD,audit_harmonisation_recettes_7_pays_trends.xlsx,available,Valeur WDI conservée telle que publiée; aucune interpolation.
receipts,Tunisie,TUN,2005,,,destination_total,tourism_receipts,2800000000.0,current_USD,destination_total,Common WDI destination-level series,World Bank WDI,WB_WDI_ST_INT_RCPT_CD,audit_harmonisation_recettes_7_pays_trends.xlsx,available,Valeur WDI conservée telle que publiée; aucune interpolation.
receipts,Tunisie,TUN,2006,,,destination_total,tourism_receipts,2999000000.0,current_USD,destination_total,Common WDI destination-level series,World Bank WDI,WB_WDI_ST_INT_RCPT_CD,audit_harmonisation_recettes_7_pays_trends.xlsx,available,Valeur WDI conservée telle que publiée; aucune interpolation.
receipts,Tunisie,TUN,2007,,,destination_total,tourism_receipts,3373000000.0,current_USD,destination_total,Common WDI destination-level series,World Bank WDI,WB_WDI_ST_INT_RCPT_CD,audit_harmonisation_recettes_7_pays_trends.xlsx,available,Valeur WDI conservée telle que publiée; aucune interpolation.
receipts,Tunisie,TUN,2008,,,destination_total,tourism_receipts,3909000000.0,current_USD,destination_total,Common WDI destination-level series,World Bank WDI,WB_WDI_ST_INT_RCPT_CD,audit_harmonisation_recettes_7_pays_trends.xlsx,available,Valeur WDI conservée telle que publiée; aucune interpolation.
receipts,Tunisie,TUN,2009,,,destination_total,tourism_receipts,3524000000.0,current_USD,destination_total,Common WDI destination-level series,World Bank WDI,WB_WDI_ST_INT_RCPT_CD,audit_harmonisation_recettes_7_pays_trends.xlsx,available,Valeur WDI conservée telle que publiée; aucune interpolation.
receipts,Tunisie,TUN,2010,,,destination_total,tourism_receipts,3477000000.0,current_USD,destination_total,Common WDI destination-level series,World Bank WDI,WB_WDI_ST_INT_RCPT_CD,audit_harmonisation_recettes_7_pays_trends.xlsx,available,Valeur WDI conservée telle que publiée; aucune interpolation.
receipts,Tunisie,TUN,2011,,,destination_total,tourism_receipts,2529000000.0,current_USD,destination_total,Common WDI destination-level series,World Bank WDI,WB_WDI_ST_INT_RCPT_CD,audit_harmonisation_recettes_7_pays_trends.xlsx,available,Valeur WDI conservée telle que publiée; aucune interpolation.
receipts,Tunisie,TUN,2012,,,destination_total,tourism_receipts,2931000000.0,current_USD,destination_total,Common WDI destination-level series,World Bank WDI,WB_WDI_ST_INT_RCPT_CD,audit_harmonisation_recettes_7_pays_trends.xlsx,available,Valeur WDI conservée telle que publiée; aucune interpolation.
receipts,Tunisie,TUN,2013,,,destination_total,tourism_receipts,2863000000.0,current_USD,destination_total,Common WDI destination-level series,World Bank WDI,WB_WDI_ST_INT_RCPT_CD,audit_harmonisation_recettes_7_pays_trends.xlsx,available,Valeur WDI conservée telle que publiée; aucune interpolation.
receipts,Tunisie,TUN,2014,,,destination_total,tourism_receipts,3042000000.0,current_USD,destination_total,Common WDI destination-level series,World Bank WDI,WB_WDI_ST_INT_RCPT_CD,audit_harmonisation_recettes_7_pays_trends.xlsx,available,Valeur WDI conservée telle que publiée; aucune interpolation.
receipts,Tunisie,TUN,2015,,,destination_total,tourism_receipts,1869000000.0,current_USD,destination_total,Common WDI destination-level series,World Bank WDI,WB_WDI_ST_INT_RCPT_CD,audit_harmonisation_recettes_7_pays_trends.xlsx,available,Valeur WDI conservée telle que publiée; aucune interpolation.
receipts,Tunisie,TUN,2016,,,destination_total,tourism_receipts,1706000000.0,current_USD,destination_total,Common WDI destination-level series,World Bank WDI,WB_WDI_ST_INT_RCPT_CD,audit_harmonisation_recettes_7_pays_trends.xlsx,available,Valeur WDI conservée telle que publiée; aucune interpolation.
receipts,Tunisie,TUN,2017,,,destination_total,tourism_receipts,1782000000.0,current_USD,destination_total,Common WDI destination-level series,World Bank WDI,WB_WDI_ST_INT_RCPT_CD,audit_harmonisation_recettes_7_pays_trends.xlsx,available,Valeur WDI conservée telle que publiée; aucune interpolation.
receipts,Tunisie,TUN,2018,,,destination_total,tourism_receipts,2320000000.0,current_USD,destination_total,Common WDI destination-level series,World Bank WDI,WB_WDI_ST_INT_RCPT_CD,audit_harmonisation_recettes_7_pays_trends.xlsx,available,Valeur WDI conservée telle que publiée; aucune interpolation.
receipts,Tunisie,TUN,2019,,,destination_total,tourism_receipts,2683000000.0,current_USD,destination_total,Common WDI destination-level series,World Bank WDI,WB_WDI_ST_INT_RCPT_CD,audit_harmonisation_recettes_7_pays_trends.xlsx,available,Valeur WDI conservée telle que publiée; aucune interpolation.
receipts,Tunisie,TUN,2020,,,destination_total,tourism_receipts,1007000000.0,current_USD,destination_total,Common WDI destination-level series,World Bank WDI,WB_WDI_ST_INT_RCPT_CD,audit_harmonisation_recettes_7_pays_trends.xlsx,available,Valeur WDI conservée telle que publiée; aucune interpolation.
receipts,Kenya,KEN,1995,,,destination_total,tourism_receipts,785000000.0,current_USD,destination_total,Common WDI destination-level series,World Bank WDI,WB_WDI_ST_INT_RCPT_CD,audit_harmonisation_recettes_7_pays_trends.xlsx,available,Valeur WDI conservée telle que publiée; aucune interpolation.
receipts,Kenya,KEN,1996,,,destination_total,tourism_receipts,823000000.0,current_USD,destination_total,Common WDI destination-level series,World Bank WDI,WB_WDI_ST_INT_RCPT_CD,audit_harmonisation_recettes_7_pays_trends.xlsx,available,Valeur WDI conservée telle que publiée; aucune interpolation.
receipts,Kenya,KEN,1997,,,destination_total,tourism_receipts,1077000000.0,current_USD,destination_total,Common WDI destination-level series,World Bank WDI,WB_WDI_ST_INT_RCPT_CD,audit_harmonisation_recettes_7_pays_trends.xlsx,available,Valeur WDI conservée telle que publiée; aucune interpolation.
receipts,Kenya,KEN,1998,,,destination_total,tourism_receipts,1213000000.0,current_USD,destination_total,Common WDI destination-level series,World Bank WDI,WB_WDI_ST_INT_RCPT_CD,audit_harmonisation_recettes_7_pays_trends.xlsx,available,Valeur WDI conservée telle que publiée; aucune interpolation.
receipts,Kenya,KEN,1999,,,destination_total,tourism_receipts,1211000000.0,current_USD,destination_total,Common WDI destination-level series,World Bank WDI,WB_WDI_ST_INT_RCPT_CD,audit_harmonisation_recettes_7_pays_trends.xlsx,available,Valeur WDI conservée telle que publiée; aucune interpolation.
receipts,Kenya,KEN,2000,,,destination_total,tourism_receipts,500000000.0,current_USD,destination_total,Common WDI destination-level series,World Bank WDI,WB_WDI_ST_INT_RCPT_CD,audit_harmonisation_recettes_7_pays_trends.xlsx,available,Valeur WDI conservée telle que publiée; aucune interpolation.
receipts,Kenya,KEN,2001,,,destination_total,tourism_receipts,536000000.0,current_USD,destination_total,Common WDI destination-level series,World Bank WDI,WB_WDI_ST_INT_RCPT_CD,audit_harmonisation_recettes_7_pays_trends.xlsx,available,Valeur WDI conservée telle que publiée; aucune interpolation.
receipts,Kenya,KEN,2002,,,destination_total,tourism_receipts,513000000.0,current_USD,destination_total,Common WDI destination-level series,World Bank WDI,WB_WDI_ST_INT_RCPT_CD,audit_harmonisation_recettes_7_pays_trends.xlsx,available,Valeur WDI conservée telle que publiée; aucune interpolation.
receipts,Kenya,KEN,2003,,,destination_total,tourism_receipts,619000000.0,current_USD,destination_total,Common WDI destination-level series,World Bank WDI,WB_WDI_ST_INT_RCPT_CD,audit_harmonisation_recettes_7_pays_trends.xlsx,available,Valeur WDI conservée telle que publiée; aucune interpolation.
receipts,Kenya,KEN,2004,,,destination_total,tourism_receipts,799000000.0,current_USD,destination_total,Common WDI destination-level series,World Bank WDI,WB_WDI_ST_INT_RCPT_CD,audit_harmonisation_recettes_7_pays_trends.xlsx,available,Valeur WDI conservée telle que publiée; aucune interpolation.
receipts,Kenya,KEN,2005,,,destination_total,tourism_receipts,969000000.0,current_USD,destination_total,Common WDI destination-level series,World Bank WDI,WB_WDI_ST_INT_RCPT_CD,audit_harmonisation_recettes_7_pays_trends.xlsx,available,Valeur WDI conservée telle que publiée; aucune interpolation.
receipts,Kenya,KEN,2006,,,destination_total,tourism_receipts,1181000000.0,current_USD,destination_total,Common WDI destination-level series,World Bank WDI,WB_WDI_ST_INT_RCPT_CD,audit_harmonisation_recettes_7_pays_trends.xlsx,available,Valeur WDI conservée telle que publiée; aucune interpolation.
receipts,Kenya,KEN,2007,,,destination_total,tourism_receipts,1514000000.0,current_USD,destination_total,Common WDI destination-level series,World Bank WDI,WB_WDI_ST_INT_RCPT_CD,audit_harmonisation_recettes_7_pays_trends.xlsx,available,Valeur WDI conservée telle que publiée; aucune interpolation.
receipts,Kenya,KEN,2008,,,destination_total,tourism_receipts,1398000000.0,current_USD,destination_total,Common WDI destination-level series,World Bank WDI,WB_WDI_ST_INT_RCPT_CD,audit_harmonisation_recettes_7_pays_trends.xlsx,available,Valeur WDI conservée telle que publiée; aucune interpolation.
receipts,Kenya,KEN,2009,,,destination_total,tourism_receipts,1124000000.0,current_USD,destination_total,Common WDI destination-level series,World Bank WDI,WB_WDI_ST_INT_RCPT_CD,audit_harmonisation_recettes_7_pays_trends.xlsx,available,Valeur WDI conservée telle que publiée; aucune interpolation.
receipts,Kenya,KEN,2010,,,destination_total,tourism_receipts,1620000000.0,current_USD,destination_total,Common WDI destination-level series,World Bank WDI,WB_WDI_ST_INT_RCPT_CD,audit_harmonisation_recettes_7_pays_trends.xlsx,available,Valeur WDI conservée telle que publiée; aucune interpolation.
receipts,Kenya,KEN,2011,,,destination_total,tourism_receipts,1844000000.0,current_USD,destination_total,Common WDI destination-level series,World Bank WDI,WB_WDI_ST_INT_RCPT_CD,audit_harmonisation_recettes_7_pays_trends.xlsx,available,Valeur WDI conservée telle que publiée; aucune interpolation.
receipts,Kenya,KEN,2012,,,destination_total,tourism_receipts,2004000000.0,current_USD,destination_total,Common WDI destination-level series,World Bank WDI,WB_WDI_ST_INT_RCPT_CD,audit_harmonisation_recettes_7_pays_trends.xlsx,available,Valeur WDI conservée telle que publiée; aucune interpolation.
receipts,Kenya,KEN,2013,,,destination_total,tourism_receipts,1829000000.0,current_USD,destination_total,Common WDI destination-level series,World Bank WDI,WB_WDI_ST_INT_RCPT_CD,audit_harmonisation_recettes_7_pays_trends.xlsx,available,Valeur WDI conservée telle que publiée; aucune interpolation.
receipts,Kenya,KEN,2014,,,destination_total,tourism_receipts,1745000000.0,current_USD,destination_total,Common WDI destination-level series,World Bank WDI,WB_WDI_ST_INT_RCPT_CD,audit_harmonisation_recettes_7_pays_trends.xlsx,available,Valeur WDI conservée telle que publiée; aucune interpolation.
receipts,Kenya,KEN,2015,,,destination_total,tourism_receipts,1596000000.0,current_USD,destination_total,Common WDI destination-level series,World Bank WDI,WB_WDI_ST_INT_RCPT_CD,audit_harmonisation_recettes_7_pays_trends.xlsx,available,Valeur WDI conservée telle que publiée; aucune interpolation.
receipts,Kenya,KEN,2016,,,destination_total,tourism_receipts,1472000000.0,current_USD,destination_total,Common WDI destination-level series,World Bank WDI,WB_WDI_ST_INT_RCPT_CD,audit_harmonisation_recettes_7_pays_trends.xlsx,available,Valeur WDI conservée telle que publiée; aucune interpolation.
receipts,Kenya,KEN,2017,,,destination_total,tourism_receipts,1564000000.0,current_USD,destination_total,Common WDI destination-level series,World Bank WDI,WB_WDI_ST_INT_RCPT_CD,audit_harmonisation_recettes_7_pays_trends.xlsx,available,Valeur WDI conservée telle que publiée; aucune interpolation.
receipts,Kenya,KEN,2018,,,destination_total,tourism_receipts,1784000000.0,current_USD,destination_total,Common WDI destination-level series,World Bank WDI,WB_WDI_ST_INT_RCPT_CD,audit_harmonisation_recettes_7_pays_trends.xlsx,available,Valeur WDI conservée telle que publiée; aucune interpolation.
receipts,Kenya,KEN,2019,,,destination_total,tourism_receipts,1762000000.0,current_USD,destination_total,Common WDI destination-level series,World Bank WDI,WB_WDI_ST_INT_RCPT_CD,audit_harmonisation_recettes_7_pays_trends.xlsx,available,Valeur WDI conservée telle que publiée; aucune interpolation.
receipts,Kenya,KEN,2020,,,destination_total,tourism_receipts,,current_USD,destination_total,Common WDI destination-level series,World Bank WDI,WB_WDI_ST_INT_RCPT_CD,audit_harmonisation_recettes_7_pays_trends.xlsx,missing_in_source,Valeur WDI conservée telle que publiée; aucune interpolation.
receipts,Maurice,MUS,1995,,,destination_total,tourism_receipts,616000000.0,current_USD,destination_total,Common WDI destination-level series,World Bank WDI,WB_WDI_ST_INT_RCPT_CD,audit_harmonisation_recettes_7_pays_trends.xlsx,available,Valeur WDI conservée telle que publiée; aucune interpolation.
receipts,Maurice,MUS,1996,,,destination_total,tourism_receipts,705000000.0,current_USD,destination_total,Common WDI destination-level series,World Bank WDI,WB_WDI_ST_INT_RCPT_CD,audit_harmonisation_recettes_7_pays_trends.xlsx,available,Valeur WDI conservée telle que publiée; aucune interpolation.
receipts,Maurice,MUS,1997,,,destination_total,tourism_receipts,666000000.0,current_USD,destination_total,Common WDI destination-level series,World Bank WDI,WB_WDI_ST_INT_RCPT_CD,audit_harmonisation_recettes_7_pays_trends.xlsx,available,Valeur WDI conservée telle que publiée; aucune interpolation.
receipts,Maurice,MUS,1998,,,destination_total,tourism_receipts,672000000.0,current_USD,destination_total,Common WDI destination-level series,World Bank WDI,WB_WDI_ST_INT_RCPT_CD,audit_harmonisation_recettes_7_pays_trends.xlsx,available,Valeur WDI conservée telle que publiée; aucune interpolation.
receipts,Maurice,MUS,1999,,,destination_total,tourism_receipts,718000000.0,current_USD,destination_total,Common WDI destination-level series,World Bank WDI,WB_WDI_ST_INT_RCPT_CD,audit_harmonisation_recettes_7_pays_trends.xlsx,available,Valeur WDI conservée telle que publiée; aucune interpolation.
receipts,Maurice,MUS,2000,,,destination_total,tourism_receipts,732000000.0,current_USD,destination_total,Common WDI destination-level series,World Bank WDI,WB_WDI_ST_INT_RCPT_CD,audit_harmonisation_recettes_7_pays_trends.xlsx,available,Valeur WDI conservée telle que publiée; aucune interpolation.
receipts,Maurice,MUS,2001,,,destination_total,tourism_receipts,820000000.0,current_USD,destination_total,Common WDI destination-level series,World Bank WDI,WB_WDI_ST_INT_RCPT_CD,audit_harmonisation_recettes_7_pays_trends.xlsx,available,Valeur WDI conservée telle que publiée; aucune interpolation.
receipts,Maurice,MUS,2002,,,destination_total,tourism_receipts,829000000.0,current_USD,destination_total,Common WDI destination-level series,World Bank WDI,WB_WDI_ST_INT_RCPT_CD,audit_harmonisation_recettes_7_pays_trends.xlsx,available,Valeur WDI conservée telle que publiée; aucune interpolation.
receipts,Maurice,MUS,2003,,,destination_total,tourism_receipts,960000000.0,current_USD,destination_total,Common WDI destination-level series,World Bank WDI,WB_WDI_ST_INT_RCPT_CD,audit_harmonisation_recettes_7_pays_trends.xlsx,available,Valeur WDI conservée telle que publiée; aucune interpolation.
receipts,Maurice,MUS,2004,,,destination_total,tourism_receipts,1156000000.0,current_USD,destination_total,Common WDI destination-level series,World Bank WDI,WB_WDI_ST_INT_RCPT_CD,audit_harmonisation_recettes_7_pays_trends.xlsx,available,Valeur WDI conservée telle que publiée; aucune interpolation.
receipts,Maurice,MUS,2005,,,destination_total,tourism_receipts,1189000000.0,current_USD,destination_total,Common WDI destination-level series,World Bank WDI,WB_WDI_ST_INT_RCPT_CD,audit_harmonisation_recettes_7_pays_trends.xlsx,available,Valeur WDI conservée telle que publiée; aucune interpolation.
receipts,Maurice,MUS,2006,,,destination_total,tourism_receipts,1302000000.0,current_USD,destination_total,Common WDI destination-level series,World Bank WDI,WB_WDI_ST_INT_RCPT_CD,audit_harmonisation_recettes_7_pays_trends.xlsx,available,Valeur WDI conservée telle que publiée; aucune interpolation.
receipts,Maurice,MUS,2007,,,destination_total,tourism_receipts,1663000000.0,current_USD,destination_total,Common WDI destination-level series,World Bank WDI,WB_WDI_ST_INT_RCPT_CD,audit_harmonisation_recettes_7_pays_trends.xlsx,available,Valeur WDI conservée telle que publiée; aucune interpolation.
receipts,Maurice,MUS,2008,,,destination_total,tourism_receipts,1823000000.0,current_USD,destination_total,Common WDI destination-level series,World Bank WDI,WB_WDI_ST_INT_RCPT_CD,audit_harmonisation_recettes_7_pays_trends.xlsx,available,Valeur WDI conservée telle que publiée; aucune interpolation.
receipts,Maurice,MUS,2009,,,destination_total,tourism_receipts,1390000000.0,current_USD,destination_total,Common WDI destination-level series,World Bank WDI,WB_WDI_ST_INT_RCPT_CD,audit_harmonisation_recettes_7_pays_trends.xlsx,available,Valeur WDI conservée telle que publiée; aucune interpolation.
receipts,Maurice,MUS,2010,,,destination_total,tourism_receipts,1585000000.0,current_USD,destination_total,Common WDI destination-level series,World Bank WDI,WB_WDI_ST_INT_RCPT_CD,audit_harmonisation_recettes_7_pays_trends.xlsx,available,Valeur WDI conservée telle que publiée; aucune interpolation.
receipts,Maurice,MUS,2011,,,destination_total,tourism_receipts,1808000000.0,current_USD,destination_total,Common WDI destination-level series,World Bank WDI,WB_WDI_ST_INT_RCPT_CD,audit_harmonisation_recettes_7_pays_trends.xlsx,available,Valeur WDI conservée telle que publiée; aucune interpolation.
receipts,Maurice,MUS,2012,,,destination_total,tourism_receipts,1778000000.0,current_USD,destination_total,Common WDI destination-level series,World Bank WDI,WB_WDI_ST_INT_RCPT_CD,audit_harmonisation_recettes_7_pays_trends.xlsx,available,Valeur WDI conservée telle que publiée; aucune interpolation.
receipts,Maurice,MUS,2013,,,destination_total,tourism_receipts,1593000000.0,current_USD,destination_total,Common WDI destination-level series,World Bank WDI,WB_WDI_ST_INT_RCPT_CD,audit_harmonisation_recettes_7_pays_trends.xlsx,available,Valeur WDI conservée telle que publiée; aucune interpolation.
receipts,Maurice,MUS,2014,,,destination_total,tourism_receipts,1719000000.0,current_USD,destination_total,Common WDI destination-level series,World Bank WDI,WB_WDI_ST_INT_RCPT_CD,audit_harmonisation_recettes_7_pays_trends.xlsx,available,Valeur WDI conservée telle que publiée; aucune interpolation.
receipts,Maurice,MUS,2015,,,destination_total,tourism_receipts,1680000000.0,current_USD,destination_total,Common WDI destination-level series,World Bank WDI,WB_WDI_ST_INT_RCPT_CD,audit_harmonisation_recettes_7_pays_trends.xlsx,available,Valeur WDI conservée telle que publiée; aucune interpolation.
receipts,Maurice,MUS,2016,,,destination_total,tourism_receipts,1824000000.0,current_USD,destination_total,Common WDI destination-level series,World Bank WDI,WB_WDI_ST_INT_RCPT_CD,audit_harmonisation_recettes_7_pays_trends.xlsx,available,Valeur WDI conservée telle que publiée; aucune interpolation.
receipts,Maurice,MUS,2017,,,destination_total,tourism_receipts,2005000000.0,current_USD,destination_total,Common WDI destination-level series,World Bank WDI,WB_WDI_ST_INT_RCPT_CD,audit_harmonisation_recettes_7_pays_trends.xlsx,available,Valeur WDI conservée telle que publiée; aucune interpolation.
receipts,Maurice,MUS,2018,,,destination_total,tourism_receipts,2161000000.0,current_USD,destination_total,Common WDI destination-level series,World Bank WDI,WB_WDI_ST_INT_RCPT_CD,audit_harmonisation_recettes_7_pays_trends.xlsx,available,Valeur WDI conservée telle que publiée; aucune interpolation.
receipts,Maurice,MUS,2019,,,destination_total,tourism_receipts,2024000000.0,current_USD,destination_total,Common WDI destination-level series,World Bank WDI,WB_WDI_ST_INT_RCPT_CD,audit_harmonisation_recettes_7_pays_trends.xlsx,available,Valeur WDI conservée telle que publiée; aucune interpolation.
receipts,Maurice,MUS,2020,,,destination_total,tourism_receipts,518000000.0,current_USD,destination_total,Common WDI destination-level series,World Bank WDI,WB_WDI_ST_INT_RCPT_CD,audit_harmonisation_recettes_7_pays_trends.xlsx,available,Valeur WDI conservée telle que publiée; aucune interpolation.
receipts,Égypte,EGY,1995,,,destination_total,tourism_receipts,2954000000.0,current_USD,destination_total,Common WDI destination-level series,World Bank WDI,WB_WDI_ST_INT_RCPT_CD,audit_harmonisation_recettes_7_pays_trends.xlsx,available,Valeur WDI conservée telle que publiée; aucune interpolation.
receipts,Égypte,EGY,1996,,,destination_total,tourism_receipts,3583000000.0,current_USD,destination_total,Common WDI destination-level series,World Bank WDI,WB_WDI_ST_INT_RCPT_CD,audit_harmonisation_recettes_7_pays_trends.xlsx,available,Valeur WDI conservée telle que publiée; aucune interpolation.
receipts,Égypte,EGY,1997,,,destination_total,tourism_receipts,4046000000.0,current_USD,destination_total,Common WDI destination-level series,World Bank WDI,WB_WDI_ST_INT_RCPT_CD,audit_harmonisation_recettes_7_pays_trends.xlsx,available,Valeur WDI conservée telle que publiée; aucune interpolation.
receipts,Égypte,EGY,1998,,,destination_total,tourism_receipts,2942000000.0,current_USD,destination_total,Common WDI destination-level series,World Bank WDI,WB_WDI_ST_INT_RCPT_CD,audit_harmonisation_recettes_7_pays_trends.xlsx,available,Valeur WDI conservée telle que publiée; aucune interpolation.
receipts,Égypte,EGY,1999,,,destination_total,tourism_receipts,4361000000.0,current_USD,destination_total,Common WDI destination-level series,World Bank WDI,WB_WDI_ST_INT_RCPT_CD,audit_harmonisation_recettes_7_pays_trends.xlsx,available,Valeur WDI conservée telle que publiée; aucune interpolation.
receipts,Égypte,EGY,2000,,,destination_total,tourism_receipts,4657000000.0,current_USD,destination_total,Common WDI destination-level series,World Bank WDI,WB_WDI_ST_INT_RCPT_CD,audit_harmonisation_recettes_7_pays_trends.xlsx,available,Valeur WDI conservée telle que publiée; aucune interpolation.
receipts,Égypte,EGY,2001,,,destination_total,tourism_receipts,4119000000.0,current_USD,destination_total,Common WDI destination-level series,World Bank WDI,WB_WDI_ST_INT_RCPT_CD,audit_harmonisation_recettes_7_pays_trends.xlsx,available,Valeur WDI conservée telle que publiée; aucune interpolation.
receipts,Égypte,EGY,2002,,,destination_total,tourism_receipts,4133000000.0,current_USD,destination_total,Common WDI destination-level series,World Bank WDI,WB_WDI_ST_INT_RCPT_CD,audit_harmonisation_recettes_7_pays_trends.xlsx,available,Valeur WDI conservée telle que publiée; aucune interpolation.
receipts,Égypte,EGY,2003,,,destination_total,tourism_receipts,4704000000.0,current_USD,destination_total,Common WDI destination-level series,World Bank WDI,WB_WDI_ST_INT_RCPT_CD,audit_harmonisation_recettes_7_pays_trends.xlsx,available,Valeur WDI conservée telle que publiée; aucune interpolation.
receipts,Égypte,EGY,2004,,,destination_total,tourism_receipts,6328000000.0,current_USD,destination_total,Common WDI destination-level series,World Bank WDI,WB_WDI_ST_INT_RCPT_CD,audit_harmonisation_recettes_7_pays_trends.xlsx,available,Valeur WDI conservée telle que publiée; aucune interpolation.
receipts,Égypte,EGY,2005,,,destination_total,tourism_receipts,7206000000.0,current_USD,destination_total,Common WDI destination-level series,World Bank WDI,WB_WDI_ST_INT_RCPT_CD,audit_harmonisation_recettes_7_pays_trends.xlsx,available,Valeur WDI conservée telle que publiée; aucune interpolation.
receipts,Égypte,EGY,2006,,,destination_total,tourism_receipts,8133000000.0,current_USD,destination_total,Common WDI destination-level series,World Bank WDI,WB_WDI_ST_INT_RCPT_CD,audit_harmonisation_recettes_7_pays_trends.xlsx,available,Valeur WDI conservée telle que publiée; aucune interpolation.
receipts,Égypte,EGY,2007,,,destination_total,tourism_receipts,10327000000.0,current_USD,destination_total,Common WDI destination-level series,World Bank WDI,WB_WDI_ST_INT_RCPT_CD,audit_harmonisation_recettes_7_pays_trends.xlsx,available,Valeur WDI conservée telle que publiée; aucune interpolation.
receipts,Égypte,EGY,2008,,,destination_total,tourism_receipts,12104000000.0,current_USD,destination_total,Common WDI destination-level series,World Bank WDI,WB_WDI_ST_INT_RCPT_CD,audit_harmonisation_recettes_7_pays_trends.xlsx,available,Valeur WDI conservée telle que publiée; aucune interpolation.
receipts,Égypte,EGY,2009,,,destination_total,tourism_receipts,11757000000.0,current_USD,destination_total,Common WDI destination-level series,World Bank WDI,WB_WDI_ST_INT_RCPT_CD,audit_harmonisation_recettes_7_pays_trends.xlsx,available,Valeur WDI conservée telle que publiée; aucune interpolation.
receipts,Égypte,EGY,2010,,,destination_total,tourism_receipts,13633000000.0,current_USD,destination_total,Common WDI destination-level series,World Bank WDI,WB_WDI_ST_INT_RCPT_CD,audit_harmonisation_recettes_7_pays_trends.xlsx,available,Valeur WDI conservée telle que publiée; aucune interpolation.
receipts,Égypte,EGY,2011,,,destination_total,tourism_receipts,9333000000.0,current_USD,destination_total,Common WDI destination-level series,World Bank WDI,WB_WDI_ST_INT_RCPT_CD,audit_harmonisation_recettes_7_pays_trends.xlsx,available,Valeur WDI conservée telle que publiée; aucune interpolation.
receipts,Égypte,EGY,2012,,,destination_total,tourism_receipts,10823000000.0,current_USD,destination_total,Common WDI destination-level series,World Bank WDI,WB_WDI_ST_INT_RCPT_CD,audit_harmonisation_recettes_7_pays_trends.xlsx,available,Valeur WDI conservée telle que publiée; aucune interpolation.
receipts,Égypte,EGY,2013,,,destination_total,tourism_receipts,6747000000.0,current_USD,destination_total,Common WDI destination-level series,World Bank WDI,WB_WDI_ST_INT_RCPT_CD,audit_harmonisation_recettes_7_pays_trends.xlsx,available,Valeur WDI conservée telle que publiée; aucune interpolation.
receipts,Égypte,EGY,2014,,,destination_total,tourism_receipts,7979000000.0,current_USD,destination_total,Common WDI destination-level series,World Bank WDI,WB_WDI_ST_INT_RCPT_CD,audit_harmonisation_recettes_7_pays_trends.xlsx,available,Valeur WDI conservée telle que publiée; aucune interpolation.
receipts,Égypte,EGY,2015,,,destination_total,tourism_receipts,6897000000.0,current_USD,destination_total,Common WDI destination-level series,World Bank WDI,WB_WDI_ST_INT_RCPT_CD,audit_harmonisation_recettes_7_pays_trends.xlsx,available,Valeur WDI conservée telle que publiée; aucune interpolation.
receipts,Égypte,EGY,2016,,,destination_total,tourism_receipts,3306000000.0,current_USD,destination_total,Common WDI destination-level series,World Bank WDI,WB_WDI_ST_INT_RCPT_CD,audit_harmonisation_recettes_7_pays_trends.xlsx,available,Valeur WDI conservée telle que publiée; aucune interpolation.
receipts,Égypte,EGY,2017,,,destination_total,tourism_receipts,8636000000.0,current_USD,destination_total,Common WDI destination-level series,World Bank WDI,WB_WDI_ST_INT_RCPT_CD,audit_harmonisation_recettes_7_pays_trends.xlsx,available,Valeur WDI conservée telle que publiée; aucune interpolation.
receipts,Égypte,EGY,2018,,,destination_total,tourism_receipts,12704000000.0,current_USD,destination_total,Common WDI destination-level series,World Bank WDI,WB_WDI_ST_INT_RCPT_CD,audit_harmonisation_recettes_7_pays_trends.xlsx,available,Valeur WDI conservée telle que publiée; aucune interpolation.
receipts,Égypte,EGY,2019,,,destination_total,tourism_receipts,14256000000.0,current_USD,destination_total,Common WDI destination-level series,World Bank WDI,WB_WDI_ST_INT_RCPT_CD,audit_harmonisation_recettes_7_pays_trends.xlsx,available,Valeur WDI conservée telle que publiée; aucune interpolation.
receipts,Égypte,EGY,2020,,,destination_total,tourism_receipts,4874000000.0,current_USD,destination_total,Common WDI destination-level series,World Bank WDI,WB_WDI_ST_INT_RCPT_CD,audit_harmonisation_recettes_7_pays_trends.xlsx,available,Valeur WDI conservée telle que publiée; aucune interpolation.
receipts,Tanzanie,TZA,1995,,,destination_total,tourism_receipts,,current_USD,destination_total,Common WDI destination-level series,World Bank WDI,WB_WDI_ST_INT_RCPT_CD,audit_harmonisation_recettes_7_pays_trends.xlsx,missing_in_source,Valeur WDI conservée telle que publiée; aucune interpolation.
receipts,Tanzanie,TZA,1996,,,destination_total,tourism_receipts,,current_USD,destination_total,Common WDI destination-level series,World Bank WDI,WB_WDI_ST_INT_RCPT_CD,audit_harmonisation_recettes_7_pays_trends.xlsx,missing_in_source,Valeur WDI conservée telle que publiée; aucune interpolation.
receipts,Tanzanie,TZA,1997,,,destination_total,tourism_receipts,343000000.0,current_USD,destination_total,Common WDI destination-level series,World Bank WDI,WB_WDI_ST_INT_RCPT_CD,audit_harmonisation_recettes_7_pays_trends.xlsx,available,Valeur WDI conservée telle que publiée; aucune interpolation.
receipts,Tanzanie,TZA,1998,,,destination_total,tourism_receipts,404000000.0,current_USD,destination_total,Common WDI destination-level series,World Bank WDI,WB_WDI_ST_INT_RCPT_CD,audit_harmonisation_recettes_7_pays_trends.xlsx,available,Valeur WDI conservée telle que publiée; aucune interpolation.
receipts,Tanzanie,TZA,1999,,,destination_total,tourism_receipts,467000000.0,current_USD,destination_total,Common WDI destination-level series,World Bank WDI,WB_WDI_ST_INT_RCPT_CD,audit_harmonisation_recettes_7_pays_trends.xlsx,available,Valeur WDI conservée telle que publiée; aucune interpolation.
receipts,Tanzanie,TZA,2000,,,destination_total,tourism_receipts,381000000.0,current_USD,destination_total,Common WDI destination-level series,World Bank WDI,WB_WDI_ST_INT_RCPT_CD,audit_harmonisation_recettes_7_pays_trends.xlsx,available,Valeur WDI conservée telle que publiée; aucune interpolation.
receipts,Tanzanie,TZA,2001,,,destination_total,tourism_receipts,626000000.0,current_USD,destination_total,Common WDI destination-level series,World Bank WDI,WB_WDI_ST_INT_RCPT_CD,audit_harmonisation_recettes_7_pays_trends.xlsx,available,Valeur WDI conservée telle que publiée; aucune interpolation.
receipts,Tanzanie,TZA,2002,,,destination_total,tourism_receipts,639000000.0,current_USD,destination_total,Common WDI destination-level series,World Bank WDI,WB_WDI_ST_INT_RCPT_CD,audit_harmonisation_recettes_7_pays_trends.xlsx,available,Valeur WDI conservée telle que publiée; aucune interpolation.
receipts,Tanzanie,TZA,2003,,,destination_total,tourism_receipts,654000000.0,current_USD,destination_total,Common WDI destination-level series,World Bank WDI,WB_WDI_ST_INT_RCPT_CD,audit_harmonisation_recettes_7_pays_trends.xlsx,available,Valeur WDI conservée telle que publiée; aucune interpolation.
receipts,Tanzanie,TZA,2004,,,destination_total,tourism_receipts,762000000.0,current_USD,destination_total,Common WDI destination-level series,World Bank WDI,WB_WDI_ST_INT_RCPT_CD,audit_harmonisation_recettes_7_pays_trends.xlsx,available,Valeur WDI conservée telle que publiée; aucune interpolation.
receipts,Tanzanie,TZA,2005,,,destination_total,tourism_receipts,835000000.0,current_USD,destination_total,Common WDI destination-level series,World Bank WDI,WB_WDI_ST_INT_RCPT_CD,audit_harmonisation_recettes_7_pays_trends.xlsx,available,Valeur WDI conservée telle que publiée; aucune interpolation.
receipts,Tanzanie,TZA,2006,,,destination_total,tourism_receipts,986000000.0,current_USD,destination_total,Common WDI destination-level series,World Bank WDI,WB_WDI_ST_INT_RCPT_CD,audit_harmonisation_recettes_7_pays_trends.xlsx,available,Valeur WDI conservée telle que publiée; aucune interpolation.
receipts,Tanzanie,TZA,2007,,,destination_total,tourism_receipts,1215000000.0,current_USD,destination_total,Common WDI destination-level series,World Bank WDI,WB_WDI_ST_INT_RCPT_CD,audit_harmonisation_recettes_7_pays_trends.xlsx,available,Valeur WDI conservée telle que publiée; aucune interpolation.
receipts,Tanzanie,TZA,2008,,,destination_total,tourism_receipts,1293000000.0,current_USD,destination_total,Common WDI destination-level series,World Bank WDI,WB_WDI_ST_INT_RCPT_CD,audit_harmonisation_recettes_7_pays_trends.xlsx,available,Valeur WDI conservée telle que publiée; aucune interpolation.
receipts,Tanzanie,TZA,2009,,,destination_total,tourism_receipts,1192000000.0,current_USD,destination_total,Common WDI destination-level series,World Bank WDI,WB_WDI_ST_INT_RCPT_CD,audit_harmonisation_recettes_7_pays_trends.xlsx,available,Valeur WDI conservée telle que publiée; aucune interpolation.
receipts,Tanzanie,TZA,2010,,,destination_total,tourism_receipts,1279000000.0,current_USD,destination_total,Common WDI destination-level series,World Bank WDI,WB_WDI_ST_INT_RCPT_CD,audit_harmonisation_recettes_7_pays_trends.xlsx,available,Valeur WDI conservée telle que publiée; aucune interpolation.
receipts,Tanzanie,TZA,2011,,,destination_total,tourism_receipts,1383000000.0,current_USD,destination_total,Common WDI destination-level series,World Bank WDI,WB_WDI_ST_INT_RCPT_CD,audit_harmonisation_recettes_7_pays_trends.xlsx,available,Valeur WDI conservée telle que publiée; aucune interpolation.
receipts,Tanzanie,TZA,2012,,,destination_total,tourism_receipts,1754000000.0,current_USD,destination_total,Common WDI destination-level series,World Bank WDI,WB_WDI_ST_INT_RCPT_CD,audit_harmonisation_recettes_7_pays_trends.xlsx,available,Valeur WDI conservée telle que publiée; aucune interpolation.
receipts,Tanzanie,TZA,2013,,,destination_total,tourism_receipts,1939000000.0,current_USD,destination_total,Common WDI destination-level series,World Bank WDI,WB_WDI_ST_INT_RCPT_CD,audit_harmonisation_recettes_7_pays_trends.xlsx,available,Valeur WDI conservée telle que publiée; aucune interpolation.
receipts,Tanzanie,TZA,2014,,,destination_total,tourism_receipts,2047000000.0,current_USD,destination_total,Common WDI destination-level series,World Bank WDI,WB_WDI_ST_INT_RCPT_CD,audit_harmonisation_recettes_7_pays_trends.xlsx,available,Valeur WDI conservée telle que publiée; aucune interpolation.
receipts,Tanzanie,TZA,2015,,,destination_total,tourism_receipts,1924000000.0,current_USD,destination_total,Common WDI destination-level series,World Bank WDI,WB_WDI_ST_INT_RCPT_CD,audit_harmonisation_recettes_7_pays_trends.xlsx,available,Valeur WDI conservée telle que publiée; aucune interpolation.
receipts,Tanzanie,TZA,2016,,,destination_total,tourism_receipts,2149000000.0,current_USD,destination_total,Common WDI destination-level series,World Bank WDI,WB_WDI_ST_INT_RCPT_CD,audit_harmonisation_recettes_7_pays_trends.xlsx,available,Valeur WDI conservée telle que publiée; aucune interpolation.
receipts,Tanzanie,TZA,2017,,,destination_total,tourism_receipts,2265000000.0,current_USD,destination_total,Common WDI destination-level series,World Bank WDI,WB_WDI_ST_INT_RCPT_CD,audit_harmonisation_recettes_7_pays_trends.xlsx,available,Valeur WDI conservée telle que publiée; aucune interpolation.
receipts,Tanzanie,TZA,2018,,,destination_total,tourism_receipts,2465000000.0,current_USD,destination_total,Common WDI destination-level series,World Bank WDI,WB_WDI_ST_INT_RCPT_CD,audit_harmonisation_recettes_7_pays_trends.xlsx,available,Valeur WDI conservée telle que publiée; aucune interpolation.
receipts,Tanzanie,TZA,2019,,,destination_total,tourism_receipts,2624500000.0,current_USD,destination_total,Common WDI destination-level series,World Bank WDI,WB_WDI_ST_INT_RCPT_CD,audit_harmonisation_recettes_7_pays_trends.xlsx,available,Valeur WDI conservée telle que publiée; aucune interpolation.
receipts,Tanzanie,TZA,2020,,,destination_total,tourism_receipts,,current_USD,destination_total,Common WDI destination-level series,World Bank WDI,WB_WDI_ST_INT_RCPT_CD,audit_harmonisation_recettes_7_pays_trends.xlsx,missing_in_source,Valeur WDI conservée telle que publiée; aucune interpolation.
receipts,Afrique du Sud,ZAF,1995,,,destination_total,tourism_receipts,2654000000.0,current_USD,destination_total,Common WDI destination-level series,World Bank WDI,WB_WDI_ST_INT_RCPT_CD,audit_harmonisation_recettes_7_pays_trends.xlsx,available,Valeur WDI conservée telle que publiée; aucune interpolation.
receipts,Afrique du Sud,ZAF,1996,,,destination_total,tourism_receipts,3137000000.0,current_USD,destination_total,Common WDI destination-level series,World Bank WDI,WB_WDI_ST_INT_RCPT_CD,audit_harmonisation_recettes_7_pays_trends.xlsx,available,Valeur WDI conservée telle que publiée; aucune interpolation.
receipts,Afrique du Sud,ZAF,1997,,,destination_total,tourism_receipts,3422000000.0,current_USD,destination_total,Common WDI destination-level series,World Bank WDI,WB_WDI_ST_INT_RCPT_CD,audit_harmonisation_recettes_7_pays_trends.xlsx,available,Valeur WDI conservée telle que publiée; aucune interpolation.
receipts,Afrique du Sud,ZAF,1998,,,destination_total,tourism_receipts,3419000000.0,current_USD,destination_total,Common WDI destination-level series,World Bank WDI,WB_WDI_ST_INT_RCPT_CD,audit_harmonisation_recettes_7_pays_trends.xlsx,available,Valeur WDI conservée telle que publiée; aucune interpolation.
receipts,Afrique du Sud,ZAF,1999,,,destination_total,tourism_receipts,3407000000.0,current_USD,destination_total,Common WDI destination-level series,World Bank WDI,WB_WDI_ST_INT_RCPT_CD,audit_harmonisation_recettes_7_pays_trends.xlsx,available,Valeur WDI conservée telle que publiée; aucune interpolation.
receipts,Afrique du Sud,ZAF,2000,,,destination_total,tourism_receipts,3338000000.0,current_USD,destination_total,Common WDI destination-level series,World Bank WDI,WB_WDI_ST_INT_RCPT_CD,audit_harmonisation_recettes_7_pays_trends.xlsx,available,Valeur WDI conservée telle que publiée; aucune interpolation.
receipts,Afrique du Sud,ZAF,2001,,,destination_total,tourism_receipts,3256000000.0,current_USD,destination_total,Common WDI destination-level series,World Bank WDI,WB_WDI_ST_INT_RCPT_CD,audit_harmonisation_recettes_7_pays_trends.xlsx,available,Valeur WDI conservée telle que publiée; aucune interpolation.
receipts,Afrique du Sud,ZAF,2002,,,destination_total,tourism_receipts,3695000000.0,current_USD,destination_total,Common WDI destination-level series,World Bank WDI,WB_WDI_ST_INT_RCPT_CD,audit_harmonisation_recettes_7_pays_trends.xlsx,available,Valeur WDI conservée telle que publiée; aucune interpolation.
receipts,Afrique du Sud,ZAF,2003,,,destination_total,tourism_receipts,6674000000.0,current_USD,destination_total,Common WDI destination-level series,World Bank WDI,WB_WDI_ST_INT_RCPT_CD,audit_harmonisation_recettes_7_pays_trends.xlsx,available,Valeur WDI conservée telle que publiée; aucune interpolation.
receipts,Afrique du Sud,ZAF,2004,,,destination_total,tourism_receipts,7571000000.0,current_USD,destination_total,Common WDI destination-level series,World Bank WDI,WB_WDI_ST_INT_RCPT_CD,audit_harmonisation_recettes_7_pays_trends.xlsx,available,Valeur WDI conservée telle que publiée; aucune interpolation.
receipts,Afrique du Sud,ZAF,2005,,,destination_total,tourism_receipts,8629000000.0,current_USD,destination_total,Common WDI destination-level series,World Bank WDI,WB_WDI_ST_INT_RCPT_CD,audit_harmonisation_recettes_7_pays_trends.xlsx,available,Valeur WDI conservée telle que publiée; aucune interpolation.
receipts,Afrique du Sud,ZAF,2006,,,destination_total,tourism_receipts,9211000000.0,current_USD,destination_total,Common WDI destination-level series,World Bank WDI,WB_WDI_ST_INT_RCPT_CD,audit_harmonisation_recettes_7_pays_trends.xlsx,available,Valeur WDI conservée telle que publiée; aucune interpolation.
receipts,Afrique du Sud,ZAF,2007,,,destination_total,tourism_receipts,10226000000.0,current_USD,destination_total,Common WDI destination-level series,World Bank WDI,WB_WDI_ST_INT_RCPT_CD,audit_harmonisation_recettes_7_pays_trends.xlsx,available,Valeur WDI conservée telle que publiée; aucune interpolation.
receipts,Afrique du Sud,ZAF,2008,,,destination_total,tourism_receipts,9178000000.0,current_USD,destination_total,Common WDI destination-level series,World Bank WDI,WB_WDI_ST_INT_RCPT_CD,audit_harmonisation_recettes_7_pays_trends.xlsx,available,Valeur WDI conservée telle que publiée; aucune interpolation.
receipts,Afrique du Sud,ZAF,2009,,,destination_total,tourism_receipts,8684000000.0,current_USD,destination_total,Common WDI destination-level series,World Bank WDI,WB_WDI_ST_INT_RCPT_CD,audit_harmonisation_recettes_7_pays_trends.xlsx,available,Valeur WDI conservée telle que publiée; aucune interpolation.
receipts,Afrique du Sud,ZAF,2010,,,destination_total,tourism_receipts,10309000000.0,current_USD,destination_total,Common WDI destination-level series,World Bank WDI,WB_WDI_ST_INT_RCPT_CD,audit_harmonisation_recettes_7_pays_trends.xlsx,available,Valeur WDI conservée telle que publiée; aucune interpolation.
receipts,Afrique du Sud,ZAF,2011,,,destination_total,tourism_receipts,10706000000.0,current_USD,destination_total,Common WDI destination-level series,World Bank WDI,WB_WDI_ST_INT_RCPT_CD,audit_harmonisation_recettes_7_pays_trends.xlsx,available,Valeur WDI conservée telle que publiée; aucune interpolation.
receipts,Afrique du Sud,ZAF,2012,,,destination_total,tourism_receipts,11202000000.0,current_USD,destination_total,Common WDI destination-level series,World Bank WDI,WB_WDI_ST_INT_RCPT_CD,audit_harmonisation_recettes_7_pays_trends.xlsx,available,Valeur WDI conservée telle que publiée; aucune interpolation.
receipts,Afrique du Sud,ZAF,2013,,,destination_total,tourism_receipts,10468000000.0,current_USD,destination_total,Common WDI destination-level series,World Bank WDI,WB_WDI_ST_INT_RCPT_CD,audit_harmonisation_recettes_7_pays_trends.xlsx,available,Valeur WDI conservée telle que publiée; aucune interpolation.
receipts,Afrique du Sud,ZAF,2014,,,destination_total,tourism_receipts,10484000000.0,current_USD,destination_total,Common WDI destination-level series,World Bank WDI,WB_WDI_ST_INT_RCPT_CD,audit_harmonisation_recettes_7_pays_trends.xlsx,available,Valeur WDI conservée telle que publiée; aucune interpolation.
receipts,Afrique du Sud,ZAF,2015,,,destination_total,tourism_receipts,9140000000.0,current_USD,destination_total,Common WDI destination-level series,World Bank WDI,WB_WDI_ST_INT_RCPT_CD,audit_harmonisation_recettes_7_pays_trends.xlsx,available,Valeur WDI conservée telle que publiée; aucune interpolation.
receipts,Afrique du Sud,ZAF,2016,,,destination_total,tourism_receipts,8807000000.0,current_USD,destination_total,Common WDI destination-level series,World Bank WDI,WB_WDI_ST_INT_RCPT_CD,audit_harmonisation_recettes_7_pays_trends.xlsx,available,Valeur WDI conservée telle que publiée; aucune interpolation.
receipts,Afrique du Sud,ZAF,2017,,,destination_total,tourism_receipts,9706000000.0,current_USD,destination_total,Common WDI destination-level series,World Bank WDI,WB_WDI_ST_INT_RCPT_CD,audit_harmonisation_recettes_7_pays_trends.xlsx,available,Valeur WDI conservée telle que publiée; aucune interpolation.
receipts,Afrique du Sud,ZAF,2018,,,destination_total,tourism_receipts,9789000000.0,current_USD,destination_total,Common WDI destination-level series,World Bank WDI,WB_WDI_ST_INT_RCPT_CD,audit_harmonisation_recettes_7_pays_trends.xlsx,available,Valeur WDI conservée telle que publiée; aucune interpolation.
receipts,Afrique du Sud,ZAF,2019,,,destination_total,tourism_receipts,9064000000.0,current_USD,destination_total,Common WDI destination-level series,World Bank WDI,WB_WDI_ST_INT_RCPT_CD,audit_harmonisation_recettes_7_pays_trends.xlsx,available,Valeur WDI conservée telle que publiée; aucune interpolation.
receipts,Afrique du Sud,ZAF,2020,,,destination_total,tourism_receipts,2716000000.0,current_USD,destination_total,Common WDI destination-level series,World Bank WDI,WB_WDI_ST_INT_RCPT_CD,audit_harmonisation_recettes_7_pays_trends.xlsx,available,Valeur WDI conservée telle que publiée; aucune interpolation.
provenance,Maroc,MAR,2012,Touristes Etrangers,Total,aggregate_total,tourist_origin,5011729.0,persons,tourist_arrivals,Série officielle incluant agrégats publiés,Open Data Maroc / Ministère chargé du Tourisme,evolution-par-nationalite-des-arrivees-des-touristes-aux-postes-frontieres.xlsx,evolution-par-nationalite-des-arrivees-des-touristes-aux-postes-frontieres.xlsx,exact_aggregate,Ne pas ventiler les agrégats Maghreb/Scandinavie; MRE reste diaspora.
provenance,Maroc,MAR,2013,Touristes Etrangers,Total,aggregate_total,tourist_origin,5323333.0,persons,tourist_arrivals,Série officielle incluant agrégats publiés,Open Data Maroc / Ministère chargé du Tourisme,evolution-par-nationalite-des-arrivees-des-touristes-aux-postes-frontieres.xlsx,evolution-par-nationalite-des-arrivees-des-touristes-aux-postes-frontieres.xlsx,exact_aggregate,Ne pas ventiler les agrégats Maghreb/Scandinavie; MRE reste diaspora.
provenance,Maroc,MAR,2014,Touristes Etrangers,Total,aggregate_total,tourist_origin,5437453.0,persons,tourist_arrivals,Série officielle incluant agrégats publiés,Open Data Maroc / Ministère chargé du Tourisme,evolution-par-nationalite-des-arrivees-des-touristes-aux-postes-frontieres.xlsx,evolution-par-nationalite-des-arrivees-des-touristes-aux-postes-frontieres.xlsx,exact_aggregate,Ne pas ventiler les agrégats Maghreb/Scandinavie; MRE reste diaspora.
provenance,Maroc,MAR,2015,Touristes Etrangers,Total,aggregate_total,tourist_origin,5151704.0,persons,tourist_arrivals,Série officielle incluant agrégats publiés,Open Data Maroc / Ministère chargé du Tourisme,evolution-par-nationalite-des-arrivees-des-touristes-aux-postes-frontieres.xlsx,evolution-par-nationalite-des-arrivees-des-touristes-aux-postes-frontieres.xlsx,exact_aggregate,Ne pas ventiler les agrégats Maghreb/Scandinavie; MRE reste diaspora.
provenance,Maroc,MAR,2016,Touristes Etrangers,Total,aggregate_total,tourist_origin,5103204.0,persons,tourist_arrivals,Série officielle incluant agrégats publiés,Open Data Maroc / Ministère chargé du Tourisme,evolution-par-nationalite-des-arrivees-des-touristes-aux-postes-frontieres.xlsx,evolution-par-nationalite-des-arrivees-des-touristes-aux-postes-frontieres.xlsx,exact_aggregate,Ne pas ventiler les agrégats Maghreb/Scandinavie; MRE reste diaspora.
provenance,Maroc,MAR,2017,Touristes Etrangers,Total,aggregate_total,tourist_origin,5864917.0,persons,tourist_arrivals,Série officielle incluant agrégats publiés,Open Data Maroc / Ministère chargé du Tourisme,evolution-par-nationalite-des-arrivees-des-touristes-aux-postes-frontieres.xlsx,evolution-par-nationalite-des-arrivees-des-touristes-aux-postes-frontieres.xlsx,exact_aggregate,Ne pas ventiler les agrégats Maghreb/Scandinavie; MRE reste diaspora.
provenance,Maroc,MAR,2018,Touristes Etrangers,Total,aggregate_total,tourist_origin,6679101.0,persons,tourist_arrivals,Série officielle incluant agrégats publiés,Open Data Maroc / Ministère chargé du Tourisme,evolution-par-nationalite-des-arrivees-des-touristes-aux-postes-frontieres.xlsx,evolution-par-nationalite-des-arrivees-des-touristes-aux-postes-frontieres.xlsx,exact_aggregate,Ne pas ventiler les agrégats Maghreb/Scandinavie; MRE reste diaspora.
provenance,Maroc,MAR,2019,Touristes Etrangers,Total,aggregate_total,tourist_origin,7043006.0,persons,tourist_arrivals,Série officielle incluant agrégats publiés,Open Data Maroc / Ministère chargé du Tourisme,evolution-par-nationalite-des-arrivees-des-touristes-aux-postes-frontieres.xlsx,evolution-par-nationalite-des-arrivees-des-touristes-aux-postes-frontieres.xlsx,exact_aggregate,Ne pas ventiler les agrégats Maghreb/Scandinavie; MRE reste diaspora.
provenance,Maroc,MAR,2020,Touristes Etrangers,Total,aggregate_total,tourist_origin,1407994.0,persons,tourist_arrivals,Série officielle incluant agrégats publiés,Open Data Maroc / Ministère chargé du Tourisme,evolution-par-nationalite-des-arrivees-des-touristes-aux-postes-frontieres.xlsx,evolution-par-nationalite-des-arrivees-des-touristes-aux-postes-frontieres.xlsx,exact_aggregate,Ne pas ventiler les agrégats Maghreb/Scandinavie; MRE reste diaspora.
provenance,Maroc,MAR,2012,France,Europe,country,tourist_origin,1769710.0,persons,tourist_arrivals,Nationalités/pays publiés par Open Data Maroc,Open Data Maroc / Ministère chargé du Tourisme,evolution-par-nationalite-des-arrivees-des-touristes-aux-postes-frontieres.xlsx,evolution-par-nationalite-des-arrivees-des-touristes-aux-postes-frontieres.xlsx,exact_country,Ne pas ventiler les agrégats Maghreb/Scandinavie; MRE reste diaspora.
provenance,Maroc,MAR,2013,France,Europe,country,tourist_origin,1782056.0,persons,tourist_arrivals,Nationalités/pays publiés par Open Data Maroc,Open Data Maroc / Ministère chargé du Tourisme,evolution-par-nationalite-des-arrivees-des-touristes-aux-postes-frontieres.xlsx,evolution-par-nationalite-des-arrivees-des-touristes-aux-postes-frontieres.xlsx,exact_country,Ne pas ventiler les agrégats Maghreb/Scandinavie; MRE reste diaspora.
provenance,Maroc,MAR,2014,France,Europe,country,tourist_origin,1798190.0,persons,tourist_arrivals,Nationalités/pays publiés par Open Data Maroc,Open Data Maroc / Ministère chargé du Tourisme,evolution-par-nationalite-des-arrivees-des-touristes-aux-postes-frontieres.xlsx,evolution-par-nationalite-des-arrivees-des-touristes-aux-postes-frontieres.xlsx,exact_country,Ne pas ventiler les agrégats Maghreb/Scandinavie; MRE reste diaspora.
provenance,Maroc,MAR,2015,France,Europe,country,tourist_origin,1563568.0,persons,tourist_arrivals,Nationalités/pays publiés par Open Data Maroc,Open Data Maroc / Ministère chargé du Tourisme,evolution-par-nationalite-des-arrivees-des-touristes-aux-postes-frontieres.xlsx,evolution-par-nationalite-des-arrivees-des-touristes-aux-postes-frontieres.xlsx,exact_country,Ne pas ventiler les agrégats Maghreb/Scandinavie; MRE reste diaspora.
provenance,Maroc,MAR,2016,France,Europe,country,tourist_origin,1449757.0,persons,tourist_arrivals,Nationalités/pays publiés par Open Data Maroc,Open Data Maroc / Ministère chargé du Tourisme,evolution-par-nationalite-des-arrivees-des-touristes-aux-postes-frontieres.xlsx,evolution-par-nationalite-des-arrivees-des-touristes-aux-postes-frontieres.xlsx,exact_country,Ne pas ventiler les agrégats Maghreb/Scandinavie; MRE reste diaspora.
provenance,Maroc,MAR,2017,France,Europe,country,tourist_origin,1614011.0,persons,tourist_arrivals,Nationalités/pays publiés par Open Data Maroc,Open Data Maroc / Ministère chargé du Tourisme,evolution-par-nationalite-des-arrivees-des-touristes-aux-postes-frontieres.xlsx,evolution-par-nationalite-des-arrivees-des-touristes-aux-postes-frontieres.xlsx,exact_country,Ne pas ventiler les agrégats Maghreb/Scandinavie; MRE reste diaspora.
provenance,Maroc,MAR,2018,France,Europe,country,tourist_origin,1844397.0,persons,tourist_arrivals,Nationalités/pays publiés par Open Data Maroc,Open Data Maroc / Ministère chargé du Tourisme,evolution-par-nationalite-des-arrivees-des-touristes-aux-postes-frontieres.xlsx,evolution-par-nationalite-des-arrivees-des-touristes-aux-postes-frontieres.xlsx,exact_country,Ne pas ventiler les agrégats Maghreb/Scandinavie; MRE reste diaspora.
provenance,Maroc,MAR,2019,France,Europe,country,tourist_origin,1990813.0,persons,tourist_arrivals,Nationalités/pays publiés par Open Data Maroc,Open Data Maroc / Ministère chargé du Tourisme,evolution-par-nationalite-des-arrivees-des-touristes-aux-postes-frontieres.xlsx,evolution-par-nationalite-des-arrivees-des-touristes-aux-postes-frontieres.xlsx,exact_country,Ne pas ventiler les agrégats Maghreb/Scandinavie; MRE reste diaspora.
provenance,Maroc,MAR,2020,France,Europe,country,tourist_origin,412179.0,persons,tourist_arrivals,Nationalités/pays publiés par Open Data Maroc,Open Data Maroc / Ministère chargé du Tourisme,evolution-par-nationalite-des-arrivees-des-touristes-aux-postes-frontieres.xlsx,evolution-par-nationalite-des-arrivees-des-touristes-aux-postes-frontieres.xlsx,exact_country,Ne pas ventiler les agrégats Maghreb/Scandinavie; MRE reste diaspora.
provenance,Maroc,MAR,2012,Espagne,Europe,country,tourist_origin,730882.0,persons,tourist_arrivals,Nationalités/pays publiés par Open Data Maroc,Open Data Maroc / Ministère chargé du Tourisme,evolution-par-nationalite-des-arrivees-des-touristes-aux-postes-frontieres.xlsx,evolution-par-nationalite-des-arrivees-des-touristes-aux-postes-frontieres.xlsx,exact_country,Ne pas ventiler les agrégats Maghreb/Scandinavie; MRE reste diaspora.
provenance,Maroc,MAR,2013,Espagne,Europe,country,tourist_origin,682834.0,persons,tourist_arrivals,Nationalités/pays publiés par Open Data Maroc,Open Data Maroc / Ministère chargé du Tourisme,evolution-par-nationalite-des-arrivees-des-touristes-aux-postes-frontieres.xlsx,evolution-par-nationalite-des-arrivees-des-touristes-aux-postes-frontieres.xlsx,exact_country,Ne pas ventiler les agrégats Maghreb/Scandinavie; MRE reste diaspora.
provenance,Maroc,MAR,2014,Espagne,Europe,country,tourist_origin,683761.0,persons,tourist_arrivals,Nationalités/pays publiés par Open Data Maroc,Open Data Maroc / Ministère chargé du Tourisme,evolution-par-nationalite-des-arrivees-des-touristes-aux-postes-frontieres.xlsx,evolution-par-nationalite-des-arrivees-des-touristes-aux-postes-frontieres.xlsx,exact_country,Ne pas ventiler les agrégats Maghreb/Scandinavie; MRE reste diaspora.
provenance,Maroc,MAR,2015,Espagne,Europe,country,tourist_origin,626896.0,persons,tourist_arrivals,Nationalités/pays publiés par Open Data Maroc,Open Data Maroc / Ministère chargé du Tourisme,evolution-par-nationalite-des-arrivees-des-touristes-aux-postes-frontieres.xlsx,evolution-par-nationalite-des-arrivees-des-touristes-aux-postes-frontieres.xlsx,exact_country,Ne pas ventiler les agrégats Maghreb/Scandinavie; MRE reste diaspora.
provenance,Maroc,MAR,2016,Espagne,Europe,country,tourist_origin,615720.0,persons,tourist_arrivals,Nationalités/pays publiés par Open Data Maroc,Open Data Maroc / Ministère chargé du Tourisme,evolution-par-nationalite-des-arrivees-des-touristes-aux-postes-frontieres.xlsx,evolution-par-nationalite-des-arrivees-des-touristes-aux-postes-frontieres.xlsx,exact_country,Ne pas ventiler les agrégats Maghreb/Scandinavie; MRE reste diaspora.
provenance,Maroc,MAR,2017,Espagne,Europe,country,tourist_origin,710729.0,persons,tourist_arrivals,Nationalités/pays publiés par Open Data Maroc,Open Data Maroc / Ministère chargé du Tourisme,evolution-par-nationalite-des-arrivees-des-touristes-aux-postes-frontieres.xlsx,evolution-par-nationalite-des-arrivees-des-touristes-aux-postes-frontieres.xlsx,exact_country,Ne pas ventiler les agrégats Maghreb/Scandinavie; MRE reste diaspora.
provenance,Maroc,MAR,2018,Espagne,Europe,country,tourist_origin,814069.0,persons,tourist_arrivals,Nationalités/pays publiés par Open Data Maroc,Open Data Maroc / Ministère chargé du Tourisme,evolution-par-nationalite-des-arrivees-des-touristes-aux-postes-frontieres.xlsx,evolution-par-nationalite-des-arrivees-des-touristes-aux-postes-frontieres.xlsx,exact_country,Ne pas ventiler les agrégats Maghreb/Scandinavie; MRE reste diaspora.
provenance,Maroc,MAR,2019,Espagne,Europe,country,tourist_origin,880818.0,persons,tourist_arrivals,Nationalités/pays publiés par Open Data Maroc,Open Data Maroc / Ministère chargé du Tourisme,evolution-par-nationalite-des-arrivees-des-touristes-aux-postes-frontieres.xlsx,evolution-par-nationalite-des-arrivees-des-touristes-aux-postes-frontieres.xlsx,exact_country,Ne pas ventiler les agrégats Maghreb/Scandinavie; MRE reste diaspora.
provenance,Maroc,MAR,2020,Espagne,Europe,country,tourist_origin,200136.0,persons,tourist_arrivals,Nationalités/pays publiés par Open Data Maroc,Open Data Maroc / Ministère chargé du Tourisme,evolution-par-nationalite-des-arrivees-des-touristes-aux-postes-frontieres.xlsx,evolution-par-nationalite-des-arrivees-des-touristes-aux-postes-frontieres.xlsx,exact_country,Ne pas ventiler les agrégats Maghreb/Scandinavie; MRE reste diaspora.
provenance,Maroc,MAR,2012,Royaume-Uni,Europe,country,tourist_origin,357347.0,persons,tourist_arrivals,Nationalités/pays publiés par Open Data Maroc,Open Data Maroc / Ministère chargé du Tourisme,evolution-par-nationalite-des-arrivees-des-touristes-aux-postes-frontieres.xlsx,evolution-par-nationalite-des-arrivees-des-touristes-aux-postes-frontieres.xlsx,exact_country,Ne pas ventiler les agrégats Maghreb/Scandinavie; MRE reste diaspora.
provenance,Maroc,MAR,2013,Royaume-Uni,Europe,country,tourist_origin,403325.0,persons,tourist_arrivals,Nationalités/pays publiés par Open Data Maroc,Open Data Maroc / Ministère chargé du Tourisme,evolution-par-nationalite-des-arrivees-des-touristes-aux-postes-frontieres.xlsx,evolution-par-nationalite-des-arrivees-des-touristes-aux-postes-frontieres.xlsx,exact_country,Ne pas ventiler les agrégats Maghreb/Scandinavie; MRE reste diaspora.
provenance,Maroc,MAR,2014,Royaume-Uni,Europe,country,tourist_origin,476550.0,persons,tourist_arrivals,Nationalités/pays publiés par Open Data Maroc,Open Data Maroc / Ministère chargé du Tourisme,evolution-par-nationalite-des-arrivees-des-touristes-aux-postes-frontieres.xlsx,evolution-par-nationalite-des-arrivees-des-touristes-aux-postes-frontieres.xlsx,exact_country,Ne pas ventiler les agrégats Maghreb/Scandinavie; MRE reste diaspora.
provenance,Maroc,MAR,2015,Royaume-Uni,Europe,country,tourist_origin,504475.0,persons,tourist_arrivals,Nationalités/pays publiés par Open Data Maroc,Open Data Maroc / Ministère chargé du Tourisme,evolution-par-nationalite-des-arrivees-des-touristes-aux-postes-frontieres.xlsx,evolution-par-nationalite-des-arrivees-des-touristes-aux-postes-frontieres.xlsx,exact_country,Ne pas ventiler les agrégats Maghreb/Scandinavie; MRE reste diaspora.
provenance,Maroc,MAR,2016,Royaume-Uni,Europe,country,tourist_origin,458561.0,persons,tourist_arrivals,Nationalités/pays publiés par Open Data Maroc,Open Data Maroc / Ministère chargé du Tourisme,evolution-par-nationalite-des-arrivees-des-touristes-aux-postes-frontieres.xlsx,evolution-par-nationalite-des-arrivees-des-touristes-aux-postes-frontieres.xlsx,exact_country,Ne pas ventiler les agrégats Maghreb/Scandinavie; MRE reste diaspora.
provenance,Maroc,MAR,2017,Royaume-Uni,Europe,country,tourist_origin,486262.0,persons,tourist_arrivals,Nationalités/pays publiés par Open Data Maroc,Open Data Maroc / Ministère chargé du Tourisme,evolution-par-nationalite-des-arrivees-des-touristes-aux-postes-frontieres.xlsx,evolution-par-nationalite-des-arrivees-des-touristes-aux-postes-frontieres.xlsx,exact_country,Ne pas ventiler les agrégats Maghreb/Scandinavie; MRE reste diaspora.
provenance,Maroc,MAR,2018,Royaume-Uni,Europe,country,tourist_origin,510516.0,persons,tourist_arrivals,Nationalités/pays publiés par Open Data Maroc,Open Data Maroc / Ministère chargé du Tourisme,evolution-par-nationalite-des-arrivees-des-touristes-aux-postes-frontieres.xlsx,evolution-par-nationalite-des-arrivees-des-touristes-aux-postes-frontieres.xlsx,exact_country,Ne pas ventiler les agrégats Maghreb/Scandinavie; MRE reste diaspora.
provenance,Maroc,MAR,2019,Royaume-Uni,Europe,country,tourist_origin,551499.0,persons,tourist_arrivals,Nationalités/pays publiés par Open Data Maroc,Open Data Maroc / Ministère chargé du Tourisme,evolution-par-nationalite-des-arrivees-des-touristes-aux-postes-frontieres.xlsx,evolution-par-nationalite-des-arrivees-des-touristes-aux-postes-frontieres.xlsx,exact_country,Ne pas ventiler les agrégats Maghreb/Scandinavie; MRE reste diaspora.
provenance,Maroc,MAR,2020,Royaume-Uni,Europe,country,tourist_origin,113258.0,persons,tourist_arrivals,Nationalités/pays publiés par Open Data Maroc,Open Data Maroc / Ministère chargé du Tourisme,evolution-par-nationalite-des-arrivees-des-touristes-aux-postes-frontieres.xlsx,evolution-par-nationalite-des-arrivees-des-touristes-aux-postes-frontieres.xlsx,exact_country,Ne pas ventiler les agrégats Maghreb/Scandinavie; MRE reste diaspora.
provenance,Maroc,MAR,2012,Allemagne,Europe,country,tourist_origin,199349.0,persons,tourist_arrivals,Nationalités/pays publiés par Open Data Maroc,Open Data Maroc / Ministère chargé du Tourisme,evolution-par-nationalite-des-arrivees-des-touristes-aux-postes-frontieres.xlsx,evolution-par-nationalite-des-arrivees-des-touristes-aux-postes-frontieres.xlsx,exact_country,Ne pas ventiler les agrégats Maghreb/Scandinavie; MRE reste diaspora.
provenance,Maroc,MAR,2013,Allemagne,Europe,country,tourist_origin,237852.0,persons,tourist_arrivals,Nationalités/pays publiés par Open Data Maroc,Open Data Maroc / Ministère chargé du Tourisme,evolution-par-nationalite-des-arrivees-des-touristes-aux-postes-frontieres.xlsx,evolution-par-nationalite-des-arrivees-des-touristes-aux-postes-frontieres.xlsx,exact_country,Ne pas ventiler les agrégats Maghreb/Scandinavie; MRE reste diaspora.
provenance,Maroc,MAR,2014,Allemagne,Europe,country,tourist_origin,255124.0,persons,tourist_arrivals,Nationalités/pays publiés par Open Data Maroc,Open Data Maroc / Ministère chargé du Tourisme,evolution-par-nationalite-des-arrivees-des-touristes-aux-postes-frontieres.xlsx,evolution-par-nationalite-des-arrivees-des-touristes-aux-postes-frontieres.xlsx,exact_country,Ne pas ventiler les agrégats Maghreb/Scandinavie; MRE reste diaspora.
provenance,Maroc,MAR,2015,Allemagne,Europe,country,tourist_origin,286328.0,persons,tourist_arrivals,Nationalités/pays publiés par Open Data Maroc,Open Data Maroc / Ministère chargé du Tourisme,evolution-par-nationalite-des-arrivees-des-touristes-aux-postes-frontieres.xlsx,evolution-par-nationalite-des-arrivees-des-touristes-aux-postes-frontieres.xlsx,exact_country,Ne pas ventiler les agrégats Maghreb/Scandinavie; MRE reste diaspora.
provenance,Maroc,MAR,2016,Allemagne,Europe,country,tourist_origin,260255.0,persons,tourist_arrivals,Nationalités/pays publiés par Open Data Maroc,Open Data Maroc / Ministère chargé du Tourisme,evolution-par-nationalite-des-arrivees-des-touristes-aux-postes-frontieres.xlsx,evolution-par-nationalite-des-arrivees-des-touristes-aux-postes-frontieres.xlsx,exact_country,Ne pas ventiler les agrégats Maghreb/Scandinavie; MRE reste diaspora.
provenance,Maroc,MAR,2017,Allemagne,Europe,country,tourist_origin,331185.0,persons,tourist_arrivals,Nationalités/pays publiés par Open Data Maroc,Open Data Maroc / Ministère chargé du Tourisme,evolution-par-nationalite-des-arrivees-des-touristes-aux-postes-frontieres.xlsx,evolution-par-nationalite-des-arrivees-des-touristes-aux-postes-frontieres.xlsx,exact_country,Ne pas ventiler les agrégats Maghreb/Scandinavie; MRE reste diaspora.
provenance,Maroc,MAR,2018,Allemagne,Europe,country,tourist_origin,394328.0,persons,tourist_arrivals,Nationalités/pays publiés par Open Data Maroc,Open Data Maroc / Ministère chargé du Tourisme,evolution-par-nationalite-des-arrivees-des-touristes-aux-postes-frontieres.xlsx,evolution-par-nationalite-des-arrivees-des-touristes-aux-postes-frontieres.xlsx,exact_country,Ne pas ventiler les agrégats Maghreb/Scandinavie; MRE reste diaspora.
provenance,Maroc,MAR,2019,Allemagne,Europe,country,tourist_origin,413384.0,persons,tourist_arrivals,Nationalités/pays publiés par Open Data Maroc,Open Data Maroc / Ministère chargé du Tourisme,evolution-par-nationalite-des-arrivees-des-touristes-aux-postes-frontieres.xlsx,evolution-par-nationalite-des-arrivees-des-touristes-aux-postes-frontieres.xlsx,exact_country,Ne pas ventiler les agrégats Maghreb/Scandinavie; MRE reste diaspora.
provenance,Maroc,MAR,2020,Allemagne,Europe,country,tourist_origin,79077.0,persons,tourist_arrivals,Nationalités/pays publiés par Open Data Maroc,Open Data Maroc / Ministère chargé du Tourisme,evolution-par-nationalite-des-arrivees-des-touristes-aux-postes-frontieres.xlsx,evolution-par-nationalite-des-arrivees-des-touristes-aux-postes-frontieres.xlsx,exact_country,Ne pas ventiler les agrégats Maghreb/Scandinavie; MRE reste diaspora.
provenance,Maroc,MAR,2012,Italie,Europe,country,tourist_origin,196186.0,persons,tourist_arrivals,Nationalités/pays publiés par Open Data Maroc,Open Data Maroc / Ministère chargé du Tourisme,evolution-par-nationalite-des-arrivees-des-touristes-aux-postes-frontieres.xlsx,evolution-par-nationalite-des-arrivees-des-touristes-aux-postes-frontieres.xlsx,exact_country,Ne pas ventiler les agrégats Maghreb/Scandinavie; MRE reste diaspora.
provenance,Maroc,MAR,2013,Italie,Europe,country,tourist_origin,234912.0,persons,tourist_arrivals,Nationalités/pays publiés par Open Data Maroc,Open Data Maroc / Ministère chargé du Tourisme,evolution-par-nationalite-des-arrivees-des-touristes-aux-postes-frontieres.xlsx,evolution-par-nationalite-des-arrivees-des-touristes-aux-postes-frontieres.xlsx,exact_country,Ne pas ventiler les agrégats Maghreb/Scandinavie; MRE reste diaspora.
provenance,Maroc,MAR,2014,Italie,Europe,country,tourist_origin,254209.0,persons,tourist_arrivals,Nationalités/pays publiés par Open Data Maroc,Open Data Maroc / Ministère chargé du Tourisme,evolution-par-nationalite-des-arrivees-des-touristes-aux-postes-frontieres.xlsx,evolution-par-nationalite-des-arrivees-des-touristes-aux-postes-frontieres.xlsx,exact_country,Ne pas ventiler les agrégats Maghreb/Scandinavie; MRE reste diaspora.
provenance,Maroc,MAR,2015,Italie,Europe,country,tourist_origin,227961.0,persons,tourist_arrivals,Nationalités/pays publiés par Open Data Maroc,Open Data Maroc / Ministère chargé du Tourisme,evolution-par-nationalite-des-arrivees-des-touristes-aux-postes-frontieres.xlsx,evolution-par-nationalite-des-arrivees-des-touristes-aux-postes-frontieres.xlsx,exact_country,Ne pas ventiler les agrégats Maghreb/Scandinavie; MRE reste diaspora.
provenance,Maroc,MAR,2016,Italie,Europe,country,tourist_origin,219334.0,persons,tourist_arrivals,Nationalités/pays publiés par Open Data Maroc,Open Data Maroc / Ministère chargé du Tourisme,evolution-par-nationalite-des-arrivees-des-touristes-aux-postes-frontieres.xlsx,evolution-par-nationalite-des-arrivees-des-touristes-aux-postes-frontieres.xlsx,exact_country,Ne pas ventiler les agrégats Maghreb/Scandinavie; MRE reste diaspora.
provenance,Maroc,MAR,2017,Italie,Europe,country,tourist_origin,246312.0,persons,tourist_arrivals,Nationalités/pays publiés par Open Data Maroc,Open Data Maroc / Ministère chargé du Tourisme,evolution-par-nationalite-des-arrivees-des-touristes-aux-postes-frontieres.xlsx,evolution-par-nationalite-des-arrivees-des-touristes-aux-postes-frontieres.xlsx,exact_country,Ne pas ventiler les agrégats Maghreb/Scandinavie; MRE reste diaspora.
provenance,Maroc,MAR,2018,Italie,Europe,country,tourist_origin,305505.0,persons,tourist_arrivals,Nationalités/pays publiés par Open Data Maroc,Open Data Maroc / Ministère chargé du Tourisme,evolution-par-nationalite-des-arrivees-des-touristes-aux-postes-frontieres.xlsx,evolution-par-nationalite-des-arrivees-des-touristes-aux-postes-frontieres.xlsx,exact_country,Ne pas ventiler les agrégats Maghreb/Scandinavie; MRE reste diaspora.
provenance,Maroc,MAR,2019,Italie,Europe,country,tourist_origin,351916.0,persons,tourist_arrivals,Nationalités/pays publiés par Open Data Maroc,Open Data Maroc / Ministère chargé du Tourisme,evolution-par-nationalite-des-arrivees-des-touristes-aux-postes-frontieres.xlsx,evolution-par-nationalite-des-arrivees-des-touristes-aux-postes-frontieres.xlsx,exact_country,Ne pas ventiler les agrégats Maghreb/Scandinavie; MRE reste diaspora.
provenance,Maroc,MAR,2020,Italie,Europe,country,tourist_origin,57105.0,persons,tourist_arrivals,Nationalités/pays publiés par Open Data Maroc,Open Data Maroc / Ministère chargé du Tourisme,evolution-par-nationalite-des-arrivees-des-touristes-aux-postes-frontieres.xlsx,evolution-par-nationalite-des-arrivees-des-touristes-aux-postes-frontieres.xlsx,exact_country,Ne pas ventiler les agrégats Maghreb/Scandinavie; MRE reste diaspora.
provenance,Maroc,MAR,2012,Etats Unis,Amériques,country,tourist_origin,140045.0,persons,tourist_arrivals,Nationalités/pays publiés par Open Data Maroc,Open Data Maroc / Ministère chargé du Tourisme,evolution-par-nationalite-des-arrivees-des-touristes-aux-postes-frontieres.xlsx,evolution-par-nationalite-des-arrivees-des-touristes-aux-postes-frontieres.xlsx,exact_country,Ne pas ventiler les agrégats Maghreb/Scandinavie; MRE reste diaspora.
provenance,Maroc,MAR,2013,Etats Unis,Amériques,country,tourist_origin,160033.0,persons,tourist_arrivals,Nationalités/pays publiés par Open Data Maroc,Open Data Maroc / Ministère chargé du Tourisme,evolution-par-nationalite-des-arrivees-des-touristes-aux-postes-frontieres.xlsx,evolution-par-nationalite-des-arrivees-des-touristes-aux-postes-frontieres.xlsx,exact_country,Ne pas ventiler les agrégats Maghreb/Scandinavie; MRE reste diaspora.
provenance,Maroc,MAR,2014,Etats Unis,Amériques,country,tourist_origin,167267.0,persons,tourist_arrivals,Nationalités/pays publiés par Open Data Maroc,Open Data Maroc / Ministère chargé du Tourisme,evolution-par-nationalite-des-arrivees-des-touristes-aux-postes-frontieres.xlsx,evolution-par-nationalite-des-arrivees-des-touristes-aux-postes-frontieres.xlsx,exact_country,Ne pas ventiler les agrégats Maghreb/Scandinavie; MRE reste diaspora.
provenance,Maroc,MAR,2015,Etats Unis,Amériques,country,tourist_origin,181468.0,persons,tourist_arrivals,Nationalités/pays publiés par Open Data Maroc,Open Data Maroc / Ministère chargé du Tourisme,evolution-par-nationalite-des-arrivees-des-touristes-aux-postes-frontieres.xlsx,evolution-par-nationalite-des-arrivees-des-touristes-aux-postes-frontieres.xlsx,exact_country,Ne pas ventiler les agrégats Maghreb/Scandinavie; MRE reste diaspora.
provenance,Maroc,MAR,2016,Etats Unis,Amériques,country,tourist_origin,197858.0,persons,tourist_arrivals,Nationalités/pays publiés par Open Data Maroc,Open Data Maroc / Ministère chargé du Tourisme,evolution-par-nationalite-des-arrivees-des-touristes-aux-postes-frontieres.xlsx,evolution-par-nationalite-des-arrivees-des-touristes-aux-postes-frontieres.xlsx,exact_country,Ne pas ventiler les agrégats Maghreb/Scandinavie; MRE reste diaspora.
provenance,Maroc,MAR,2017,Etats Unis,Amériques,country,tourist_origin,254531.0,persons,tourist_arrivals,Nationalités/pays publiés par Open Data Maroc,Open Data Maroc / Ministère chargé du Tourisme,evolution-par-nationalite-des-arrivees-des-touristes-aux-postes-frontieres.xlsx,evolution-par-nationalite-des-arrivees-des-touristes-aux-postes-frontieres.xlsx,exact_country,Ne pas ventiler les agrégats Maghreb/Scandinavie; MRE reste diaspora.
provenance,Maroc,MAR,2018,Etats Unis,Amériques,country,tourist_origin,304960.0,persons,tourist_arrivals,Nationalités/pays publiés par Open Data Maroc,Open Data Maroc / Ministère chargé du Tourisme,evolution-par-nationalite-des-arrivees-des-touristes-aux-postes-frontieres.xlsx,evolution-par-nationalite-des-arrivees-des-touristes-aux-postes-frontieres.xlsx,exact_country,Ne pas ventiler les agrégats Maghreb/Scandinavie; MRE reste diaspora.
provenance,Maroc,MAR,2019,Etats Unis,Amériques,country,tourist_origin,346702.0,persons,tourist_arrivals,Nationalités/pays publiés par Open Data Maroc,Open Data Maroc / Ministère chargé du Tourisme,evolution-par-nationalite-des-arrivees-des-touristes-aux-postes-frontieres.xlsx,evolution-par-nationalite-des-arrivees-des-touristes-aux-postes-frontieres.xlsx,exact_country,Ne pas ventiler les agrégats Maghreb/Scandinavie; MRE reste diaspora.
provenance,Maroc,MAR,2020,Etats Unis,Amériques,country,tourist_origin,54103.0,persons,tourist_arrivals,Nationalités/pays publiés par Open Data Maroc,Open Data Maroc / Ministère chargé du Tourisme,evolution-par-nationalite-des-arrivees-des-touristes-aux-postes-frontieres.xlsx,evolution-par-nationalite-des-arrivees-des-touristes-aux-postes-frontieres.xlsx,exact_country,Ne pas ventiler les agrégats Maghreb/Scandinavie; MRE reste diaspora.
provenance,Maroc,MAR,2012,Belgique,Europe,country,tourist_origin,255290.0,persons,tourist_arrivals,Nationalités/pays publiés par Open Data Maroc,Open Data Maroc / Ministère chargé du Tourisme,evolution-par-nationalite-des-arrivees-des-touristes-aux-postes-frontieres.xlsx,evolution-par-nationalite-des-arrivees-des-touristes-aux-postes-frontieres.xlsx,exact_country,Ne pas ventiler les agrégats Maghreb/Scandinavie; MRE reste diaspora.
provenance,Maroc,MAR,2013,Belgique,Europe,country,tourist_origin,272593.0,persons,tourist_arrivals,Nationalités/pays publiés par Open Data Maroc,Open Data Maroc / Ministère chargé du Tourisme,evolution-par-nationalite-des-arrivees-des-touristes-aux-postes-frontieres.xlsx,evolution-par-nationalite-des-arrivees-des-touristes-aux-postes-frontieres.xlsx,exact_country,Ne pas ventiler les agrégats Maghreb/Scandinavie; MRE reste diaspora.
provenance,Maroc,MAR,2014,Belgique,Europe,country,tourist_origin,267308.0,persons,tourist_arrivals,Nationalités/pays publiés par Open Data Maroc,Open Data Maroc / Ministère chargé du Tourisme,evolution-par-nationalite-des-arrivees-des-touristes-aux-postes-frontieres.xlsx,evolution-par-nationalite-des-arrivees-des-touristes-aux-postes-frontieres.xlsx,exact_country,Ne pas ventiler les agrégats Maghreb/Scandinavie; MRE reste diaspora.
provenance,Maroc,MAR,2015,Belgique,Europe,country,tourist_origin,243815.0,persons,tourist_arrivals,Nationalités/pays publiés par Open Data Maroc,Open Data Maroc / Ministère chargé du Tourisme,evolution-par-nationalite-des-arrivees-des-touristes-aux-postes-frontieres.xlsx,evolution-par-nationalite-des-arrivees-des-touristes-aux-postes-frontieres.xlsx,exact_country,Ne pas ventiler les agrégats Maghreb/Scandinavie; MRE reste diaspora.
provenance,Maroc,MAR,2016,Belgique,Europe,country,tourist_origin,238984.0,persons,tourist_arrivals,Nationalités/pays publiés par Open Data Maroc,Open Data Maroc / Ministère chargé du Tourisme,evolution-par-nationalite-des-arrivees-des-touristes-aux-postes-frontieres.xlsx,evolution-par-nationalite-des-arrivees-des-touristes-aux-postes-frontieres.xlsx,exact_country,Ne pas ventiler les agrégats Maghreb/Scandinavie; MRE reste diaspora.
provenance,Maroc,MAR,2017,Belgique,Europe,country,tourist_origin,259658.0,persons,tourist_arrivals,Nationalités/pays publiés par Open Data Maroc,Open Data Maroc / Ministère chargé du Tourisme,evolution-par-nationalite-des-arrivees-des-touristes-aux-postes-frontieres.xlsx,evolution-par-nationalite-des-arrivees-des-touristes-aux-postes-frontieres.xlsx,exact_country,Ne pas ventiler les agrégats Maghreb/Scandinavie; MRE reste diaspora.
provenance,Maroc,MAR,2018,Belgique,Europe,country,tourist_origin,273535.0,persons,tourist_arrivals,Nationalités/pays publiés par Open Data Maroc,Open Data Maroc / Ministère chargé du Tourisme,evolution-par-nationalite-des-arrivees-des-touristes-aux-postes-frontieres.xlsx,evolution-par-nationalite-des-arrivees-des-touristes-aux-postes-frontieres.xlsx,exact_country,Ne pas ventiler les agrégats Maghreb/Scandinavie; MRE reste diaspora.
provenance,Maroc,MAR,2019,Belgique,Europe,country,tourist_origin,272328.0,persons,tourist_arrivals,Nationalités/pays publiés par Open Data Maroc,Open Data Maroc / Ministère chargé du Tourisme,evolution-par-nationalite-des-arrivees-des-touristes-aux-postes-frontieres.xlsx,evolution-par-nationalite-des-arrivees-des-touristes-aux-postes-frontieres.xlsx,exact_country,Ne pas ventiler les agrégats Maghreb/Scandinavie; MRE reste diaspora.
provenance,Maroc,MAR,2020,Belgique,Europe,country,tourist_origin,40603.0,persons,tourist_arrivals,Nationalités/pays publiés par Open Data Maroc,Open Data Maroc / Ministère chargé du Tourisme,evolution-par-nationalite-des-arrivees-des-touristes-aux-postes-frontieres.xlsx,evolution-par-nationalite-des-arrivees-des-touristes-aux-postes-frontieres.xlsx,exact_country,Ne pas ventiler les agrégats Maghreb/Scandinavie; MRE reste diaspora.
provenance,Maroc,MAR,2012,Hollande,Europe,country,tourist_origin,204767.0,persons,tourist_arrivals,Nationalités/pays publiés par Open Data Maroc,Open Data Maroc / Ministère chargé du Tourisme,evolution-par-nationalite-des-arrivees-des-touristes-aux-postes-frontieres.xlsx,evolution-par-nationalite-des-arrivees-des-touristes-aux-postes-frontieres.xlsx,exact_country,Ne pas ventiler les agrégats Maghreb/Scandinavie; MRE reste diaspora.
provenance,Maroc,MAR,2013,Hollande,Europe,country,tourist_origin,210859.0,persons,tourist_arrivals,Nationalités/pays publiés par Open Data Maroc,Open Data Maroc / Ministère chargé du Tourisme,evolution-par-nationalite-des-arrivees-des-touristes-aux-postes-frontieres.xlsx,evolution-par-nationalite-des-arrivees-des-touristes-aux-postes-frontieres.xlsx,exact_country,Ne pas ventiler les agrégats Maghreb/Scandinavie; MRE reste diaspora.
provenance,Maroc,MAR,2014,Hollande,Europe,country,tourist_origin,191158.0,persons,tourist_arrivals,Nationalités/pays publiés par Open Data Maroc,Open Data Maroc / Ministère chargé du Tourisme,evolution-par-nationalite-des-arrivees-des-touristes-aux-postes-frontieres.xlsx,evolution-par-nationalite-des-arrivees-des-touristes-aux-postes-frontieres.xlsx,exact_country,Ne pas ventiler les agrégats Maghreb/Scandinavie; MRE reste diaspora.
provenance,Maroc,MAR,2015,Hollande,Europe,country,tourist_origin,183349.0,persons,tourist_arrivals,Nationalités/pays publiés par Open Data Maroc,Open Data Maroc / Ministère chargé du Tourisme,evolution-par-nationalite-des-arrivees-des-touristes-aux-postes-frontieres.xlsx,evolution-par-nationalite-des-arrivees-des-touristes-aux-postes-frontieres.xlsx,exact_country,Ne pas ventiler les agrégats Maghreb/Scandinavie; MRE reste diaspora.
provenance,Maroc,MAR,2016,Hollande,Europe,country,tourist_origin,182379.0,persons,tourist_arrivals,Nationalités/pays publiés par Open Data Maroc,Open Data Maroc / Ministère chargé du Tourisme,evolution-par-nationalite-des-arrivees-des-touristes-aux-postes-frontieres.xlsx,evolution-par-nationalite-des-arrivees-des-touristes-aux-postes-frontieres.xlsx,exact_country,Ne pas ventiler les agrégats Maghreb/Scandinavie; MRE reste diaspora.
provenance,Maroc,MAR,2017,Hollande,Europe,country,tourist_origin,214016.0,persons,tourist_arrivals,Nationalités/pays publiés par Open Data Maroc,Open Data Maroc / Ministère chargé du Tourisme,evolution-par-nationalite-des-arrivees-des-touristes-aux-postes-frontieres.xlsx,evolution-par-nationalite-des-arrivees-des-touristes-aux-postes-frontieres.xlsx,exact_country,Ne pas ventiler les agrégats Maghreb/Scandinavie; MRE reste diaspora.
provenance,Maroc,MAR,2018,Hollande,Europe,country,tourist_origin,237539.0,persons,tourist_arrivals,Nationalités/pays publiés par Open Data Maroc,Open Data Maroc / Ministère chargé du Tourisme,evolution-par-nationalite-des-arrivees-des-touristes-aux-postes-frontieres.xlsx,evolution-par-nationalite-des-arrivees-des-touristes-aux-postes-frontieres.xlsx,exact_country,Ne pas ventiler les agrégats Maghreb/Scandinavie; MRE reste diaspora.
provenance,Maroc,MAR,2019,Hollande,Europe,country,tourist_origin,241065.0,persons,tourist_arrivals,Nationalités/pays publiés par Open Data Maroc,Open Data Maroc / Ministère chargé du Tourisme,evolution-par-nationalite-des-arrivees-des-touristes-aux-postes-frontieres.xlsx,evolution-par-nationalite-des-arrivees-des-touristes-aux-postes-frontieres.xlsx,exact_country,Ne pas ventiler les agrégats Maghreb/Scandinavie; MRE reste diaspora.
provenance,Maroc,MAR,2020,Hollande,Europe,country,tourist_origin,40909.0,persons,tourist_arrivals,Nationalités/pays publiés par Open Data Maroc,Open Data Maroc / Ministère chargé du Tourisme,evolution-par-nationalite-des-arrivees-des-touristes-aux-postes-frontieres.xlsx,evolution-par-nationalite-des-arrivees-des-touristes-aux-postes-frontieres.xlsx,exact_country,Ne pas ventiler les agrégats Maghreb/Scandinavie; MRE reste diaspora.
provenance,Maroc,MAR,2012,Maghreb,Afrique du Nord,regional_aggregate,tourist_origin,219280.0,persons,tourist_arrivals,Série officielle incluant agrégats publiés,Open Data Maroc / Ministère chargé du Tourisme,evolution-par-nationalite-des-arrivees-des-touristes-aux-postes-frontieres.xlsx,evolution-par-nationalite-des-arrivees-des-touristes-aux-postes-frontieres.xlsx,exact_aggregate,Ne pas ventiler les agrégats Maghreb/Scandinavie; MRE reste diaspora.
provenance,Maroc,MAR,2013,Maghreb,Afrique du Nord,regional_aggregate,tourist_origin,270227.0,persons,tourist_arrivals,Série officielle incluant agrégats publiés,Open Data Maroc / Ministère chargé du Tourisme,evolution-par-nationalite-des-arrivees-des-touristes-aux-postes-frontieres.xlsx,evolution-par-nationalite-des-arrivees-des-touristes-aux-postes-frontieres.xlsx,exact_aggregate,Ne pas ventiler les agrégats Maghreb/Scandinavie; MRE reste diaspora.
provenance,Maroc,MAR,2014,Maghreb,Afrique du Nord,regional_aggregate,tourist_origin,213675.0,persons,tourist_arrivals,Série officielle incluant agrégats publiés,Open Data Maroc / Ministère chargé du Tourisme,evolution-par-nationalite-des-arrivees-des-touristes-aux-postes-frontieres.xlsx,evolution-par-nationalite-des-arrivees-des-touristes-aux-postes-frontieres.xlsx,exact_aggregate,Ne pas ventiler les agrégats Maghreb/Scandinavie; MRE reste diaspora.
provenance,Maroc,MAR,2015,Maghreb,Afrique du Nord,regional_aggregate,tourist_origin,195214.0,persons,tourist_arrivals,Série officielle incluant agrégats publiés,Open Data Maroc / Ministère chargé du Tourisme,evolution-par-nationalite-des-arrivees-des-touristes-aux-postes-frontieres.xlsx,evolution-par-nationalite-des-arrivees-des-touristes-aux-postes-frontieres.xlsx,exact_aggregate,Ne pas ventiler les agrégats Maghreb/Scandinavie; MRE reste diaspora.
provenance,Maroc,MAR,2016,Maghreb,Afrique du Nord,regional_aggregate,tourist_origin,209823.0,persons,tourist_arrivals,Série officielle incluant agrégats publiés,Open Data Maroc / Ministère chargé du Tourisme,evolution-par-nationalite-des-arrivees-des-touristes-aux-postes-frontieres.xlsx,evolution-par-nationalite-des-arrivees-des-touristes-aux-postes-frontieres.xlsx,exact_aggregate,Ne pas ventiler les agrégats Maghreb/Scandinavie; MRE reste diaspora.
provenance,Maroc,MAR,2017,Maghreb,Afrique du Nord,regional_aggregate,tourist_origin,207885.0,persons,tourist_arrivals,Série officielle incluant agrégats publiés,Open Data Maroc / Ministère chargé du Tourisme,evolution-par-nationalite-des-arrivees-des-touristes-aux-postes-frontieres.xlsx,evolution-par-nationalite-des-arrivees-des-touristes-aux-postes-frontieres.xlsx,exact_aggregate,Ne pas ventiler les agrégats Maghreb/Scandinavie; MRE reste diaspora.
provenance,Maroc,MAR,2018,Maghreb,Afrique du Nord,regional_aggregate,tourist_origin,214295.0,persons,tourist_arrivals,Série officielle incluant agrégats publiés,Open Data Maroc / Ministère chargé du Tourisme,evolution-par-nationalite-des-arrivees-des-touristes-aux-postes-frontieres.xlsx,evolution-par-nationalite-des-arrivees-des-touristes-aux-postes-frontieres.xlsx,exact_aggregate,Ne pas ventiler les agrégats Maghreb/Scandinavie; MRE reste diaspora.
provenance,Maroc,MAR,2019,Maghreb,Afrique du Nord,regional_aggregate,tourist_origin,227281.0,persons,tourist_arrivals,Série officielle incluant agrégats publiés,Open Data Maroc / Ministère chargé du Tourisme,evolution-par-nationalite-des-arrivees-des-touristes-aux-postes-frontieres.xlsx,evolution-par-nationalite-des-arrivees-des-touristes-aux-postes-frontieres.xlsx,exact_aggregate,Ne pas ventiler les agrégats Maghreb/Scandinavie; MRE reste diaspora.
provenance,Maroc,MAR,2020,Maghreb,Afrique du Nord,regional_aggregate,tourist_origin,49240.0,persons,tourist_arrivals,Série officielle incluant agrégats publiés,Open Data Maroc / Ministère chargé du Tourisme,evolution-par-nationalite-des-arrivees-des-touristes-aux-postes-frontieres.xlsx,evolution-par-nationalite-des-arrivees-des-touristes-aux-postes-frontieres.xlsx,exact_aggregate,Ne pas ventiler les agrégats Maghreb/Scandinavie; MRE reste diaspora.
provenance,Maroc,MAR,2012,Chine,Asie,country,tourist_origin,6899.0,persons,tourist_arrivals,Nationalités/pays publiés par Open Data Maroc,Open Data Maroc / Ministère chargé du Tourisme,evolution-par-nationalite-des-arrivees-des-touristes-aux-postes-frontieres.xlsx,evolution-par-nationalite-des-arrivees-des-touristes-aux-postes-frontieres.xlsx,exact_country,Ne pas ventiler les agrégats Maghreb/Scandinavie; MRE reste diaspora.
provenance,Maroc,MAR,2013,Chine,Asie,country,tourist_origin,7871.0,persons,tourist_arrivals,Nationalités/pays publiés par Open Data Maroc,Open Data Maroc / Ministère chargé du Tourisme,evolution-par-nationalite-des-arrivees-des-touristes-aux-postes-frontieres.xlsx,evolution-par-nationalite-des-arrivees-des-touristes-aux-postes-frontieres.xlsx,exact_country,Ne pas ventiler les agrégats Maghreb/Scandinavie; MRE reste diaspora.
provenance,Maroc,MAR,2014,Chine,Asie,country,tourist_origin,9403.0,persons,tourist_arrivals,Nationalités/pays publiés par Open Data Maroc,Open Data Maroc / Ministère chargé du Tourisme,evolution-par-nationalite-des-arrivees-des-touristes-aux-postes-frontieres.xlsx,evolution-par-nationalite-des-arrivees-des-touristes-aux-postes-frontieres.xlsx,exact_country,Ne pas ventiler les agrégats Maghreb/Scandinavie; MRE reste diaspora.
provenance,Maroc,MAR,2015,Chine,Asie,country,tourist_origin,10515.0,persons,tourist_arrivals,Nationalités/pays publiés par Open Data Maroc,Open Data Maroc / Ministère chargé du Tourisme,evolution-par-nationalite-des-arrivees-des-touristes-aux-postes-frontieres.xlsx,evolution-par-nationalite-des-arrivees-des-touristes-aux-postes-frontieres.xlsx,exact_country,Ne pas ventiler les agrégats Maghreb/Scandinavie; MRE reste diaspora.
provenance,Maroc,MAR,2016,Chine,Asie,country,tourist_origin,42844.0,persons,tourist_arrivals,Nationalités/pays publiés par Open Data Maroc,Open Data Maroc / Ministère chargé du Tourisme,evolution-par-nationalite-des-arrivees-des-touristes-aux-postes-frontieres.xlsx,evolution-par-nationalite-des-arrivees-des-touristes-aux-postes-frontieres.xlsx,exact_country,Ne pas ventiler les agrégats Maghreb/Scandinavie; MRE reste diaspora.
provenance,Maroc,MAR,2017,Chine,Asie,country,tourist_origin,107434.0,persons,tourist_arrivals,Nationalités/pays publiés par Open Data Maroc,Open Data Maroc / Ministère chargé du Tourisme,evolution-par-nationalite-des-arrivees-des-touristes-aux-postes-frontieres.xlsx,evolution-par-nationalite-des-arrivees-des-touristes-aux-postes-frontieres.xlsx,exact_country,Ne pas ventiler les agrégats Maghreb/Scandinavie; MRE reste diaspora.
provenance,Maroc,MAR,2018,Chine,Asie,country,tourist_origin,132081.0,persons,tourist_arrivals,Nationalités/pays publiés par Open Data Maroc,Open Data Maroc / Ministère chargé du Tourisme,evolution-par-nationalite-des-arrivees-des-touristes-aux-postes-frontieres.xlsx,evolution-par-nationalite-des-arrivees-des-touristes-aux-postes-frontieres.xlsx,exact_country,Ne pas ventiler les agrégats Maghreb/Scandinavie; MRE reste diaspora.
provenance,Maroc,MAR,2019,Chine,Asie,country,tourist_origin,141050.0,persons,tourist_arrivals,Nationalités/pays publiés par Open Data Maroc,Open Data Maroc / Ministère chargé du Tourisme,evolution-par-nationalite-des-arrivees-des-touristes-aux-postes-frontieres.xlsx,evolution-par-nationalite-des-arrivees-des-touristes-aux-postes-frontieres.xlsx,exact_country,Ne pas ventiler les agrégats Maghreb/Scandinavie; MRE reste diaspora.
provenance,Maroc,MAR,2020,Chine,Asie,country,tourist_origin,20529.0,persons,tourist_arrivals,Nationalités/pays publiés par Open Data Maroc,Open Data Maroc / Ministère chargé du Tourisme,evolution-par-nationalite-des-arrivees-des-touristes-aux-postes-frontieres.xlsx,evolution-par-nationalite-des-arrivees-des-touristes-aux-postes-frontieres.xlsx,exact_country,Ne pas ventiler les agrégats Maghreb/Scandinavie; MRE reste diaspora.
provenance,Maroc,MAR,2012,Scandinavie,Europe,regional_aggregate,tourist_origin,67165.0,persons,tourist_arrivals,Série officielle incluant agrégats publiés,Open Data Maroc / Ministère chargé du Tourisme,evolution-par-nationalite-des-arrivees-des-touristes-aux-postes-frontieres.xlsx,evolution-par-nationalite-des-arrivees-des-touristes-aux-postes-frontieres.xlsx,exact_aggregate,Ne pas ventiler les agrégats Maghreb/Scandinavie; MRE reste diaspora.
provenance,Maroc,MAR,2013,Scandinavie,Europe,regional_aggregate,tourist_origin,83999.0,persons,tourist_arrivals,Série officielle incluant agrégats publiés,Open Data Maroc / Ministère chargé du Tourisme,evolution-par-nationalite-des-arrivees-des-touristes-aux-postes-frontieres.xlsx,evolution-par-nationalite-des-arrivees-des-touristes-aux-postes-frontieres.xlsx,exact_aggregate,Ne pas ventiler les agrégats Maghreb/Scandinavie; MRE reste diaspora.
provenance,Maroc,MAR,2014,Scandinavie,Europe,regional_aggregate,tourist_origin,95193.0,persons,tourist_arrivals,Série officielle incluant agrégats publiés,Open Data Maroc / Ministère chargé du Tourisme,evolution-par-nationalite-des-arrivees-des-touristes-aux-postes-frontieres.xlsx,evolution-par-nationalite-des-arrivees-des-touristes-aux-postes-frontieres.xlsx,exact_aggregate,Ne pas ventiler les agrégats Maghreb/Scandinavie; MRE reste diaspora.
provenance,Maroc,MAR,2015,Scandinavie,Europe,regional_aggregate,tourist_origin,83554.0,persons,tourist_arrivals,Série officielle incluant agrégats publiés,Open Data Maroc / Ministère chargé du Tourisme,evolution-par-nationalite-des-arrivees-des-touristes-aux-postes-frontieres.xlsx,evolution-par-nationalite-des-arrivees-des-touristes-aux-postes-frontieres.xlsx,exact_aggregate,Ne pas ventiler les agrégats Maghreb/Scandinavie; MRE reste diaspora.
provenance,Maroc,MAR,2016,Scandinavie,Europe,regional_aggregate,tourist_origin,93009.0,persons,tourist_arrivals,Série officielle incluant agrégats publiés,Open Data Maroc / Ministère chargé du Tourisme,evolution-par-nationalite-des-arrivees-des-touristes-aux-postes-frontieres.xlsx,evolution-par-nationalite-des-arrivees-des-touristes-aux-postes-frontieres.xlsx,exact_aggregate,Ne pas ventiler les agrégats Maghreb/Scandinavie; MRE reste diaspora.
provenance,Maroc,MAR,2017,Scandinavie,Europe,regional_aggregate,tourist_origin,118460.0,persons,tourist_arrivals,Série officielle incluant agrégats publiés,Open Data Maroc / Ministère chargé du Tourisme,evolution-par-nationalite-des-arrivees-des-touristes-aux-postes-frontieres.xlsx,evolution-par-nationalite-des-arrivees-des-touristes-aux-postes-frontieres.xlsx,exact_aggregate,Ne pas ventiler les agrégats Maghreb/Scandinavie; MRE reste diaspora.
provenance,Maroc,MAR,2018,Scandinavie,Europe,regional_aggregate,tourist_origin,136157.0,persons,tourist_arrivals,Série officielle incluant agrégats publiés,Open Data Maroc / Ministère chargé du Tourisme,evolution-par-nationalite-des-arrivees-des-touristes-aux-postes-frontieres.xlsx,evolution-par-nationalite-des-arrivees-des-touristes-aux-postes-frontieres.xlsx,exact_aggregate,Ne pas ventiler les agrégats Maghreb/Scandinavie; MRE reste diaspora.
provenance,Maroc,MAR,2019,Scandinavie,Europe,regional_aggregate,tourist_origin,104264.0,persons,tourist_arrivals,Série officielle incluant agrégats publiés,Open Data Maroc / Ministère chargé du Tourisme,evolution-par-nationalite-des-arrivees-des-touristes-aux-postes-frontieres.xlsx,evolution-par-nationalite-des-arrivees-des-touristes-aux-postes-frontieres.xlsx,exact_aggregate,Ne pas ventiler les agrégats Maghreb/Scandinavie; MRE reste diaspora.
provenance,Maroc,MAR,2020,Scandinavie,Europe,regional_aggregate,tourist_origin,22119.0,persons,tourist_arrivals,Série officielle incluant agrégats publiés,Open Data Maroc / Ministère chargé du Tourisme,evolution-par-nationalite-des-arrivees-des-touristes-aux-postes-frontieres.xlsx,evolution-par-nationalite-des-arrivees-des-touristes-aux-postes-frontieres.xlsx,exact_aggregate,Ne pas ventiler les agrégats Maghreb/Scandinavie; MRE reste diaspora.
provenance,Maroc,MAR,2012,MRE,Diaspora,diaspora,tourist_origin,4363427.0,persons,diaspora_arrivals,MRE séparés des touristes étrangers,Open Data Maroc / Ministère chargé du Tourisme,evolution-par-nationalite-des-arrivees-des-touristes-aux-postes-frontieres.xlsx,evolution-par-nationalite-des-arrivees-des-touristes-aux-postes-frontieres.xlsx,exact_diaspora,Ne pas ventiler les agrégats Maghreb/Scandinavie; MRE reste diaspora.
provenance,Maroc,MAR,2013,MRE,Diaspora,diaspora,tourist_origin,4722931.0,persons,diaspora_arrivals,MRE séparés des touristes étrangers,Open Data Maroc / Ministère chargé du Tourisme,evolution-par-nationalite-des-arrivees-des-touristes-aux-postes-frontieres.xlsx,evolution-par-nationalite-des-arrivees-des-touristes-aux-postes-frontieres.xlsx,exact_diaspora,Ne pas ventiler les agrégats Maghreb/Scandinavie; MRE reste diaspora.
provenance,Maroc,MAR,2014,MRE,Diaspora,diaspora,tourist_origin,4845491.0,persons,diaspora_arrivals,MRE séparés des touristes étrangers,Open Data Maroc / Ministère chargé du Tourisme,evolution-par-nationalite-des-arrivees-des-touristes-aux-postes-frontieres.xlsx,evolution-par-nationalite-des-arrivees-des-touristes-aux-postes-frontieres.xlsx,exact_diaspora,Ne pas ventiler les agrégats Maghreb/Scandinavie; MRE reste diaspora.
provenance,Maroc,MAR,2015,MRE,Diaspora,diaspora,tourist_origin,5025058.0,persons,diaspora_arrivals,MRE séparés des touristes étrangers,Open Data Maroc / Ministère chargé du Tourisme,evolution-par-nationalite-des-arrivees-des-touristes-aux-postes-frontieres.xlsx,evolution-par-nationalite-des-arrivees-des-touristes-aux-postes-frontieres.xlsx,exact_diaspora,Ne pas ventiler les agrégats Maghreb/Scandinavie; MRE reste diaspora.
provenance,Maroc,MAR,2016,MRE,Diaspora,diaspora,tourist_origin,5228527.0,persons,diaspora_arrivals,MRE séparés des touristes étrangers,Open Data Maroc / Ministère chargé du Tourisme,evolution-par-nationalite-des-arrivees-des-touristes-aux-postes-frontieres.xlsx,evolution-par-nationalite-des-arrivees-des-touristes-aux-postes-frontieres.xlsx,exact_diaspora,Ne pas ventiler les agrégats Maghreb/Scandinavie; MRE reste diaspora.
provenance,Maroc,MAR,2017,MRE,Diaspora,diaspora,tourist_origin,5484427.0,persons,diaspora_arrivals,MRE séparés des touristes étrangers,Open Data Maroc / Ministère chargé du Tourisme,evolution-par-nationalite-des-arrivees-des-touristes-aux-postes-frontieres.xlsx,evolution-par-nationalite-des-arrivees-des-touristes-aux-postes-frontieres.xlsx,exact_diaspora,Ne pas ventiler les agrégats Maghreb/Scandinavie; MRE reste diaspora.
provenance,Maroc,MAR,2018,MRE,Diaspora,diaspora,tourist_origin,5609607.0,persons,diaspora_arrivals,MRE séparés des touristes étrangers,Open Data Maroc / Ministère chargé du Tourisme,evolution-par-nationalite-des-arrivees-des-touristes-aux-postes-frontieres.xlsx,evolution-par-nationalite-des-arrivees-des-touristes-aux-postes-frontieres.xlsx,exact_diaspora,Ne pas ventiler les agrégats Maghreb/Scandinavie; MRE reste diaspora.
provenance,Maroc,MAR,2019,MRE,Diaspora,diaspora,tourist_origin,5889254.0,persons,diaspora_arrivals,MRE séparés des touristes étrangers,Open Data Maroc / Ministère chargé du Tourisme,evolution-par-nationalite-des-arrivees-des-touristes-aux-postes-frontieres.xlsx,evolution-par-nationalite-des-arrivees-des-touristes-aux-postes-frontieres.xlsx,exact_diaspora,Ne pas ventiler les agrégats Maghreb/Scandinavie; MRE reste diaspora.
provenance,Maroc,MAR,2020,MRE,Diaspora,diaspora,tourist_origin,1369808.0,persons,diaspora_arrivals,MRE séparés des touristes étrangers,Open Data Maroc / Ministère chargé du Tourisme,evolution-par-nationalite-des-arrivees-des-touristes-aux-postes-frontieres.xlsx,evolution-par-nationalite-des-arrivees-des-touristes-aux-postes-frontieres.xlsx,exact_diaspora,Ne pas ventiler les agrégats Maghreb/Scandinavie; MRE reste diaspora.
provenance,Tunisie,TUN,2017,Français,Europe,country,tourist_origin,570518.0,persons,tourist_arrivals,Nationalités publiées par ONTT,ONTT,Rapports annuels ONTT 2017–2023,tunisie_provenance_touristique_2017_2023_ONTT.xlsx,exact_country,Absence d'une nationalité publiée ≠ zéro; TRE non fusionnés avec touristes étrangers.
provenance,Tunisie,TUN,2018,Français,Europe,country,tourist_origin,781709.0,persons,tourist_arrivals,Nationalités publiées par ONTT,ONTT,Rapports annuels ONTT 2017–2023,tunisie_provenance_touristique_2017_2023_ONTT.xlsx,exact_country,Absence d'une nationalité publiée ≠ zéro; TRE non fusionnés avec touristes étrangers.
provenance,Tunisie,TUN,2019,Français,Europe,country,tourist_origin,890455.0,persons,tourist_arrivals,Nationalités publiées par ONTT,ONTT,Rapports annuels ONTT 2017–2023,tunisie_provenance_touristique_2017_2023_ONTT.xlsx,exact_country,Absence d'une nationalité publiée ≠ zéro; TRE non fusionnés avec touristes étrangers.
provenance,Tunisie,TUN,2020,Français,Europe,country,tourist_origin,261527.0,persons,tourist_arrivals,Nationalités publiées par ONTT,ONTT,Rapports annuels ONTT 2017–2023,tunisie_provenance_touristique_2017_2023_ONTT.xlsx,exact_country,Absence d'une nationalité publiée ≠ zéro; TRE non fusionnés avec touristes étrangers.
provenance,Tunisie,TUN,2021,Français,Europe,country,tourist_origin,302519.0,persons,tourist_arrivals,Nationalités publiées par ONTT,ONTT,Rapports annuels ONTT 2017–2023,tunisie_provenance_touristique_2017_2023_ONTT.xlsx,exact_country,Absence d'une nationalité publiée ≠ zéro; TRE non fusionnés avec touristes étrangers.
provenance,Tunisie,TUN,2022,Français,Europe,country,tourist_origin,841693.0,persons,tourist_arrivals,Nationalités publiées par ONTT,ONTT,Rapports annuels ONTT 2017–2023,tunisie_provenance_touristique_2017_2023_ONTT.xlsx,exact_country,Absence d'une nationalité publiée ≠ zéro; TRE non fusionnés avec touristes étrangers.
provenance,Tunisie,TUN,2023,Français,Europe,country,tourist_origin,1015725.0,persons,tourist_arrivals,Nationalités publiées par ONTT,ONTT,Rapports annuels ONTT 2017–2023,tunisie_provenance_touristique_2017_2023_ONTT.xlsx,exact_country,Absence d'une nationalité publiée ≠ zéro; TRE non fusionnés avec touristes étrangers.
provenance,Tunisie,TUN,2017,Allemands,Europe,country,tourist_origin,181377.0,persons,tourist_arrivals,Nationalités publiées par ONTT,ONTT,Rapports annuels ONTT 2017–2023,tunisie_provenance_touristique_2017_2023_ONTT.xlsx,exact_country,Absence d'une nationalité publiée ≠ zéro; TRE non fusionnés avec touristes étrangers.
provenance,Tunisie,TUN,2018,Allemands,Europe,country,tourist_origin,275296.0,persons,tourist_arrivals,Nationalités publiées par ONTT,ONTT,Rapports annuels ONTT 2017–2023,tunisie_provenance_touristique_2017_2023_ONTT.xlsx,exact_country,Absence d'une nationalité publiée ≠ zéro; TRE non fusionnés avec touristes étrangers.
provenance,Tunisie,TUN,2019,Allemands,Europe,country,tourist_origin,275872.0,persons,tourist_arrivals,Nationalités publiées par ONTT,ONTT,Rapports annuels ONTT 2017–2023,tunisie_provenance_touristique_2017_2023_ONTT.xlsx,exact_country,Absence d'une nationalité publiée ≠ zéro; TRE non fusionnés avec touristes étrangers.
provenance,Tunisie,TUN,2020,Allemands,Europe,country,tourist_origin,29023.0,persons,tourist_arrivals,Nationalités publiées par ONTT,ONTT,Rapports annuels ONTT 2017–2023,tunisie_provenance_touristique_2017_2023_ONTT.xlsx,exact_country,Absence d'une nationalité publiée ≠ zéro; TRE non fusionnés avec touristes étrangers.
provenance,Tunisie,TUN,2021,Allemands,Europe,country,tourist_origin,39873.0,persons,tourist_arrivals,Nationalités publiées par ONTT,ONTT,Rapports annuels ONTT 2017–2023,tunisie_provenance_touristique_2017_2023_ONTT.xlsx,exact_country,Absence d'une nationalité publiée ≠ zéro; TRE non fusionnés avec touristes étrangers.
provenance,Tunisie,TUN,2022,Allemands,Europe,country,tourist_origin,187880.0,persons,tourist_arrivals,Nationalités publiées par ONTT,ONTT,Rapports annuels ONTT 2017–2023,tunisie_provenance_touristique_2017_2023_ONTT.xlsx,exact_country,Absence d'une nationalité publiée ≠ zéro; TRE non fusionnés avec touristes étrangers.
provenance,Tunisie,TUN,2023,Allemands,Europe,country,tourist_origin,303027.0,persons,tourist_arrivals,Nationalités publiées par ONTT,ONTT,Rapports annuels ONTT 2017–2023,tunisie_provenance_touristique_2017_2023_ONTT.xlsx,exact_country,Absence d'une nationalité publiée ≠ zéro; TRE non fusionnés avec touristes étrangers.
provenance,Tunisie,TUN,2017,Anglais,Europe,country,tourist_origin,27956.0,persons,tourist_arrivals,Nationalités publiées par ONTT,ONTT,Rapports annuels ONTT 2017–2023,tunisie_provenance_touristique_2017_2023_ONTT.xlsx,exact_country,Absence d'une nationalité publiée ≠ zéro; TRE non fusionnés avec touristes étrangers.
provenance,Tunisie,TUN,2018,Anglais,Europe,country,tourist_origin,123585.0,persons,tourist_arrivals,Nationalités publiées par ONTT,ONTT,Rapports annuels ONTT 2017–2023,tunisie_provenance_touristique_2017_2023_ONTT.xlsx,exact_country,Absence d'une nationalité publiée ≠ zéro; TRE non fusionnés avec touristes étrangers.
provenance,Tunisie,TUN,2019,Anglais,Europe,country,tourist_origin,204147.0,persons,tourist_arrivals,Nationalités publiées par ONTT,ONTT,Rapports annuels ONTT 2017–2023,tunisie_provenance_touristique_2017_2023_ONTT.xlsx,exact_country,Absence d'une nationalité publiée ≠ zéro; TRE non fusionnés avec touristes étrangers.
provenance,Tunisie,TUN,2020,Anglais,Europe,country,tourist_origin,11617.0,persons,tourist_arrivals,Nationalités publiées par ONTT,ONTT,Rapports annuels ONTT 2017–2023,tunisie_provenance_touristique_2017_2023_ONTT.xlsx,exact_country,Absence d'une nationalité publiée ≠ zéro; TRE non fusionnés avec touristes étrangers.
provenance,Tunisie,TUN,2021,Anglais,Europe,country,tourist_origin,7939.0,persons,tourist_arrivals,Nationalités publiées par ONTT,ONTT,Rapports annuels ONTT 2017–2023,tunisie_provenance_touristique_2017_2023_ONTT.xlsx,exact_country,Absence d'une nationalité publiée ≠ zéro; TRE non fusionnés avec touristes étrangers.
provenance,Tunisie,TUN,2022,Anglais,Europe,country,tourist_origin,111875.0,persons,tourist_arrivals,Nationalités publiées par ONTT,ONTT,Rapports annuels ONTT 2017–2023,tunisie_provenance_touristique_2017_2023_ONTT.xlsx,exact_country,Absence d'une nationalité publiée ≠ zéro; TRE non fusionnés avec touristes étrangers.
provenance,Tunisie,TUN,2023,Anglais,Europe,country,tourist_origin,194970.0,persons,tourist_arrivals,Nationalités publiées par ONTT,ONTT,Rapports annuels ONTT 2017–2023,tunisie_provenance_touristique_2017_2023_ONTT.xlsx,exact_country,Absence d'une nationalité publiée ≠ zéro; TRE non fusionnés avec touristes étrangers.
provenance,Tunisie,TUN,2017,Italiens,Europe,country,tourist_origin,87616.0,persons,tourist_arrivals,Nationalités publiées par ONTT,ONTT,Rapports annuels ONTT 2017–2023,tunisie_provenance_touristique_2017_2023_ONTT.xlsx,exact_country,Absence d'une nationalité publiée ≠ zéro; TRE non fusionnés avec touristes étrangers.
provenance,Tunisie,TUN,2018,Italiens,Europe,country,tourist_origin,102575.0,persons,tourist_arrivals,Nationalités publiées par ONTT,ONTT,Rapports annuels ONTT 2017–2023,tunisie_provenance_touristique_2017_2023_ONTT.xlsx,exact_country,Absence d'une nationalité publiée ≠ zéro; TRE non fusionnés avec touristes étrangers.
provenance,Tunisie,TUN,2019,Italiens,Europe,country,tourist_origin,124060.0,persons,tourist_arrivals,Nationalités publiées par ONTT,ONTT,Rapports annuels ONTT 2017–2023,tunisie_provenance_touristique_2017_2023_ONTT.xlsx,exact_country,Absence d'une nationalité publiée ≠ zéro; TRE non fusionnés avec touristes étrangers.
provenance,Tunisie,TUN,2020,Italiens,Europe,country,tourist_origin,26890.0,persons,tourist_arrivals,Nationalités publiées par ONTT,ONTT,Rapports annuels ONTT 2017–2023,tunisie_provenance_touristique_2017_2023_ONTT.xlsx,exact_country,Absence d'une nationalité publiée ≠ zéro; TRE non fusionnés avec touristes étrangers.
provenance,Tunisie,TUN,2021,Italiens,Europe,country,tourist_origin,29124.0,persons,tourist_arrivals,Nationalités publiées par ONTT,ONTT,Rapports annuels ONTT 2017–2023,tunisie_provenance_touristique_2017_2023_ONTT.xlsx,exact_country,Absence d'une nationalité publiée ≠ zéro; TRE non fusionnés avec touristes étrangers.
provenance,Tunisie,TUN,2022,Italiens,Europe,country,tourist_origin,104741.0,persons,tourist_arrivals,Nationalités publiées par ONTT,ONTT,Rapports annuels ONTT 2017–2023,tunisie_provenance_touristique_2017_2023_ONTT.xlsx,exact_country,Absence d'une nationalité publiée ≠ zéro; TRE non fusionnés avec touristes étrangers.
provenance,Tunisie,TUN,2023,Italiens,Europe,country,tourist_origin,122391.0,persons,tourist_arrivals,Nationalités publiées par ONTT,ONTT,Rapports annuels ONTT 2017–2023,tunisie_provenance_touristique_2017_2023_ONTT.xlsx,exact_country,Absence d'une nationalité publiée ≠ zéro; TRE non fusionnés avec touristes étrangers.
provenance,Tunisie,TUN,2017,Scandinaves,Europe,regional_aggregate,tourist_origin,12463.0,persons,tourist_arrivals,Nationalités publiées par ONTT,ONTT,Rapports annuels ONTT 2017–2023,tunisie_provenance_touristique_2017_2023_ONTT.xlsx,exact_aggregate,Absence d'une nationalité publiée ≠ zéro; TRE non fusionnés avec touristes étrangers. Groupe régional publié par la source ; composition exacte du groupe à vérifier. Ne pas ventiler en pays et ne pas fusionner automatiquement avec d'autres agrégats scandinaves.
provenance,Tunisie,TUN,2018,Scandinaves,Europe,regional_aggregate,tourist_origin,17058.0,persons,tourist_arrivals,Nationalités publiées par ONTT,ONTT,Rapports annuels ONTT 2017–2023,tunisie_provenance_touristique_2017_2023_ONTT.xlsx,exact_aggregate,Absence d'une nationalité publiée ≠ zéro; TRE non fusionnés avec touristes étrangers. Groupe régional publié par la source ; composition exacte du groupe à vérifier. Ne pas ventiler en pays et ne pas fusionner automatiquement avec d'autres agrégats scandinaves.
provenance,Tunisie,TUN,2019,Scandinaves,Europe,regional_aggregate,tourist_origin,29376.0,persons,tourist_arrivals,Nationalités publiées par ONTT,ONTT,Rapports annuels ONTT 2017–2023,tunisie_provenance_touristique_2017_2023_ONTT.xlsx,exact_aggregate,Absence d'une nationalité publiée ≠ zéro; TRE non fusionnés avec touristes étrangers. Groupe régional publié par la source ; composition exacte du groupe à vérifier. Ne pas ventiler en pays et ne pas fusionner automatiquement avec d'autres agrégats scandinaves.
provenance,Tunisie,TUN,2020,Scandinaves,Europe,regional_aggregate,tourist_origin,4067.0,persons,tourist_arrivals,Nationalités publiées par ONTT,ONTT,Rapports annuels ONTT 2017–2023,tunisie_provenance_touristique_2017_2023_ONTT.xlsx,exact_aggregate,Absence d'une nationalité publiée ≠ zéro; TRE non fusionnés avec touristes étrangers. Groupe régional publié par la source ; composition exacte du groupe à vérifier. Ne pas ventiler en pays et ne pas fusionner automatiquement avec d'autres agrégats scandinaves.
provenance,Tunisie,TUN,2021,Scandinaves,Europe,regional_aggregate,tourist_origin,5820.0,persons,tourist_arrivals,Nationalités publiées par ONTT,ONTT,Rapports annuels ONTT 2017–2023,tunisie_provenance_touristique_2017_2023_ONTT.xlsx,exact_aggregate,Absence d'une nationalité publiée ≠ zéro; TRE non fusionnés avec touristes étrangers. Groupe régional publié par la source ; composition exacte du groupe à vérifier. Ne pas ventiler en pays et ne pas fusionner automatiquement avec d'autres agrégats scandinaves.
provenance,Tunisie,TUN,2022,Scandinaves,Europe,regional_aggregate,tourist_origin,15053.0,persons,tourist_arrivals,Nationalités publiées par ONTT,ONTT,Rapports annuels ONTT 2017–2023,tunisie_provenance_touristique_2017_2023_ONTT.xlsx,exact_aggregate,Absence d'une nationalité publiée ≠ zéro; TRE non fusionnés avec touristes étrangers. Groupe régional publié par la source ; composition exacte du groupe à vérifier. Ne pas ventiler en pays et ne pas fusionner automatiquement avec d'autres agrégats scandinaves.
provenance,Tunisie,TUN,2023,Scandinaves,Europe,regional_aggregate,tourist_origin,19341.0,persons,tourist_arrivals,Nationalités publiées par ONTT,ONTT,Rapports annuels ONTT 2017–2023,tunisie_provenance_touristique_2017_2023_ONTT.xlsx,exact_aggregate,Absence d'une nationalité publiée ≠ zéro; TRE non fusionnés avec touristes étrangers. Groupe régional publié par la source ; composition exacte du groupe à vérifier. Ne pas ventiler en pays et ne pas fusionner automatiquement avec d'autres agrégats scandinaves.
provenance,Tunisie,TUN,2017,Suisses,Europe,country,tourist_origin,23423.0,persons,tourist_arrivals,Nationalités publiées par ONTT,ONTT,Rapports annuels ONTT 2017–2023,tunisie_provenance_touristique_2017_2023_ONTT.xlsx,exact_country,Absence d'une nationalité publiée ≠ zéro; TRE non fusionnés avec touristes étrangers.
provenance,Tunisie,TUN,2018,Suisses,Europe,country,tourist_origin,31169.0,persons,tourist_arrivals,Nationalités publiées par ONTT,ONTT,Rapports annuels ONTT 2017–2023,tunisie_provenance_touristique_2017_2023_ONTT.xlsx,exact_country,Absence d'une nationalité publiée ≠ zéro; TRE non fusionnés avec touristes étrangers.
provenance,Tunisie,TUN,2019,Suisses,Europe,country,tourist_origin,34887.0,persons,tourist_arrivals,Nationalités publiées par ONTT,ONTT,Rapports annuels ONTT 2017–2023,tunisie_provenance_touristique_2017_2023_ONTT.xlsx,exact_country,Absence d'une nationalité publiée ≠ zéro; TRE non fusionnés avec touristes étrangers.
provenance,Tunisie,TUN,2020,Suisses,Europe,country,tourist_origin,6620.0,persons,tourist_arrivals,Nationalités publiées par ONTT,ONTT,Rapports annuels ONTT 2017–2023,tunisie_provenance_touristique_2017_2023_ONTT.xlsx,exact_country,Absence d'une nationalité publiée ≠ zéro; TRE non fusionnés avec touristes étrangers.
provenance,Tunisie,TUN,2021,Suisses,Europe,country,tourist_origin,10055.0,persons,tourist_arrivals,Nationalités publiées par ONTT,ONTT,Rapports annuels ONTT 2017–2023,tunisie_provenance_touristique_2017_2023_ONTT.xlsx,exact_country,Absence d'une nationalité publiée ≠ zéro; TRE non fusionnés avec touristes étrangers.
provenance,Tunisie,TUN,2022,Suisses,Europe,country,tourist_origin,29977.0,persons,tourist_arrivals,Nationalités publiées par ONTT,ONTT,Rapports annuels ONTT 2017–2023,tunisie_provenance_touristique_2017_2023_ONTT.xlsx,exact_country,Absence d'une nationalité publiée ≠ zéro; TRE non fusionnés avec touristes étrangers.
provenance,Tunisie,TUN,2023,Suisses,Europe,country,tourist_origin,40264.0,persons,tourist_arrivals,Nationalités publiées par ONTT,ONTT,Rapports annuels ONTT 2017–2023,tunisie_provenance_touristique_2017_2023_ONTT.xlsx,exact_country,Absence d'une nationalité publiée ≠ zéro; TRE non fusionnés avec touristes étrangers.
provenance,Tunisie,TUN,2017,Belges,Europe,country,tourist_origin,50518.0,persons,tourist_arrivals,Nationalités publiées par ONTT,ONTT,Rapports annuels ONTT 2017–2023,tunisie_provenance_touristique_2017_2023_ONTT.xlsx,exact_country,Absence d'une nationalité publiée ≠ zéro; TRE non fusionnés avec touristes étrangers.
provenance,Tunisie,TUN,2018,Belges,Europe,country,tourist_origin,97744.0,persons,tourist_arrivals,Nationalités publiées par ONTT,ONTT,Rapports annuels ONTT 2017–2023,tunisie_provenance_touristique_2017_2023_ONTT.xlsx,exact_country,Absence d'une nationalité publiée ≠ zéro; TRE non fusionnés avec touristes étrangers.
provenance,Tunisie,TUN,2019,Belges,Europe,country,tourist_origin,94088.0,persons,tourist_arrivals,Nationalités publiées par ONTT,ONTT,Rapports annuels ONTT 2017–2023,tunisie_provenance_touristique_2017_2023_ONTT.xlsx,exact_country,Absence d'une nationalité publiée ≠ zéro; TRE non fusionnés avec touristes étrangers.
provenance,Tunisie,TUN,2020,Belges,Europe,country,tourist_origin,8477.0,persons,tourist_arrivals,Nationalités publiées par ONTT,ONTT,Rapports annuels ONTT 2017–2023,tunisie_provenance_touristique_2017_2023_ONTT.xlsx,exact_country,Absence d'une nationalité publiée ≠ zéro; TRE non fusionnés avec touristes étrangers.
provenance,Tunisie,TUN,2021,Belges,Europe,country,tourist_origin,14370.0,persons,tourist_arrivals,Nationalités publiées par ONTT,ONTT,Rapports annuels ONTT 2017–2023,tunisie_provenance_touristique_2017_2023_ONTT.xlsx,exact_country,Absence d'une nationalité publiée ≠ zéro; TRE non fusionnés avec touristes étrangers.
provenance,Tunisie,TUN,2022,Belges,Europe,country,tourist_origin,66061.0,persons,tourist_arrivals,Nationalités publiées par ONTT,ONTT,Rapports annuels ONTT 2017–2023,tunisie_provenance_touristique_2017_2023_ONTT.xlsx,exact_country,Absence d'une nationalité publiée ≠ zéro; TRE non fusionnés avec touristes étrangers.
provenance,Tunisie,TUN,2023,Belges,Europe,country,tourist_origin,95415.0,persons,tourist_arrivals,Nationalités publiées par ONTT,ONTT,Rapports annuels ONTT 2017–2023,tunisie_provenance_touristique_2017_2023_ONTT.xlsx,exact_country,Absence d'une nationalité publiée ≠ zéro; TRE non fusionnés avec touristes étrangers.
provenance,Tunisie,TUN,2017,Néerlandais,Europe,country,tourist_origin,11150.0,persons,tourist_arrivals,Nationalités publiées par ONTT,ONTT,Rapports annuels ONTT 2017–2023,tunisie_provenance_touristique_2017_2023_ONTT.xlsx,exact_country,Absence d'une nationalité publiée ≠ zéro; TRE non fusionnés avec touristes étrangers.
provenance,Tunisie,TUN,2018,Néerlandais,Europe,country,tourist_origin,22638.0,persons,tourist_arrivals,Nationalités publiées par ONTT,ONTT,Rapports annuels ONTT 2017–2023,tunisie_provenance_touristique_2017_2023_ONTT.xlsx,exact_country,Absence d'une nationalité publiée ≠ zéro; TRE non fusionnés avec touristes étrangers.
provenance,Tunisie,TUN,2019,Néerlandais,Europe,country,tourist_origin,27691.0,persons,tourist_arrivals,Nationalités publiées par ONTT,ONTT,Rapports annuels ONTT 2017–2023,tunisie_provenance_touristique_2017_2023_ONTT.xlsx,exact_country,Absence d'une nationalité publiée ≠ zéro; TRE non fusionnés avec touristes étrangers.
provenance,Tunisie,TUN,2020,Néerlandais,Europe,country,tourist_origin,3218.0,persons,tourist_arrivals,Nationalités publiées par ONTT,ONTT,Rapports annuels ONTT 2017–2023,tunisie_provenance_touristique_2017_2023_ONTT.xlsx,exact_country,Absence d'une nationalité publiée ≠ zéro; TRE non fusionnés avec touristes étrangers.
provenance,Tunisie,TUN,2021,Néerlandais,Europe,country,tourist_origin,4188.0,persons,tourist_arrivals,Nationalités publiées par ONTT,ONTT,Rapports annuels ONTT 2017–2023,tunisie_provenance_touristique_2017_2023_ONTT.xlsx,exact_country,Absence d'une nationalité publiée ≠ zéro; TRE non fusionnés avec touristes étrangers.
provenance,Tunisie,TUN,2022,Néerlandais,Europe,country,tourist_origin,18463.0,persons,tourist_arrivals,Nationalités publiées par ONTT,ONTT,Rapports annuels ONTT 2017–2023,tunisie_provenance_touristique_2017_2023_ONTT.xlsx,exact_country,Absence d'une nationalité publiée ≠ zéro; TRE non fusionnés avec touristes étrangers.
provenance,Tunisie,TUN,2023,Néerlandais,Europe,country,tourist_origin,28660.0,persons,tourist_arrivals,Nationalités publiées par ONTT,ONTT,Rapports annuels ONTT 2017–2023,tunisie_provenance_touristique_2017_2023_ONTT.xlsx,exact_country,Absence d'une nationalité publiée ≠ zéro; TRE non fusionnés avec touristes étrangers.
provenance,Tunisie,TUN,2017,Autrichiens,Europe,country,tourist_origin,11521.0,persons,tourist_arrivals,Nationalités publiées par ONTT,ONTT,Rapports annuels ONTT 2017–2023,tunisie_provenance_touristique_2017_2023_ONTT.xlsx,exact_country,Absence d'une nationalité publiée ≠ zéro; TRE non fusionnés avec touristes étrangers.
provenance,Tunisie,TUN,2018,Autrichiens,Europe,country,tourist_origin,18649.0,persons,tourist_arrivals,Nationalités publiées par ONTT,ONTT,Rapports annuels ONTT 2017–2023,tunisie_provenance_touristique_2017_2023_ONTT.xlsx,exact_country,Absence d'une nationalité publiée ≠ zéro; TRE non fusionnés avec touristes étrangers.
provenance,Tunisie,TUN,2019,Autrichiens,Europe,country,tourist_origin,20132.0,persons,tourist_arrivals,Nationalités publiées par ONTT,ONTT,Rapports annuels ONTT 2017–2023,tunisie_provenance_touristique_2017_2023_ONTT.xlsx,exact_country,Absence d'une nationalité publiée ≠ zéro; TRE non fusionnés avec touristes étrangers.
provenance,Tunisie,TUN,2020,Autrichiens,Europe,country,tourist_origin,2632.0,persons,tourist_arrivals,Nationalités publiées par ONTT,ONTT,Rapports annuels ONTT 2017–2023,tunisie_provenance_touristique_2017_2023_ONTT.xlsx,exact_country,Absence d'une nationalité publiée ≠ zéro; TRE non fusionnés avec touristes étrangers.
provenance,Tunisie,TUN,2021,Autrichiens,Europe,country,tourist_origin,3571.0,persons,tourist_arrivals,Nationalités publiées par ONTT,ONTT,Rapports annuels ONTT 2017–2023,tunisie_provenance_touristique_2017_2023_ONTT.xlsx,exact_country,Absence d'une nationalité publiée ≠ zéro; TRE non fusionnés avec touristes étrangers.
provenance,Tunisie,TUN,2022,Autrichiens,Europe,country,tourist_origin,12415.0,persons,tourist_arrivals,Nationalités publiées par ONTT,ONTT,Rapports annuels ONTT 2017–2023,tunisie_provenance_touristique_2017_2023_ONTT.xlsx,exact_country,Absence d'une nationalité publiée ≠ zéro; TRE non fusionnés avec touristes étrangers.
provenance,Tunisie,TUN,2023,Autrichiens,Europe,country,tourist_origin,19307.0,persons,tourist_arrivals,Nationalités publiées par ONTT,ONTT,Rapports annuels ONTT 2017–2023,tunisie_provenance_touristique_2017_2023_ONTT.xlsx,exact_country,Absence d'une nationalité publiée ≠ zéro; TRE non fusionnés avec touristes étrangers.
provenance,Tunisie,TUN,2017,Espagnols,Europe,country,tourist_origin,15835.0,persons,tourist_arrivals,Nationalités publiées par ONTT,ONTT,Rapports annuels ONTT 2017–2023,tunisie_provenance_touristique_2017_2023_ONTT.xlsx,exact_country,Absence d'une nationalité publiée ≠ zéro; TRE non fusionnés avec touristes étrangers.
provenance,Tunisie,TUN,2018,Espagnols,Europe,country,tourist_origin,19788.0,persons,tourist_arrivals,Nationalités publiées par ONTT,ONTT,Rapports annuels ONTT 2017–2023,tunisie_provenance_touristique_2017_2023_ONTT.xlsx,exact_country,Absence d'une nationalité publiée ≠ zéro; TRE non fusionnés avec touristes étrangers.
provenance,Tunisie,TUN,2019,Espagnols,Europe,country,tourist_origin,22647.0,persons,tourist_arrivals,Nationalités publiées par ONTT,ONTT,Rapports annuels ONTT 2017–2023,tunisie_provenance_touristique_2017_2023_ONTT.xlsx,exact_country,Absence d'une nationalité publiée ≠ zéro; TRE non fusionnés avec touristes étrangers.
provenance,Tunisie,TUN,2020,Espagnols,Europe,country,tourist_origin,4462.0,persons,tourist_arrivals,Nationalités publiées par ONTT,ONTT,Rapports annuels ONTT 2017–2023,tunisie_provenance_touristique_2017_2023_ONTT.xlsx,exact_country,Absence d'une nationalité publiée ≠ zéro; TRE non fusionnés avec touristes étrangers.
provenance,Tunisie,TUN,2021,Espagnols,Europe,country,tourist_origin,4970.0,persons,tourist_arrivals,Nationalités publiées par ONTT,ONTT,Rapports annuels ONTT 2017–2023,tunisie_provenance_touristique_2017_2023_ONTT.xlsx,exact_country,Absence d'une nationalité publiée ≠ zéro; TRE non fusionnés avec touristes étrangers.
provenance,Tunisie,TUN,2022,Espagnols,Europe,country,tourist_origin,17085.0,persons,tourist_arrivals,Nationalités publiées par ONTT,ONTT,Rapports annuels ONTT 2017–2023,tunisie_provenance_touristique_2017_2023_ONTT.xlsx,exact_country,Absence d'une nationalité publiée ≠ zéro; TRE non fusionnés avec touristes étrangers.
provenance,Tunisie,TUN,2023,Espagnols,Europe,country,tourist_origin,26961.0,persons,tourist_arrivals,Nationalités publiées par ONTT,ONTT,Rapports annuels ONTT 2017–2023,tunisie_provenance_touristique_2017_2023_ONTT.xlsx,exact_country,Absence d'une nationalité publiée ≠ zéro; TRE non fusionnés avec touristes étrangers.
provenance,Tunisie,TUN,2017,Luxembourgeois,Europe,country,tourist_origin,,persons,tourist_arrivals,Nationalités publiées par ONTT,ONTT,Rapports annuels ONTT 2017–2023,tunisie_provenance_touristique_2017_2023_ONTT.xlsx,missing_unverified,Absence d'une nationalité publiée ≠ zéro; TRE non fusionnés avec touristes étrangers. Valeur absente du dataset harmonisé ; cause de l'absence non vérifiée dans la source originale. Ne pas interpréter comme zéro.
provenance,Tunisie,TUN,2018,Luxembourgeois,Europe,country,tourist_origin,,persons,tourist_arrivals,Nationalités publiées par ONTT,ONTT,Rapports annuels ONTT 2017–2023,tunisie_provenance_touristique_2017_2023_ONTT.xlsx,missing_unverified,Absence d'une nationalité publiée ≠ zéro; TRE non fusionnés avec touristes étrangers. Valeur absente du dataset harmonisé ; cause de l'absence non vérifiée dans la source originale. Ne pas interpréter comme zéro.
provenance,Tunisie,TUN,2019,Luxembourgeois,Europe,country,tourist_origin,4148.0,persons,tourist_arrivals,Nationalités publiées par ONTT,ONTT,Rapports annuels ONTT 2017–2023,tunisie_provenance_touristique_2017_2023_ONTT.xlsx,exact_country,Absence d'une nationalité publiée ≠ zéro; TRE non fusionnés avec touristes étrangers.
provenance,Tunisie,TUN,2020,Luxembourgeois,Europe,country,tourist_origin,1998.0,persons,tourist_arrivals,Nationalités publiées par ONTT,ONTT,Rapports annuels ONTT 2017–2023,tunisie_provenance_touristique_2017_2023_ONTT.xlsx,exact_country,Absence d'une nationalité publiée ≠ zéro; TRE non fusionnés avec touristes étrangers.
provenance,Tunisie,TUN,2021,Luxembourgeois,Europe,country,tourist_origin,2699.0,persons,tourist_arrivals,Nationalités publiées par ONTT,ONTT,Rapports annuels ONTT 2017–2023,tunisie_provenance_touristique_2017_2023_ONTT.xlsx,exact_country,Absence d'une nationalité publiée ≠ zéro; TRE non fusionnés avec touristes étrangers.
provenance,Tunisie,TUN,2022,Luxembourgeois,Europe,country,tourist_origin,5957.0,persons,tourist_arrivals,Nationalités publiées par ONTT,ONTT,Rapports annuels ONTT 2017–2023,tunisie_provenance_touristique_2017_2023_ONTT.xlsx,exact_country,Absence d'une nationalité publiée ≠ zéro; TRE non fusionnés avec touristes étrangers.
provenance,Tunisie,TUN,2023,Luxembourgeois,Europe,country,tourist_origin,6542.0,persons,tourist_arrivals,Nationalités publiées par ONTT,ONTT,Rapports annuels ONTT 2017–2023,tunisie_provenance_touristique_2017_2023_ONTT.xlsx,exact_country,Absence d'une nationalité publiée ≠ zéro; TRE non fusionnés avec touristes étrangers.
provenance,Tunisie,TUN,2017,Grecs,Europe,country,tourist_origin,,persons,tourist_arrivals,Nationalités publiées par ONTT,ONTT,Rapports annuels ONTT 2017–2023,tunisie_provenance_touristique_2017_2023_ONTT.xlsx,missing_unverified,Absence d'une nationalité publiée ≠ zéro; TRE non fusionnés avec touristes étrangers. Valeur absente du dataset harmonisé ; cause de l'absence non vérifiée dans la source originale. Ne pas interpréter comme zéro.
provenance,Tunisie,TUN,2018,Grecs,Europe,country,tourist_origin,,persons,tourist_arrivals,Nationalités publiées par ONTT,ONTT,Rapports annuels ONTT 2017–2023,tunisie_provenance_touristique_2017_2023_ONTT.xlsx,missing_unverified,Absence d'une nationalité publiée ≠ zéro; TRE non fusionnés avec touristes étrangers. Valeur absente du dataset harmonisé ; cause de l'absence non vérifiée dans la source originale. Ne pas interpréter comme zéro.
provenance,Tunisie,TUN,2019,Grecs,Europe,country,tourist_origin,2776.0,persons,tourist_arrivals,Nationalités publiées par ONTT,ONTT,Rapports annuels ONTT 2017–2023,tunisie_provenance_touristique_2017_2023_ONTT.xlsx,exact_country,Absence d'une nationalité publiée ≠ zéro; TRE non fusionnés avec touristes étrangers.
provenance,Tunisie,TUN,2020,Grecs,Europe,country,tourist_origin,401.0,persons,tourist_arrivals,Nationalités publiées par ONTT,ONTT,Rapports annuels ONTT 2017–2023,tunisie_provenance_touristique_2017_2023_ONTT.xlsx,exact_country,Absence d'une nationalité publiée ≠ zéro; TRE non fusionnés avec touristes étrangers.
provenance,Tunisie,TUN,2021,Grecs,Europe,country,tourist_origin,643.0,persons,tourist_arrivals,Nationalités publiées par ONTT,ONTT,Rapports annuels ONTT 2017–2023,tunisie_provenance_touristique_2017_2023_ONTT.xlsx,exact_country,Absence d'une nationalité publiée ≠ zéro; TRE non fusionnés avec touristes étrangers.
provenance,Tunisie,TUN,2022,Grecs,Europe,country,tourist_origin,2579.0,persons,tourist_arrivals,Nationalités publiées par ONTT,ONTT,Rapports annuels ONTT 2017–2023,tunisie_provenance_touristique_2017_2023_ONTT.xlsx,exact_country,Absence d'une nationalité publiée ≠ zéro; TRE non fusionnés avec touristes étrangers.
provenance,Tunisie,TUN,2023,Grecs,Europe,country,tourist_origin,5310.0,persons,tourist_arrivals,Nationalités publiées par ONTT,ONTT,Rapports annuels ONTT 2017–2023,tunisie_provenance_touristique_2017_2023_ONTT.xlsx,exact_country,Absence d'une nationalité publiée ≠ zéro; TRE non fusionnés avec touristes étrangers.
provenance,Tunisie,TUN,2017,Portugais,Europe,country,tourist_origin,,persons,tourist_arrivals,Nationalités publiées par ONTT,ONTT,Rapports annuels ONTT 2017–2023,tunisie_provenance_touristique_2017_2023_ONTT.xlsx,missing_unverified,Absence d'une nationalité publiée ≠ zéro; TRE non fusionnés avec touristes étrangers. Valeur absente du dataset harmonisé ; cause de l'absence non vérifiée dans la source originale. Ne pas interpréter comme zéro.
provenance,Tunisie,TUN,2018,Portugais,Europe,country,tourist_origin,,persons,tourist_arrivals,Nationalités publiées par ONTT,ONTT,Rapports annuels ONTT 2017–2023,tunisie_provenance_touristique_2017_2023_ONTT.xlsx,missing_unverified,Absence d'une nationalité publiée ≠ zéro; TRE non fusionnés avec touristes étrangers. Valeur absente du dataset harmonisé ; cause de l'absence non vérifiée dans la source originale. Ne pas interpréter comme zéro.
provenance,Tunisie,TUN,2019,Portugais,Europe,country,tourist_origin,28157.0,persons,tourist_arrivals,Nationalités publiées par ONTT,ONTT,Rapports annuels ONTT 2017–2023,tunisie_provenance_touristique_2017_2023_ONTT.xlsx,exact_country,Absence d'une nationalité publiée ≠ zéro; TRE non fusionnés avec touristes étrangers.
provenance,Tunisie,TUN,2020,Portugais,Europe,country,tourist_origin,2039.0,persons,tourist_arrivals,Nationalités publiées par ONTT,ONTT,Rapports annuels ONTT 2017–2023,tunisie_provenance_touristique_2017_2023_ONTT.xlsx,exact_country,Absence d'une nationalité publiée ≠ zéro; TRE non fusionnés avec touristes étrangers.
provenance,Tunisie,TUN,2021,Portugais,Europe,country,tourist_origin,2993.0,persons,tourist_arrivals,Nationalités publiées par ONTT,ONTT,Rapports annuels ONTT 2017–2023,tunisie_provenance_touristique_2017_2023_ONTT.xlsx,exact_country,Absence d'une nationalité publiée ≠ zéro; TRE non fusionnés avec touristes étrangers.
provenance,Tunisie,TUN,2022,Portugais,Europe,country,tourist_origin,26592.0,persons,tourist_arrivals,Nationalités publiées par ONTT,ONTT,Rapports annuels ONTT 2017–2023,tunisie_provenance_touristique_2017_2023_ONTT.xlsx,exact_country,Absence d'une nationalité publiée ≠ zéro; TRE non fusionnés avec touristes étrangers.
provenance,Tunisie,TUN,2023,Portugais,Europe,country,tourist_origin,39594.0,persons,tourist_arrivals,Nationalités publiées par ONTT,ONTT,Rapports annuels ONTT 2017–2023,tunisie_provenance_touristique_2017_2023_ONTT.xlsx,exact_country,Absence d'une nationalité publiée ≠ zéro; TRE non fusionnés avec touristes étrangers.
provenance,Tunisie,TUN,2017,Irlandais,Europe,country,tourist_origin,,persons,tourist_arrivals,Nationalités publiées par ONTT,ONTT,Rapports annuels ONTT 2017–2023,tunisie_provenance_touristique_2017_2023_ONTT.xlsx,missing_unverified,Absence d'une nationalité publiée ≠ zéro; TRE non fusionnés avec touristes étrangers. Valeur absente du dataset harmonisé ; cause de l'absence non vérifiée dans la source originale. Ne pas interpréter comme zéro.
provenance,Tunisie,TUN,2018,Irlandais,Europe,country,tourist_origin,,persons,tourist_arrivals,Nationalités publiées par ONTT,ONTT,Rapports annuels ONTT 2017–2023,tunisie_provenance_touristique_2017_2023_ONTT.xlsx,missing_unverified,Absence d'une nationalité publiée ≠ zéro; TRE non fusionnés avec touristes étrangers. Valeur absente du dataset harmonisé ; cause de l'absence non vérifiée dans la source originale. Ne pas interpréter comme zéro.
provenance,Tunisie,TUN,2019,Irlandais,Europe,country,tourist_origin,4955.0,persons,tourist_arrivals,Nationalités publiées par ONTT,ONTT,Rapports annuels ONTT 2017–2023,tunisie_provenance_touristique_2017_2023_ONTT.xlsx,exact_country,Absence d'une nationalité publiée ≠ zéro; TRE non fusionnés avec touristes étrangers.
provenance,Tunisie,TUN,2020,Irlandais,Europe,country,tourist_origin,512.0,persons,tourist_arrivals,Nationalités publiées par ONTT,ONTT,Rapports annuels ONTT 2017–2023,tunisie_provenance_touristique_2017_2023_ONTT.xlsx,exact_country,Absence d'une nationalité publiée ≠ zéro; TRE non fusionnés avec touristes étrangers.
provenance,Tunisie,TUN,2021,Irlandais,Europe,country,tourist_origin,583.0,persons,tourist_arrivals,Nationalités publiées par ONTT,ONTT,Rapports annuels ONTT 2017–2023,tunisie_provenance_touristique_2017_2023_ONTT.xlsx,exact_country,Absence d'une nationalité publiée ≠ zéro; TRE non fusionnés avec touristes étrangers.
provenance,Tunisie,TUN,2022,Irlandais,Europe,country,tourist_origin,2628.0,persons,tourist_arrivals,Nationalités publiées par ONTT,ONTT,Rapports annuels ONTT 2017–2023,tunisie_provenance_touristique_2017_2023_ONTT.xlsx,exact_country,Absence d'une nationalité publiée ≠ zéro; TRE non fusionnés avec touristes étrangers.
provenance,Tunisie,TUN,2023,Irlandais,Europe,country,tourist_origin,3572.0,persons,tourist_arrivals,Nationalités publiées par ONTT,ONTT,Rapports annuels ONTT 2017–2023,tunisie_provenance_touristique_2017_2023_ONTT.xlsx,exact_country,Absence d'une nationalité publiée ≠ zéro; TRE non fusionnés avec touristes étrangers.
provenance,Tunisie,TUN,2017,Maltais,Europe,country,tourist_origin,,persons,tourist_arrivals,Nationalités publiées par ONTT,ONTT,Rapports annuels ONTT 2017–2023,tunisie_provenance_touristique_2017_2023_ONTT.xlsx,missing_unverified,Absence d'une nationalité publiée ≠ zéro; TRE non fusionnés avec touristes étrangers. Valeur absente du dataset harmonisé ; cause de l'absence non vérifiée dans la source originale. Ne pas interpréter comme zéro.
provenance,Tunisie,TUN,2018,Maltais,Europe,country,tourist_origin,,persons,tourist_arrivals,Nationalités publiées par ONTT,ONTT,Rapports annuels ONTT 2017–2023,tunisie_provenance_touristique_2017_2023_ONTT.xlsx,missing_unverified,Absence d'une nationalité publiée ≠ zéro; TRE non fusionnés avec touristes étrangers. Valeur absente du dataset harmonisé ; cause de l'absence non vérifiée dans la source originale. Ne pas interpréter comme zéro.
provenance,Tunisie,TUN,2019,Maltais,Europe,country,tourist_origin,2407.0,persons,tourist_arrivals,Nationalités publiées par ONTT,ONTT,Rapports annuels ONTT 2017–2023,tunisie_provenance_touristique_2017_2023_ONTT.xlsx,exact_country,Absence d'une nationalité publiée ≠ zéro; TRE non fusionnés avec touristes étrangers.
provenance,Tunisie,TUN,2020,Maltais,Europe,country,tourist_origin,686.0,persons,tourist_arrivals,Nationalités publiées par ONTT,ONTT,Rapports annuels ONTT 2017–2023,tunisie_provenance_touristique_2017_2023_ONTT.xlsx,exact_country,Absence d'une nationalité publiée ≠ zéro; TRE non fusionnés avec touristes étrangers.
provenance,Tunisie,TUN,2021,Maltais,Europe,country,tourist_origin,426.0,persons,tourist_arrivals,Nationalités publiées par ONTT,ONTT,Rapports annuels ONTT 2017–2023,tunisie_provenance_touristique_2017_2023_ONTT.xlsx,exact_country,Absence d'une nationalité publiée ≠ zéro; TRE non fusionnés avec touristes étrangers.
provenance,Tunisie,TUN,2022,Maltais,Europe,country,tourist_origin,1402.0,persons,tourist_arrivals,Nationalités publiées par ONTT,ONTT,Rapports annuels ONTT 2017–2023,tunisie_provenance_touristique_2017_2023_ONTT.xlsx,exact_country,Absence d'une nationalité publiée ≠ zéro; TRE non fusionnés avec touristes étrangers.
provenance,Tunisie,TUN,2023,Maltais,Europe,country,tourist_origin,1662.0,persons,tourist_arrivals,Nationalités publiées par ONTT,ONTT,Rapports annuels ONTT 2017–2023,tunisie_provenance_touristique_2017_2023_ONTT.xlsx,exact_country,Absence d'une nationalité publiée ≠ zéro; TRE non fusionnés avec touristes étrangers.
provenance,Tunisie,TUN,2017,Croates,Europe,country,tourist_origin,,persons,tourist_arrivals,Nationalités publiées par ONTT,ONTT,Rapports annuels ONTT 2017–2023,tunisie_provenance_touristique_2017_2023_ONTT.xlsx,missing_unverified,Absence d'une nationalité publiée ≠ zéro; TRE non fusionnés avec touristes étrangers. Valeur absente du dataset harmonisé ; cause de l'absence non vérifiée dans la source originale. Ne pas interpréter comme zéro.
provenance,Tunisie,TUN,2018,Croates,Europe,country,tourist_origin,,persons,tourist_arrivals,Nationalités publiées par ONTT,ONTT,Rapports annuels ONTT 2017–2023,tunisie_provenance_touristique_2017_2023_ONTT.xlsx,missing_unverified,Absence d'une nationalité publiée ≠ zéro; TRE non fusionnés avec touristes étrangers. Valeur absente du dataset harmonisé ; cause de l'absence non vérifiée dans la source originale. Ne pas interpréter comme zéro.
provenance,Tunisie,TUN,2019,Croates,Europe,country,tourist_origin,1999.0,persons,tourist_arrivals,Nationalités publiées par ONTT,ONTT,Rapports annuels ONTT 2017–2023,tunisie_provenance_touristique_2017_2023_ONTT.xlsx,exact_country,Absence d'une nationalité publiée ≠ zéro; TRE non fusionnés avec touristes étrangers.
provenance,Tunisie,TUN,2020,Croates,Europe,country,tourist_origin,474.0,persons,tourist_arrivals,Nationalités publiées par ONTT,ONTT,Rapports annuels ONTT 2017–2023,tunisie_provenance_touristique_2017_2023_ONTT.xlsx,exact_country,Absence d'une nationalité publiée ≠ zéro; TRE non fusionnés avec touristes étrangers.
provenance,Tunisie,TUN,2021,Croates,Europe,country,tourist_origin,384.0,persons,tourist_arrivals,Nationalités publiées par ONTT,ONTT,Rapports annuels ONTT 2017–2023,tunisie_provenance_touristique_2017_2023_ONTT.xlsx,exact_country,Absence d'une nationalité publiée ≠ zéro; TRE non fusionnés avec touristes étrangers.
provenance,Tunisie,TUN,2022,Croates,Europe,country,tourist_origin,1603.0,persons,tourist_arrivals,Nationalités publiées par ONTT,ONTT,Rapports annuels ONTT 2017–2023,tunisie_provenance_touristique_2017_2023_ONTT.xlsx,exact_country,Absence d'une nationalité publiée ≠ zéro; TRE non fusionnés avec touristes étrangers.
provenance,Tunisie,TUN,2023,Croates,Europe,country,tourist_origin,3366.0,persons,tourist_arrivals,Nationalités publiées par ONTT,ONTT,Rapports annuels ONTT 2017–2023,tunisie_provenance_touristique_2017_2023_ONTT.xlsx,exact_country,Absence d'une nationalité publiée ≠ zéro; TRE non fusionnés avec touristes étrangers.
provenance,Tunisie,TUN,2017,Serbes,Europe,country,tourist_origin,,persons,tourist_arrivals,Nationalités publiées par ONTT,ONTT,Rapports annuels ONTT 2017–2023,tunisie_provenance_touristique_2017_2023_ONTT.xlsx,missing_unverified,Absence d'une nationalité publiée ≠ zéro; TRE non fusionnés avec touristes étrangers. Valeur absente du dataset harmonisé ; cause de l'absence non vérifiée dans la source originale. Ne pas interpréter comme zéro.
provenance,Tunisie,TUN,2018,Serbes,Europe,country,tourist_origin,,persons,tourist_arrivals,Nationalités publiées par ONTT,ONTT,Rapports annuels ONTT 2017–2023,tunisie_provenance_touristique_2017_2023_ONTT.xlsx,missing_unverified,Absence d'une nationalité publiée ≠ zéro; TRE non fusionnés avec touristes étrangers. Valeur absente du dataset harmonisé ; cause de l'absence non vérifiée dans la source originale. Ne pas interpréter comme zéro.
provenance,Tunisie,TUN,2019,Serbes,Europe,country,tourist_origin,8268.0,persons,tourist_arrivals,Nationalités publiées par ONTT,ONTT,Rapports annuels ONTT 2017–2023,tunisie_provenance_touristique_2017_2023_ONTT.xlsx,exact_country,Absence d'une nationalité publiée ≠ zéro; TRE non fusionnés avec touristes étrangers.
provenance,Tunisie,TUN,2020,Serbes,Europe,country,tourist_origin,615.0,persons,tourist_arrivals,Nationalités publiées par ONTT,ONTT,Rapports annuels ONTT 2017–2023,tunisie_provenance_touristique_2017_2023_ONTT.xlsx,exact_country,Absence d'une nationalité publiée ≠ zéro; TRE non fusionnés avec touristes étrangers.
provenance,Tunisie,TUN,2021,Serbes,Europe,country,tourist_origin,2195.0,persons,tourist_arrivals,Nationalités publiées par ONTT,ONTT,Rapports annuels ONTT 2017–2023,tunisie_provenance_touristique_2017_2023_ONTT.xlsx,exact_country,Absence d'une nationalité publiée ≠ zéro; TRE non fusionnés avec touristes étrangers.
provenance,Tunisie,TUN,2022,Serbes,Europe,country,tourist_origin,9736.0,persons,tourist_arrivals,Nationalités publiées par ONTT,ONTT,Rapports annuels ONTT 2017–2023,tunisie_provenance_touristique_2017_2023_ONTT.xlsx,exact_country,Absence d'une nationalité publiée ≠ zéro; TRE non fusionnés avec touristes étrangers.
provenance,Tunisie,TUN,2023,Serbes,Europe,country,tourist_origin,33420.0,persons,tourist_arrivals,Nationalités publiées par ONTT,ONTT,Rapports annuels ONTT 2017–2023,tunisie_provenance_touristique_2017_2023_ONTT.xlsx,exact_country,Absence d'une nationalité publiée ≠ zéro; TRE non fusionnés avec touristes étrangers.
provenance,Tunisie,TUN,2017,Turcs,Europe,country,tourist_origin,,persons,tourist_arrivals,Nationalités publiées par ONTT,ONTT,Rapports annuels ONTT 2017–2023,tunisie_provenance_touristique_2017_2023_ONTT.xlsx,missing_unverified,Absence d'une nationalité publiée ≠ zéro; TRE non fusionnés avec touristes étrangers. Valeur absente du dataset harmonisé ; cause de l'absence non vérifiée dans la source originale. Ne pas interpréter comme zéro.
provenance,Tunisie,TUN,2018,Turcs,Europe,country,tourist_origin,,persons,tourist_arrivals,Nationalités publiées par ONTT,ONTT,Rapports annuels ONTT 2017–2023,tunisie_provenance_touristique_2017_2023_ONTT.xlsx,missing_unverified,Absence d'une nationalité publiée ≠ zéro; TRE non fusionnés avec touristes étrangers. Valeur absente du dataset harmonisé ; cause de l'absence non vérifiée dans la source originale. Ne pas interpréter comme zéro.
provenance,Tunisie,TUN,2019,Turcs,Europe,country,tourist_origin,15584.0,persons,tourist_arrivals,Nationalités publiées par ONTT,ONTT,Rapports annuels ONTT 2017–2023,tunisie_provenance_touristique_2017_2023_ONTT.xlsx,exact_country,Absence d'une nationalité publiée ≠ zéro; TRE non fusionnés avec touristes étrangers.
provenance,Tunisie,TUN,2020,Turcs,Europe,country,tourist_origin,3783.0,persons,tourist_arrivals,Nationalités publiées par ONTT,ONTT,Rapports annuels ONTT 2017–2023,tunisie_provenance_touristique_2017_2023_ONTT.xlsx,exact_country,Absence d'une nationalité publiée ≠ zéro; TRE non fusionnés avec touristes étrangers.
provenance,Tunisie,TUN,2021,Turcs,Europe,country,tourist_origin,4860.0,persons,tourist_arrivals,Nationalités publiées par ONTT,ONTT,Rapports annuels ONTT 2017–2023,tunisie_provenance_touristique_2017_2023_ONTT.xlsx,exact_country,Absence d'une nationalité publiée ≠ zéro; TRE non fusionnés avec touristes étrangers.
provenance,Tunisie,TUN,2022,Turcs,Europe,country,tourist_origin,10530.0,persons,tourist_arrivals,Nationalités publiées par ONTT,ONTT,Rapports annuels ONTT 2017–2023,tunisie_provenance_touristique_2017_2023_ONTT.xlsx,exact_country,Absence d'une nationalité publiée ≠ zéro; TRE non fusionnés avec touristes étrangers.
provenance,Tunisie,TUN,2023,Turcs,Europe,country,tourist_origin,16909.0,persons,tourist_arrivals,Nationalités publiées par ONTT,ONTT,Rapports annuels ONTT 2017–2023,tunisie_provenance_touristique_2017_2023_ONTT.xlsx,exact_country,Absence d'une nationalité publiée ≠ zéro; TRE non fusionnés avec touristes étrangers.
provenance,Tunisie,TUN,2017,Lituaniens,Europe,country,tourist_origin,,persons,tourist_arrivals,Nationalités publiées par ONTT,ONTT,Rapports annuels ONTT 2017–2023,tunisie_provenance_touristique_2017_2023_ONTT.xlsx,missing_unverified,Absence d'une nationalité publiée ≠ zéro; TRE non fusionnés avec touristes étrangers. Valeur absente du dataset harmonisé ; cause de l'absence non vérifiée dans la source originale. Ne pas interpréter comme zéro.
provenance,Tunisie,TUN,2018,Lituaniens,Europe,country,tourist_origin,,persons,tourist_arrivals,Nationalités publiées par ONTT,ONTT,Rapports annuels ONTT 2017–2023,tunisie_provenance_touristique_2017_2023_ONTT.xlsx,missing_unverified,Absence d'une nationalité publiée ≠ zéro; TRE non fusionnés avec touristes étrangers. Valeur absente du dataset harmonisé ; cause de l'absence non vérifiée dans la source originale. Ne pas interpréter comme zéro.
provenance,Tunisie,TUN,2019,Lituaniens,Europe,country,tourist_origin,8066.0,persons,tourist_arrivals,Nationalités publiées par ONTT,ONTT,Rapports annuels ONTT 2017–2023,tunisie_provenance_touristique_2017_2023_ONTT.xlsx,exact_country,Absence d'une nationalité publiée ≠ zéro; TRE non fusionnés avec touristes étrangers.
provenance,Tunisie,TUN,2020,Lituaniens,Europe,country,tourist_origin,165.0,persons,tourist_arrivals,Nationalités publiées par ONTT,ONTT,Rapports annuels ONTT 2017–2023,tunisie_provenance_touristique_2017_2023_ONTT.xlsx,exact_country,Absence d'une nationalité publiée ≠ zéro; TRE non fusionnés avec touristes étrangers.
provenance,Tunisie,TUN,2021,Lituaniens,Europe,country,tourist_origin,288.0,persons,tourist_arrivals,Nationalités publiées par ONTT,ONTT,Rapports annuels ONTT 2017–2023,tunisie_provenance_touristique_2017_2023_ONTT.xlsx,exact_country,Absence d'une nationalité publiée ≠ zéro; TRE non fusionnés avec touristes étrangers.
provenance,Tunisie,TUN,2022,Lituaniens,Europe,country,tourist_origin,5197.0,persons,tourist_arrivals,Nationalités publiées par ONTT,ONTT,Rapports annuels ONTT 2017–2023,tunisie_provenance_touristique_2017_2023_ONTT.xlsx,exact_country,Absence d'une nationalité publiée ≠ zéro; TRE non fusionnés avec touristes étrangers.
provenance,Tunisie,TUN,2023,Lituaniens,Europe,country,tourist_origin,17490.0,persons,tourist_arrivals,Nationalités publiées par ONTT,ONTT,Rapports annuels ONTT 2017–2023,tunisie_provenance_touristique_2017_2023_ONTT.xlsx,exact_country,Absence d'une nationalité publiée ≠ zéro; TRE non fusionnés avec touristes étrangers.
provenance,Tunisie,TUN,2017,Russes,Europe,country,tourist_origin,515804.0,persons,tourist_arrivals,Nationalités publiées par ONTT,ONTT,Rapports annuels ONTT 2017–2023,tunisie_provenance_touristique_2017_2023_ONTT.xlsx,exact_country,Absence d'une nationalité publiée ≠ zéro; TRE non fusionnés avec touristes étrangers.
provenance,Tunisie,TUN,2018,Russes,Europe,country,tourist_origin,599032.0,persons,tourist_arrivals,Nationalités publiées par ONTT,ONTT,Rapports annuels ONTT 2017–2023,tunisie_provenance_touristique_2017_2023_ONTT.xlsx,exact_country,Absence d'une nationalité publiée ≠ zéro; TRE non fusionnés avec touristes étrangers.
provenance,Tunisie,TUN,2019,Russes,Europe,country,tourist_origin,633327.0,persons,tourist_arrivals,Nationalités publiées par ONTT,ONTT,Rapports annuels ONTT 2017–2023,tunisie_provenance_touristique_2017_2023_ONTT.xlsx,exact_country,Absence d'une nationalité publiée ≠ zéro; TRE non fusionnés avec touristes étrangers.
provenance,Tunisie,TUN,2020,Russes,Europe,country,tourist_origin,2279.0,persons,tourist_arrivals,Nationalités publiées par ONTT,ONTT,Rapports annuels ONTT 2017–2023,tunisie_provenance_touristique_2017_2023_ONTT.xlsx,exact_country,Absence d'une nationalité publiée ≠ zéro; TRE non fusionnés avec touristes étrangers.
provenance,Tunisie,TUN,2021,Russes,Europe,country,tourist_origin,85026.0,persons,tourist_arrivals,Nationalités publiées par ONTT,ONTT,Rapports annuels ONTT 2017–2023,tunisie_provenance_touristique_2017_2023_ONTT.xlsx,exact_country,Absence d'une nationalité publiée ≠ zéro; TRE non fusionnés avec touristes étrangers.
provenance,Tunisie,TUN,2022,Russes,Europe,country,tourist_origin,12228.0,persons,tourist_arrivals,Nationalités publiées par ONTT,ONTT,Rapports annuels ONTT 2017–2023,tunisie_provenance_touristique_2017_2023_ONTT.xlsx,exact_country,Absence d'une nationalité publiée ≠ zéro; TRE non fusionnés avec touristes étrangers.
provenance,Tunisie,TUN,2023,Russes,Europe,country,tourist_origin,24458.0,persons,tourist_arrivals,Nationalités publiées par ONTT,ONTT,Rapports annuels ONTT 2017–2023,tunisie_provenance_touristique_2017_2023_ONTT.xlsx,exact_country,Absence d'une nationalité publiée ≠ zéro; TRE non fusionnés avec touristes étrangers.
provenance,Tunisie,TUN,2017,Ukrainiens,Europe,country,tourist_origin,23436.0,persons,tourist_arrivals,Nationalités publiées par ONTT,ONTT,Rapports annuels ONTT 2017–2023,tunisie_provenance_touristique_2017_2023_ONTT.xlsx,exact_country,Absence d'une nationalité publiée ≠ zéro; TRE non fusionnés avec touristes étrangers.
provenance,Tunisie,TUN,2018,Ukrainiens,Europe,country,tourist_origin,21209.0,persons,tourist_arrivals,Nationalités publiées par ONTT,ONTT,Rapports annuels ONTT 2017–2023,tunisie_provenance_touristique_2017_2023_ONTT.xlsx,exact_country,Absence d'une nationalité publiée ≠ zéro; TRE non fusionnés avec touristes étrangers.
provenance,Tunisie,TUN,2019,Ukrainiens,Europe,country,tourist_origin,29446.0,persons,tourist_arrivals,Nationalités publiées par ONTT,ONTT,Rapports annuels ONTT 2017–2023,tunisie_provenance_touristique_2017_2023_ONTT.xlsx,exact_country,Absence d'une nationalité publiée ≠ zéro; TRE non fusionnés avec touristes étrangers.
provenance,Tunisie,TUN,2020,Ukrainiens,Europe,country,tourist_origin,1299.0,persons,tourist_arrivals,Nationalités publiées par ONTT,ONTT,Rapports annuels ONTT 2017–2023,tunisie_provenance_touristique_2017_2023_ONTT.xlsx,exact_country,Absence d'une nationalité publiée ≠ zéro; TRE non fusionnés avec touristes étrangers.
provenance,Tunisie,TUN,2021,Ukrainiens,Europe,country,tourist_origin,3826.0,persons,tourist_arrivals,Nationalités publiées par ONTT,ONTT,Rapports annuels ONTT 2017–2023,tunisie_provenance_touristique_2017_2023_ONTT.xlsx,exact_country,Absence d'une nationalité publiée ≠ zéro; TRE non fusionnés avec touristes étrangers.
provenance,Tunisie,TUN,2022,Ukrainiens,Europe,country,tourist_origin,7379.0,persons,tourist_arrivals,Nationalités publiées par ONTT,ONTT,Rapports annuels ONTT 2017–2023,tunisie_provenance_touristique_2017_2023_ONTT.xlsx,exact_country,Absence d'une nationalité publiée ≠ zéro; TRE non fusionnés avec touristes étrangers.
provenance,Tunisie,TUN,2023,Ukrainiens,Europe,country,tourist_origin,14269.0,persons,tourist_arrivals,Nationalités publiées par ONTT,ONTT,Rapports annuels ONTT 2017–2023,tunisie_provenance_touristique_2017_2023_ONTT.xlsx,exact_country,Absence d'une nationalité publiée ≠ zéro; TRE non fusionnés avec touristes étrangers.
provenance,Tunisie,TUN,2017,Tchèques,Europe,country,tourist_origin,61862.0,persons,tourist_arrivals,Nationalités publiées par ONTT,ONTT,Rapports annuels ONTT 2017–2023,tunisie_provenance_touristique_2017_2023_ONTT.xlsx,exact_country,Absence d'une nationalité publiée ≠ zéro; TRE non fusionnés avec touristes étrangers.
provenance,Tunisie,TUN,2018,Tchèques,Europe,country,tourist_origin,93883.0,persons,tourist_arrivals,Nationalités publiées par ONTT,ONTT,Rapports annuels ONTT 2017–2023,tunisie_provenance_touristique_2017_2023_ONTT.xlsx,exact_country,Absence d'une nationalité publiée ≠ zéro; TRE non fusionnés avec touristes étrangers.
provenance,Tunisie,TUN,2019,Tchèques,Europe,country,tourist_origin,107584.0,persons,tourist_arrivals,Nationalités publiées par ONTT,ONTT,Rapports annuels ONTT 2017–2023,tunisie_provenance_touristique_2017_2023_ONTT.xlsx,exact_country,Absence d'une nationalité publiée ≠ zéro; TRE non fusionnés avec touristes étrangers.
provenance,Tunisie,TUN,2020,Tchèques,Europe,country,tourist_origin,18963.0,persons,tourist_arrivals,Nationalités publiées par ONTT,ONTT,Rapports annuels ONTT 2017–2023,tunisie_provenance_touristique_2017_2023_ONTT.xlsx,exact_country,Absence d'une nationalité publiée ≠ zéro; TRE non fusionnés avec touristes étrangers.
provenance,Tunisie,TUN,2021,Tchèques,Europe,country,tourist_origin,12692.0,persons,tourist_arrivals,Nationalités publiées par ONTT,ONTT,Rapports annuels ONTT 2017–2023,tunisie_provenance_touristique_2017_2023_ONTT.xlsx,exact_country,Absence d'une nationalité publiée ≠ zéro; TRE non fusionnés avec touristes étrangers.
provenance,Tunisie,TUN,2022,Tchèques,Europe,country,tourist_origin,111596.0,persons,tourist_arrivals,Nationalités publiées par ONTT,ONTT,Rapports annuels ONTT 2017–2023,tunisie_provenance_touristique_2017_2023_ONTT.xlsx,exact_country,Absence d'une nationalité publiée ≠ zéro; TRE non fusionnés avec touristes étrangers.
provenance,Tunisie,TUN,2023,Tchèques,Europe,country,tourist_origin,132933.0,persons,tourist_arrivals,Nationalités publiées par ONTT,ONTT,Rapports annuels ONTT 2017–2023,tunisie_provenance_touristique_2017_2023_ONTT.xlsx,exact_country,Absence d'une nationalité publiée ≠ zéro; TRE non fusionnés avec touristes étrangers.
provenance,Tunisie,TUN,2017,Slovaques,Europe,country,tourist_origin,,persons,tourist_arrivals,Nationalités publiées par ONTT,ONTT,Rapports annuels ONTT 2017–2023,tunisie_provenance_touristique_2017_2023_ONTT.xlsx,missing_unverified,Absence d'une nationalité publiée ≠ zéro; TRE non fusionnés avec touristes étrangers. Valeur absente du dataset harmonisé ; cause de l'absence non vérifiée dans la source originale. Ne pas interpréter comme zéro.
provenance,Tunisie,TUN,2018,Slovaques,Europe,country,tourist_origin,,persons,tourist_arrivals,Nationalités publiées par ONTT,ONTT,Rapports annuels ONTT 2017–2023,tunisie_provenance_touristique_2017_2023_ONTT.xlsx,missing_unverified,Absence d'une nationalité publiée ≠ zéro; TRE non fusionnés avec touristes étrangers. Valeur absente du dataset harmonisé ; cause de l'absence non vérifiée dans la source originale. Ne pas interpréter comme zéro.
provenance,Tunisie,TUN,2019,Slovaques,Europe,country,tourist_origin,19738.0,persons,tourist_arrivals,Nationalités publiées par ONTT,ONTT,Rapports annuels ONTT 2017–2023,tunisie_provenance_touristique_2017_2023_ONTT.xlsx,exact_country,Absence d'une nationalité publiée ≠ zéro; TRE non fusionnés avec touristes étrangers.
provenance,Tunisie,TUN,2020,Slovaques,Europe,country,tourist_origin,469.0,persons,tourist_arrivals,Nationalités publiées par ONTT,ONTT,Rapports annuels ONTT 2017–2023,tunisie_provenance_touristique_2017_2023_ONTT.xlsx,exact_country,Absence d'une nationalité publiée ≠ zéro; TRE non fusionnés avec touristes étrangers.
provenance,Tunisie,TUN,2021,Slovaques,Europe,country,tourist_origin,587.0,persons,tourist_arrivals,Nationalités publiées par ONTT,ONTT,Rapports annuels ONTT 2017–2023,tunisie_provenance_touristique_2017_2023_ONTT.xlsx,exact_country,Absence d'une nationalité publiée ≠ zéro; TRE non fusionnés avec touristes étrangers.
provenance,Tunisie,TUN,2022,Slovaques,Europe,country,tourist_origin,20472.0,persons,tourist_arrivals,Nationalités publiées par ONTT,ONTT,Rapports annuels ONTT 2017–2023,tunisie_provenance_touristique_2017_2023_ONTT.xlsx,exact_country,Absence d'une nationalité publiée ≠ zéro; TRE non fusionnés avec touristes étrangers.
provenance,Tunisie,TUN,2023,Slovaques,Europe,country,tourist_origin,26461.0,persons,tourist_arrivals,Nationalités publiées par ONTT,ONTT,Rapports annuels ONTT 2017–2023,tunisie_provenance_touristique_2017_2023_ONTT.xlsx,exact_country,Absence d'une nationalité publiée ≠ zéro; TRE non fusionnés avec touristes étrangers.
provenance,Tunisie,TUN,2017,Slovènes,Europe,country,tourist_origin,,persons,tourist_arrivals,Nationalités publiées par ONTT,ONTT,Rapports annuels ONTT 2017–2023,tunisie_provenance_touristique_2017_2023_ONTT.xlsx,missing_unverified,Absence d'une nationalité publiée ≠ zéro; TRE non fusionnés avec touristes étrangers. Valeur absente du dataset harmonisé ; cause de l'absence non vérifiée dans la source originale. Ne pas interpréter comme zéro.
provenance,Tunisie,TUN,2018,Slovènes,Europe,country,tourist_origin,,persons,tourist_arrivals,Nationalités publiées par ONTT,ONTT,Rapports annuels ONTT 2017–2023,tunisie_provenance_touristique_2017_2023_ONTT.xlsx,missing_unverified,Absence d'une nationalité publiée ≠ zéro; TRE non fusionnés avec touristes étrangers. Valeur absente du dataset harmonisé ; cause de l'absence non vérifiée dans la source originale. Ne pas interpréter comme zéro.
provenance,Tunisie,TUN,2019,Slovènes,Europe,country,tourist_origin,4314.0,persons,tourist_arrivals,Nationalités publiées par ONTT,ONTT,Rapports annuels ONTT 2017–2023,tunisie_provenance_touristique_2017_2023_ONTT.xlsx,exact_country,Absence d'une nationalité publiée ≠ zéro; TRE non fusionnés avec touristes étrangers.
provenance,Tunisie,TUN,2020,Slovènes,Europe,country,tourist_origin,137.0,persons,tourist_arrivals,Nationalités publiées par ONTT,ONTT,Rapports annuels ONTT 2017–2023,tunisie_provenance_touristique_2017_2023_ONTT.xlsx,exact_country,Absence d'une nationalité publiée ≠ zéro; TRE non fusionnés avec touristes étrangers.
provenance,Tunisie,TUN,2021,Slovènes,Europe,country,tourist_origin,402.0,persons,tourist_arrivals,Nationalités publiées par ONTT,ONTT,Rapports annuels ONTT 2017–2023,tunisie_provenance_touristique_2017_2023_ONTT.xlsx,exact_country,Absence d'une nationalité publiée ≠ zéro; TRE non fusionnés avec touristes étrangers.
provenance,Tunisie,TUN,2022,Slovènes,Europe,country,tourist_origin,3846.0,persons,tourist_arrivals,Nationalités publiées par ONTT,ONTT,Rapports annuels ONTT 2017–2023,tunisie_provenance_touristique_2017_2023_ONTT.xlsx,exact_country,Absence d'une nationalité publiée ≠ zéro; TRE non fusionnés avec touristes étrangers.
provenance,Tunisie,TUN,2023,Slovènes,Europe,country,tourist_origin,5911.0,persons,tourist_arrivals,Nationalités publiées par ONTT,ONTT,Rapports annuels ONTT 2017–2023,tunisie_provenance_touristique_2017_2023_ONTT.xlsx,exact_country,Absence d'une nationalité publiée ≠ zéro; TRE non fusionnés avec touristes étrangers.
provenance,Tunisie,TUN,2017,Bulgares,Europe,country,tourist_origin,,persons,tourist_arrivals,Nationalités publiées par ONTT,ONTT,Rapports annuels ONTT 2017–2023,tunisie_provenance_touristique_2017_2023_ONTT.xlsx,missing_unverified,Absence d'une nationalité publiée ≠ zéro; TRE non fusionnés avec touristes étrangers. Valeur absente du dataset harmonisé ; cause de l'absence non vérifiée dans la source originale. Ne pas interpréter comme zéro.
provenance,Tunisie,TUN,2018,Bulgares,Europe,country,tourist_origin,,persons,tourist_arrivals,Nationalités publiées par ONTT,ONTT,Rapports annuels ONTT 2017–2023,tunisie_provenance_touristique_2017_2023_ONTT.xlsx,missing_unverified,Absence d'une nationalité publiée ≠ zéro; TRE non fusionnés avec touristes étrangers. Valeur absente du dataset harmonisé ; cause de l'absence non vérifiée dans la source originale. Ne pas interpréter comme zéro.
provenance,Tunisie,TUN,2019,Bulgares,Europe,country,tourist_origin,6566.0,persons,tourist_arrivals,Nationalités publiées par ONTT,ONTT,Rapports annuels ONTT 2017–2023,tunisie_provenance_touristique_2017_2023_ONTT.xlsx,exact_country,Absence d'une nationalité publiée ≠ zéro; TRE non fusionnés avec touristes étrangers.
provenance,Tunisie,TUN,2020,Bulgares,Europe,country,tourist_origin,577.0,persons,tourist_arrivals,Nationalités publiées par ONTT,ONTT,Rapports annuels ONTT 2017–2023,tunisie_provenance_touristique_2017_2023_ONTT.xlsx,exact_country,Absence d'une nationalité publiée ≠ zéro; TRE non fusionnés avec touristes étrangers.
provenance,Tunisie,TUN,2021,Bulgares,Europe,country,tourist_origin,7148.0,persons,tourist_arrivals,Nationalités publiées par ONTT,ONTT,Rapports annuels ONTT 2017–2023,tunisie_provenance_touristique_2017_2023_ONTT.xlsx,exact_country,Absence d'une nationalité publiée ≠ zéro; TRE non fusionnés avec touristes étrangers.
provenance,Tunisie,TUN,2022,Bulgares,Europe,country,tourist_origin,18218.0,persons,tourist_arrivals,Nationalités publiées par ONTT,ONTT,Rapports annuels ONTT 2017–2023,tunisie_provenance_touristique_2017_2023_ONTT.xlsx,exact_country,Absence d'une nationalité publiée ≠ zéro; TRE non fusionnés avec touristes étrangers.
provenance,Tunisie,TUN,2023,Bulgares,Europe,country,tourist_origin,29947.0,persons,tourist_arrivals,Nationalités publiées par ONTT,ONTT,Rapports annuels ONTT 2017–2023,tunisie_provenance_touristique_2017_2023_ONTT.xlsx,exact_country,Absence d'une nationalité publiée ≠ zéro; TRE non fusionnés avec touristes étrangers.
provenance,Tunisie,TUN,2017,Hongrois,Europe,country,tourist_origin,,persons,tourist_arrivals,Nationalités publiées par ONTT,ONTT,Rapports annuels ONTT 2017–2023,tunisie_provenance_touristique_2017_2023_ONTT.xlsx,missing_unverified,Absence d'une nationalité publiée ≠ zéro; TRE non fusionnés avec touristes étrangers. Valeur absente du dataset harmonisé ; cause de l'absence non vérifiée dans la source originale. Ne pas interpréter comme zéro.
provenance,Tunisie,TUN,2018,Hongrois,Europe,country,tourist_origin,,persons,tourist_arrivals,Nationalités publiées par ONTT,ONTT,Rapports annuels ONTT 2017–2023,tunisie_provenance_touristique_2017_2023_ONTT.xlsx,missing_unverified,Absence d'une nationalité publiée ≠ zéro; TRE non fusionnés avec touristes étrangers. Valeur absente du dataset harmonisé ; cause de l'absence non vérifiée dans la source originale. Ne pas interpréter comme zéro.
provenance,Tunisie,TUN,2019,Hongrois,Europe,country,tourist_origin,14906.0,persons,tourist_arrivals,Nationalités publiées par ONTT,ONTT,Rapports annuels ONTT 2017–2023,tunisie_provenance_touristique_2017_2023_ONTT.xlsx,exact_country,Absence d'une nationalité publiée ≠ zéro; TRE non fusionnés avec touristes étrangers.
provenance,Tunisie,TUN,2020,Hongrois,Europe,country,tourist_origin,422.0,persons,tourist_arrivals,Nationalités publiées par ONTT,ONTT,Rapports annuels ONTT 2017–2023,tunisie_provenance_touristique_2017_2023_ONTT.xlsx,exact_country,Absence d'une nationalité publiée ≠ zéro; TRE non fusionnés avec touristes étrangers.
provenance,Tunisie,TUN,2021,Hongrois,Europe,country,tourist_origin,1619.0,persons,tourist_arrivals,Nationalités publiées par ONTT,ONTT,Rapports annuels ONTT 2017–2023,tunisie_provenance_touristique_2017_2023_ONTT.xlsx,exact_country,Absence d'une nationalité publiée ≠ zéro; TRE non fusionnés avec touristes étrangers.
provenance,Tunisie,TUN,2022,Hongrois,Europe,country,tourist_origin,14767.0,persons,tourist_arrivals,Nationalités publiées par ONTT,ONTT,Rapports annuels ONTT 2017–2023,tunisie_provenance_touristique_2017_2023_ONTT.xlsx,exact_country,Absence d'une nationalité publiée ≠ zéro; TRE non fusionnés avec touristes étrangers.
provenance,Tunisie,TUN,2023,Hongrois,Europe,country,tourist_origin,20559.0,persons,tourist_arrivals,Nationalités publiées par ONTT,ONTT,Rapports annuels ONTT 2017–2023,tunisie_provenance_touristique_2017_2023_ONTT.xlsx,exact_country,Absence d'une nationalité publiée ≠ zéro; TRE non fusionnés avec touristes étrangers.
provenance,Tunisie,TUN,2017,Polonais,Europe,country,tourist_origin,17010.0,persons,tourist_arrivals,Nationalités publiées par ONTT,ONTT,Rapports annuels ONTT 2017–2023,tunisie_provenance_touristique_2017_2023_ONTT.xlsx,exact_country,Absence d'une nationalité publiée ≠ zéro; TRE non fusionnés avec touristes étrangers.
provenance,Tunisie,TUN,2018,Polonais,Europe,country,tourist_origin,70524.0,persons,tourist_arrivals,Nationalités publiées par ONTT,ONTT,Rapports annuels ONTT 2017–2023,tunisie_provenance_touristique_2017_2023_ONTT.xlsx,exact_country,Absence d'une nationalité publiée ≠ zéro; TRE non fusionnés avec touristes étrangers.
provenance,Tunisie,TUN,2019,Polonais,Europe,country,tourist_origin,106780.0,persons,tourist_arrivals,Nationalités publiées par ONTT,ONTT,Rapports annuels ONTT 2017–2023,tunisie_provenance_touristique_2017_2023_ONTT.xlsx,exact_country,Absence d'une nationalité publiée ≠ zéro; TRE non fusionnés avec touristes étrangers.
provenance,Tunisie,TUN,2020,Polonais,Europe,country,tourist_origin,16511.0,persons,tourist_arrivals,Nationalités publiées par ONTT,ONTT,Rapports annuels ONTT 2017–2023,tunisie_provenance_touristique_2017_2023_ONTT.xlsx,exact_country,Absence d'une nationalité publiée ≠ zéro; TRE non fusionnés avec touristes étrangers.
provenance,Tunisie,TUN,2021,Polonais,Europe,country,tourist_origin,35387.0,persons,tourist_arrivals,Nationalités publiées par ONTT,ONTT,Rapports annuels ONTT 2017–2023,tunisie_provenance_touristique_2017_2023_ONTT.xlsx,exact_country,Absence d'une nationalité publiée ≠ zéro; TRE non fusionnés avec touristes étrangers.
provenance,Tunisie,TUN,2022,Polonais,Europe,country,tourist_origin,103427.0,persons,tourist_arrivals,Nationalités publiées par ONTT,ONTT,Rapports annuels ONTT 2017–2023,tunisie_provenance_touristique_2017_2023_ONTT.xlsx,exact_country,Absence d'une nationalité publiée ≠ zéro; TRE non fusionnés avec touristes étrangers.
provenance,Tunisie,TUN,2023,Polonais,Europe,country,tourist_origin,213136.0,persons,tourist_arrivals,Nationalités publiées par ONTT,ONTT,Rapports annuels ONTT 2017–2023,tunisie_provenance_touristique_2017_2023_ONTT.xlsx,exact_country,Absence d'une nationalité publiée ≠ zéro; TRE non fusionnés avec touristes étrangers.
provenance,Tunisie,TUN,2017,Roumains,Europe,country,tourist_origin,,persons,tourist_arrivals,Nationalités publiées par ONTT,ONTT,Rapports annuels ONTT 2017–2023,tunisie_provenance_touristique_2017_2023_ONTT.xlsx,missing_unverified,Absence d'une nationalité publiée ≠ zéro; TRE non fusionnés avec touristes étrangers. Valeur absente du dataset harmonisé ; cause de l'absence non vérifiée dans la source originale. Ne pas interpréter comme zéro.
provenance,Tunisie,TUN,2018,Roumains,Europe,country,tourist_origin,,persons,tourist_arrivals,Nationalités publiées par ONTT,ONTT,Rapports annuels ONTT 2017–2023,tunisie_provenance_touristique_2017_2023_ONTT.xlsx,missing_unverified,Absence d'une nationalité publiée ≠ zéro; TRE non fusionnés avec touristes étrangers. Valeur absente du dataset harmonisé ; cause de l'absence non vérifiée dans la source originale. Ne pas interpréter comme zéro.
provenance,Tunisie,TUN,2019,Roumains,Europe,country,tourist_origin,26282.0,persons,tourist_arrivals,Nationalités publiées par ONTT,ONTT,Rapports annuels ONTT 2017–2023,tunisie_provenance_touristique_2017_2023_ONTT.xlsx,exact_country,Absence d'une nationalité publiée ≠ zéro; TRE non fusionnés avec touristes étrangers.
provenance,Tunisie,TUN,2020,Roumains,Europe,country,tourist_origin,1511.0,persons,tourist_arrivals,Nationalités publiées par ONTT,ONTT,Rapports annuels ONTT 2017–2023,tunisie_provenance_touristique_2017_2023_ONTT.xlsx,exact_country,Absence d'une nationalité publiée ≠ zéro; TRE non fusionnés avec touristes étrangers.
provenance,Tunisie,TUN,2021,Roumains,Europe,country,tourist_origin,6764.0,persons,tourist_arrivals,Nationalités publiées par ONTT,ONTT,Rapports annuels ONTT 2017–2023,tunisie_provenance_touristique_2017_2023_ONTT.xlsx,exact_country,Absence d'une nationalité publiée ≠ zéro; TRE non fusionnés avec touristes étrangers.
provenance,Tunisie,TUN,2022,Roumains,Europe,country,tourist_origin,23786.0,persons,tourist_arrivals,Nationalités publiées par ONTT,ONTT,Rapports annuels ONTT 2017–2023,tunisie_provenance_touristique_2017_2023_ONTT.xlsx,exact_country,Absence d'une nationalité publiée ≠ zéro; TRE non fusionnés avec touristes étrangers.
provenance,Tunisie,TUN,2023,Roumains,Europe,country,tourist_origin,49283.0,persons,tourist_arrivals,Nationalités publiées par ONTT,ONTT,Rapports annuels ONTT 2017–2023,tunisie_provenance_touristique_2017_2023_ONTT.xlsx,exact_country,Absence d'une nationalité publiée ≠ zéro; TRE non fusionnés avec touristes étrangers.
provenance,Tunisie,TUN,2017,Algériens,Maghreb,country,tourist_origin,2497788.0,persons,tourist_arrivals,Nationalités publiées par ONTT,ONTT,Rapports annuels ONTT 2017–2023,tunisie_provenance_touristique_2017_2023_ONTT.xlsx,exact_country,Absence d'une nationalité publiée ≠ zéro; TRE non fusionnés avec touristes étrangers.
provenance,Tunisie,TUN,2018,Algériens,Maghreb,country,tourist_origin,2728011.0,persons,tourist_arrivals,Nationalités publiées par ONTT,ONTT,Rapports annuels ONTT 2017–2023,tunisie_provenance_touristique_2017_2023_ONTT.xlsx,exact_country,Absence d'une nationalité publiée ≠ zéro; TRE non fusionnés avec touristes étrangers.
provenance,Tunisie,TUN,2019,Algériens,Maghreb,country,tourist_origin,2934975.0,persons,tourist_arrivals,Nationalités publiées par ONTT,ONTT,Rapports annuels ONTT 2017–2023,tunisie_provenance_touristique_2017_2023_ONTT.xlsx,exact_country,Absence d'une nationalité publiée ≠ zéro; TRE non fusionnés avec touristes étrangers.
provenance,Tunisie,TUN,2020,Algériens,Maghreb,country,tourist_origin,401279.0,persons,tourist_arrivals,Nationalités publiées par ONTT,ONTT,Rapports annuels ONTT 2017–2023,tunisie_provenance_touristique_2017_2023_ONTT.xlsx,exact_country,Absence d'une nationalité publiée ≠ zéro; TRE non fusionnés avec touristes étrangers.
provenance,Tunisie,TUN,2021,Algériens,Maghreb,country,tourist_origin,30386.0,persons,tourist_arrivals,Nationalités publiées par ONTT,ONTT,Rapports annuels ONTT 2017–2023,tunisie_provenance_touristique_2017_2023_ONTT.xlsx,exact_country,Absence d'une nationalité publiée ≠ zéro; TRE non fusionnés avec touristes étrangers.
provenance,Tunisie,TUN,2022,Algériens,Maghreb,country,tourist_origin,1238724.0,persons,tourist_arrivals,Nationalités publiées par ONTT,ONTT,Rapports annuels ONTT 2017–2023,tunisie_provenance_touristique_2017_2023_ONTT.xlsx,exact_country,Absence d'une nationalité publiée ≠ zéro; TRE non fusionnés avec touristes étrangers.
provenance,Tunisie,TUN,2023,Algériens,Maghreb,country,tourist_origin,3038002.0,persons,tourist_arrivals,Nationalités publiées par ONTT,ONTT,Rapports annuels ONTT 2017–2023,tunisie_provenance_touristique_2017_2023_ONTT.xlsx,exact_country,Absence d'une nationalité publiée ≠ zéro; TRE non fusionnés avec touristes étrangers.
provenance,Tunisie,TUN,2017,Libyens,Maghreb,country,tourist_origin,1318956.0,persons,tourist_arrivals,Nationalités publiées par ONTT,ONTT,Rapports annuels ONTT 2017–2023,tunisie_provenance_touristique_2017_2023_ONTT.xlsx,exact_country,Absence d'une nationalité publiée ≠ zéro; TRE non fusionnés avec touristes étrangers.
provenance,Tunisie,TUN,2018,Libyens,Maghreb,country,tourist_origin,1504018.0,persons,tourist_arrivals,Nationalités publiées par ONTT,ONTT,Rapports annuels ONTT 2017–2023,tunisie_provenance_touristique_2017_2023_ONTT.xlsx,exact_country,Absence d'une nationalité publiée ≠ zéro; TRE non fusionnés avec touristes étrangers.
provenance,Tunisie,TUN,2019,Libyens,Maghreb,country,tourist_origin,1956060.0,persons,tourist_arrivals,Nationalités publiées par ONTT,ONTT,Rapports annuels ONTT 2017–2023,tunisie_provenance_touristique_2017_2023_ONTT.xlsx,exact_country,Absence d'une nationalité publiée ≠ zéro; TRE non fusionnés avec touristes étrangers.
provenance,Tunisie,TUN,2020,Libyens,Maghreb,country,tourist_origin,533815.0,persons,tourist_arrivals,Nationalités publiées par ONTT,ONTT,Rapports annuels ONTT 2017–2023,tunisie_provenance_touristique_2017_2023_ONTT.xlsx,exact_country,Absence d'une nationalité publiée ≠ zéro; TRE non fusionnés avec touristes étrangers.
provenance,Tunisie,TUN,2021,Libyens,Maghreb,country,tourist_origin,868186.0,persons,tourist_arrivals,Nationalités publiées par ONTT,ONTT,Rapports annuels ONTT 2017–2023,tunisie_provenance_touristique_2017_2023_ONTT.xlsx,exact_country,Absence d'une nationalité publiée ≠ zéro; TRE non fusionnés avec touristes étrangers.
provenance,Tunisie,TUN,2022,Libyens,Maghreb,country,tourist_origin,1892484.0,persons,tourist_arrivals,Nationalités publiées par ONTT,ONTT,Rapports annuels ONTT 2017–2023,tunisie_provenance_touristique_2017_2023_ONTT.xlsx,exact_country,Absence d'une nationalité publiée ≠ zéro; TRE non fusionnés avec touristes étrangers.
provenance,Tunisie,TUN,2023,Libyens,Maghreb,country,tourist_origin,2254537.0,persons,tourist_arrivals,Nationalités publiées par ONTT,ONTT,Rapports annuels ONTT 2017–2023,tunisie_provenance_touristique_2017_2023_ONTT.xlsx,exact_country,Absence d'une nationalité publiée ≠ zéro; TRE non fusionnés avec touristes étrangers.
provenance,Tunisie,TUN,2017,Marocains,Maghreb,country,tourist_origin,,persons,tourist_arrivals,Nationalités publiées par ONTT,ONTT,Rapports annuels ONTT 2017–2023,tunisie_provenance_touristique_2017_2023_ONTT.xlsx,missing_unverified,Absence d'une nationalité publiée ≠ zéro; TRE non fusionnés avec touristes étrangers. Valeur absente du dataset harmonisé ; cause de l'absence non vérifiée dans la source originale. Ne pas interpréter comme zéro.
provenance,Tunisie,TUN,2018,Marocains,Maghreb,country,tourist_origin,,persons,tourist_arrivals,Nationalités publiées par ONTT,ONTT,Rapports annuels ONTT 2017–2023,tunisie_provenance_touristique_2017_2023_ONTT.xlsx,missing_unverified,Absence d'une nationalité publiée ≠ zéro; TRE non fusionnés avec touristes étrangers. Valeur absente du dataset harmonisé ; cause de l'absence non vérifiée dans la source originale. Ne pas interpréter comme zéro.
provenance,Tunisie,TUN,2019,Marocains,Maghreb,country,tourist_origin,65691.0,persons,tourist_arrivals,Nationalités publiées par ONTT,ONTT,Rapports annuels ONTT 2017–2023,tunisie_provenance_touristique_2017_2023_ONTT.xlsx,exact_country,Absence d'une nationalité publiée ≠ zéro; TRE non fusionnés avec touristes étrangers.
provenance,Tunisie,TUN,2020,Marocains,Maghreb,country,tourist_origin,15462.0,persons,tourist_arrivals,Nationalités publiées par ONTT,ONTT,Rapports annuels ONTT 2017–2023,tunisie_provenance_touristique_2017_2023_ONTT.xlsx,exact_country,Absence d'une nationalité publiée ≠ zéro; TRE non fusionnés avec touristes étrangers.
provenance,Tunisie,TUN,2021,Marocains,Maghreb,country,tourist_origin,11225.0,persons,tourist_arrivals,Nationalités publiées par ONTT,ONTT,Rapports annuels ONTT 2017–2023,tunisie_provenance_touristique_2017_2023_ONTT.xlsx,exact_country,Absence d'une nationalité publiée ≠ zéro; TRE non fusionnés avec touristes étrangers.
provenance,Tunisie,TUN,2022,Marocains,Maghreb,country,tourist_origin,41610.0,persons,tourist_arrivals,Nationalités publiées par ONTT,ONTT,Rapports annuels ONTT 2017–2023,tunisie_provenance_touristique_2017_2023_ONTT.xlsx,exact_country,Absence d'une nationalité publiée ≠ zéro; TRE non fusionnés avec touristes étrangers.
provenance,Tunisie,TUN,2023,Marocains,Maghreb,country,tourist_origin,61325.0,persons,tourist_arrivals,Nationalités publiées par ONTT,ONTT,Rapports annuels ONTT 2017–2023,tunisie_provenance_touristique_2017_2023_ONTT.xlsx,exact_country,Absence d'une nationalité publiée ≠ zéro; TRE non fusionnés avec touristes étrangers.
provenance,Tunisie,TUN,2017,Mauritaniens,Maghreb,country,tourist_origin,,persons,tourist_arrivals,Nationalités publiées par ONTT,ONTT,Rapports annuels ONTT 2017–2023,tunisie_provenance_touristique_2017_2023_ONTT.xlsx,missing_unverified,Absence d'une nationalité publiée ≠ zéro; TRE non fusionnés avec touristes étrangers. Valeur absente du dataset harmonisé ; cause de l'absence non vérifiée dans la source originale. Ne pas interpréter comme zéro.
provenance,Tunisie,TUN,2018,Mauritaniens,Maghreb,country,tourist_origin,,persons,tourist_arrivals,Nationalités publiées par ONTT,ONTT,Rapports annuels ONTT 2017–2023,tunisie_provenance_touristique_2017_2023_ONTT.xlsx,missing_unverified,Absence d'une nationalité publiée ≠ zéro; TRE non fusionnés avec touristes étrangers. Valeur absente du dataset harmonisé ; cause de l'absence non vérifiée dans la source originale. Ne pas interpréter comme zéro.
provenance,Tunisie,TUN,2019,Mauritaniens,Maghreb,country,tourist_origin,20100.0,persons,tourist_arrivals,Nationalités publiées par ONTT,ONTT,Rapports annuels ONTT 2017–2023,tunisie_provenance_touristique_2017_2023_ONTT.xlsx,exact_country,Absence d'une nationalité publiée ≠ zéro; TRE non fusionnés avec touristes étrangers.
provenance,Tunisie,TUN,2020,Mauritaniens,Maghreb,country,tourist_origin,5932.0,persons,tourist_arrivals,Nationalités publiées par ONTT,ONTT,Rapports annuels ONTT 2017–2023,tunisie_provenance_touristique_2017_2023_ONTT.xlsx,exact_country,Absence d'une nationalité publiée ≠ zéro; TRE non fusionnés avec touristes étrangers.
provenance,Tunisie,TUN,2021,Mauritaniens,Maghreb,country,tourist_origin,10927.0,persons,tourist_arrivals,Nationalités publiées par ONTT,ONTT,Rapports annuels ONTT 2017–2023,tunisie_provenance_touristique_2017_2023_ONTT.xlsx,exact_country,Absence d'une nationalité publiée ≠ zéro; TRE non fusionnés avec touristes étrangers.
provenance,Tunisie,TUN,2022,Mauritaniens,Maghreb,country,tourist_origin,21780.0,persons,tourist_arrivals,Nationalités publiées par ONTT,ONTT,Rapports annuels ONTT 2017–2023,tunisie_provenance_touristique_2017_2023_ONTT.xlsx,exact_country,Absence d'une nationalité publiée ≠ zéro; TRE non fusionnés avec touristes étrangers.
provenance,Tunisie,TUN,2023,Mauritaniens,Maghreb,country,tourist_origin,26957.0,persons,tourist_arrivals,Nationalités publiées par ONTT,ONTT,Rapports annuels ONTT 2017–2023,tunisie_provenance_touristique_2017_2023_ONTT.xlsx,exact_country,Absence d'une nationalité publiée ≠ zéro; TRE non fusionnés avec touristes étrangers.
provenance,Tunisie,TUN,2017,Américains,Amérique du Nord,country,tourist_origin,18659.0,persons,tourist_arrivals,Nationalités publiées par ONTT,ONTT,Rapports annuels ONTT 2017–2023,tunisie_provenance_touristique_2017_2023_ONTT.xlsx,exact_country,Absence d'une nationalité publiée ≠ zéro; TRE non fusionnés avec touristes étrangers.
provenance,Tunisie,TUN,2018,Américains,Amérique du Nord,country,tourist_origin,23165.0,persons,tourist_arrivals,Nationalités publiées par ONTT,ONTT,Rapports annuels ONTT 2017–2023,tunisie_provenance_touristique_2017_2023_ONTT.xlsx,exact_country,Absence d'une nationalité publiée ≠ zéro; TRE non fusionnés avec touristes étrangers.
provenance,Tunisie,TUN,2019,Américains,Amérique du Nord,country,tourist_origin,25889.0,persons,tourist_arrivals,Nationalités publiées par ONTT,ONTT,Rapports annuels ONTT 2017–2023,tunisie_provenance_touristique_2017_2023_ONTT.xlsx,exact_country,Absence d'une nationalité publiée ≠ zéro; TRE non fusionnés avec touristes étrangers.
provenance,Tunisie,TUN,2020,Américains,Amérique du Nord,country,tourist_origin,5508.0,persons,tourist_arrivals,Nationalités publiées par ONTT,ONTT,Rapports annuels ONTT 2017–2023,tunisie_provenance_touristique_2017_2023_ONTT.xlsx,exact_country,Absence d'une nationalité publiée ≠ zéro; TRE non fusionnés avec touristes étrangers.
provenance,Tunisie,TUN,2021,Américains,Amérique du Nord,country,tourist_origin,10656.0,persons,tourist_arrivals,Nationalités publiées par ONTT,ONTT,Rapports annuels ONTT 2017–2023,tunisie_provenance_touristique_2017_2023_ONTT.xlsx,exact_country,Absence d'une nationalité publiée ≠ zéro; TRE non fusionnés avec touristes étrangers.
provenance,Tunisie,TUN,2022,Américains,Amérique du Nord,country,tourist_origin,27227.0,persons,tourist_arrivals,Nationalités publiées par ONTT,ONTT,Rapports annuels ONTT 2017–2023,tunisie_provenance_touristique_2017_2023_ONTT.xlsx,exact_country,Absence d'une nationalité publiée ≠ zéro; TRE non fusionnés avec touristes étrangers.
provenance,Tunisie,TUN,2023,Américains,Amérique du Nord,country,tourist_origin,32863.0,persons,tourist_arrivals,Nationalités publiées par ONTT,ONTT,Rapports annuels ONTT 2017–2023,tunisie_provenance_touristique_2017_2023_ONTT.xlsx,exact_country,Absence d'une nationalité publiée ≠ zéro; TRE non fusionnés avec touristes étrangers.
provenance,Tunisie,TUN,2017,Canadiens,Amérique du Nord,country,tourist_origin,12253.0,persons,tourist_arrivals,Nationalités publiées par ONTT,ONTT,Rapports annuels ONTT 2017–2023,tunisie_provenance_touristique_2017_2023_ONTT.xlsx,exact_country,Absence d'une nationalité publiée ≠ zéro; TRE non fusionnés avec touristes étrangers.
provenance,Tunisie,TUN,2018,Canadiens,Amérique du Nord,country,tourist_origin,17067.0,persons,tourist_arrivals,Nationalités publiées par ONTT,ONTT,Rapports annuels ONTT 2017–2023,tunisie_provenance_touristique_2017_2023_ONTT.xlsx,exact_country,Absence d'une nationalité publiée ≠ zéro; TRE non fusionnés avec touristes étrangers.
provenance,Tunisie,TUN,2019,Canadiens,Amérique du Nord,country,tourist_origin,21277.0,persons,tourist_arrivals,Nationalités publiées par ONTT,ONTT,Rapports annuels ONTT 2017–2023,tunisie_provenance_touristique_2017_2023_ONTT.xlsx,exact_country,Absence d'une nationalité publiée ≠ zéro; TRE non fusionnés avec touristes étrangers.
provenance,Tunisie,TUN,2020,Canadiens,Amérique du Nord,country,tourist_origin,5273.0,persons,tourist_arrivals,Nationalités publiées par ONTT,ONTT,Rapports annuels ONTT 2017–2023,tunisie_provenance_touristique_2017_2023_ONTT.xlsx,exact_country,Absence d'une nationalité publiée ≠ zéro; TRE non fusionnés avec touristes étrangers.
provenance,Tunisie,TUN,2021,Canadiens,Amérique du Nord,country,tourist_origin,8149.0,persons,tourist_arrivals,Nationalités publiées par ONTT,ONTT,Rapports annuels ONTT 2017–2023,tunisie_provenance_touristique_2017_2023_ONTT.xlsx,exact_country,Absence d'une nationalité publiée ≠ zéro; TRE non fusionnés avec touristes étrangers.
provenance,Tunisie,TUN,2022,Canadiens,Amérique du Nord,country,tourist_origin,23238.0,persons,tourist_arrivals,Nationalités publiées par ONTT,ONTT,Rapports annuels ONTT 2017–2023,tunisie_provenance_touristique_2017_2023_ONTT.xlsx,exact_country,Absence d'une nationalité publiée ≠ zéro; TRE non fusionnés avec touristes étrangers.
provenance,Tunisie,TUN,2023,Canadiens,Amérique du Nord,country,tourist_origin,28291.0,persons,tourist_arrivals,Nationalités publiées par ONTT,ONTT,Rapports annuels ONTT 2017–2023,tunisie_provenance_touristique_2017_2023_ONTT.xlsx,exact_country,Absence d'une nationalité publiée ≠ zéro; TRE non fusionnés avec touristes étrangers.
provenance,Tunisie,TUN,2017,Saoudiens,Moyen-Orient,country,tourist_origin,,persons,tourist_arrivals,Nationalités publiées par ONTT,ONTT,Rapports annuels ONTT 2017–2023,tunisie_provenance_touristique_2017_2023_ONTT.xlsx,missing_unverified,Absence d'une nationalité publiée ≠ zéro; TRE non fusionnés avec touristes étrangers. Valeur absente du dataset harmonisé ; cause de l'absence non vérifiée dans la source originale. Ne pas interpréter comme zéro.
provenance,Tunisie,TUN,2018,Saoudiens,Moyen-Orient,country,tourist_origin,,persons,tourist_arrivals,Nationalités publiées par ONTT,ONTT,Rapports annuels ONTT 2017–2023,tunisie_provenance_touristique_2017_2023_ONTT.xlsx,missing_unverified,Absence d'une nationalité publiée ≠ zéro; TRE non fusionnés avec touristes étrangers. Valeur absente du dataset harmonisé ; cause de l'absence non vérifiée dans la source originale. Ne pas interpréter comme zéro.
provenance,Tunisie,TUN,2019,Saoudiens,Moyen-Orient,country,tourist_origin,8763.0,persons,tourist_arrivals,Nationalités publiées par ONTT,ONTT,Rapports annuels ONTT 2017–2023,tunisie_provenance_touristique_2017_2023_ONTT.xlsx,exact_country,Absence d'une nationalité publiée ≠ zéro; TRE non fusionnés avec touristes étrangers.
provenance,Tunisie,TUN,2020,Saoudiens,Moyen-Orient,country,tourist_origin,2045.0,persons,tourist_arrivals,Nationalités publiées par ONTT,ONTT,Rapports annuels ONTT 2017–2023,tunisie_provenance_touristique_2017_2023_ONTT.xlsx,exact_country,Absence d'une nationalité publiée ≠ zéro; TRE non fusionnés avec touristes étrangers.
provenance,Tunisie,TUN,2021,Saoudiens,Moyen-Orient,country,tourist_origin,2906.0,persons,tourist_arrivals,Nationalités publiées par ONTT,ONTT,Rapports annuels ONTT 2017–2023,tunisie_provenance_touristique_2017_2023_ONTT.xlsx,exact_country,Absence d'une nationalité publiée ≠ zéro; TRE non fusionnés avec touristes étrangers.
provenance,Tunisie,TUN,2022,Saoudiens,Moyen-Orient,country,tourist_origin,7247.0,persons,tourist_arrivals,Nationalités publiées par ONTT,ONTT,Rapports annuels ONTT 2017–2023,tunisie_provenance_touristique_2017_2023_ONTT.xlsx,exact_country,Absence d'une nationalité publiée ≠ zéro; TRE non fusionnés avec touristes étrangers.
provenance,Tunisie,TUN,2023,Saoudiens,Moyen-Orient,country,tourist_origin,8408.0,persons,tourist_arrivals,Nationalités publiées par ONTT,ONTT,Rapports annuels ONTT 2017–2023,tunisie_provenance_touristique_2017_2023_ONTT.xlsx,exact_country,Absence d'une nationalité publiée ≠ zéro; TRE non fusionnés avec touristes étrangers.
provenance,Tunisie,TUN,2017,Syriens,Moyen-Orient,country,tourist_origin,,persons,tourist_arrivals,Nationalités publiées par ONTT,ONTT,Rapports annuels ONTT 2017–2023,tunisie_provenance_touristique_2017_2023_ONTT.xlsx,missing_unverified,Absence d'une nationalité publiée ≠ zéro; TRE non fusionnés avec touristes étrangers. Valeur absente du dataset harmonisé ; cause de l'absence non vérifiée dans la source originale. Ne pas interpréter comme zéro.
provenance,Tunisie,TUN,2018,Syriens,Moyen-Orient,country,tourist_origin,,persons,tourist_arrivals,Nationalités publiées par ONTT,ONTT,Rapports annuels ONTT 2017–2023,tunisie_provenance_touristique_2017_2023_ONTT.xlsx,missing_unverified,Absence d'une nationalité publiée ≠ zéro; TRE non fusionnés avec touristes étrangers. Valeur absente du dataset harmonisé ; cause de l'absence non vérifiée dans la source originale. Ne pas interpréter comme zéro.
provenance,Tunisie,TUN,2019,Syriens,Moyen-Orient,country,tourist_origin,2454.0,persons,tourist_arrivals,Nationalités publiées par ONTT,ONTT,Rapports annuels ONTT 2017–2023,tunisie_provenance_touristique_2017_2023_ONTT.xlsx,exact_country,Absence d'une nationalité publiée ≠ zéro; TRE non fusionnés avec touristes étrangers.
provenance,Tunisie,TUN,2020,Syriens,Moyen-Orient,country,tourist_origin,399.0,persons,tourist_arrivals,Nationalités publiées par ONTT,ONTT,Rapports annuels ONTT 2017–2023,tunisie_provenance_touristique_2017_2023_ONTT.xlsx,exact_country,Absence d'une nationalité publiée ≠ zéro; TRE non fusionnés avec touristes étrangers.
provenance,Tunisie,TUN,2021,Syriens,Moyen-Orient,country,tourist_origin,882.0,persons,tourist_arrivals,Nationalités publiées par ONTT,ONTT,Rapports annuels ONTT 2017–2023,tunisie_provenance_touristique_2017_2023_ONTT.xlsx,exact_country,Absence d'une nationalité publiée ≠ zéro; TRE non fusionnés avec touristes étrangers.
provenance,Tunisie,TUN,2022,Syriens,Moyen-Orient,country,tourist_origin,2296.0,persons,tourist_arrivals,Nationalités publiées par ONTT,ONTT,Rapports annuels ONTT 2017–2023,tunisie_provenance_touristique_2017_2023_ONTT.xlsx,exact_country,Absence d'une nationalité publiée ≠ zéro; TRE non fusionnés avec touristes étrangers.
provenance,Tunisie,TUN,2023,Syriens,Moyen-Orient,country,tourist_origin,2891.0,persons,tourist_arrivals,Nationalités publiées par ONTT,ONTT,Rapports annuels ONTT 2017–2023,tunisie_provenance_touristique_2017_2023_ONTT.xlsx,exact_country,Absence d'une nationalité publiée ≠ zéro; TRE non fusionnés avec touristes étrangers.
provenance,Tunisie,TUN,2017,Irakiens,Moyen-Orient,country,tourist_origin,,persons,tourist_arrivals,Nationalités publiées par ONTT,ONTT,Rapports annuels ONTT 2017–2023,tunisie_provenance_touristique_2017_2023_ONTT.xlsx,missing_unverified,Absence d'une nationalité publiée ≠ zéro; TRE non fusionnés avec touristes étrangers. Valeur absente du dataset harmonisé ; cause de l'absence non vérifiée dans la source originale. Ne pas interpréter comme zéro.
provenance,Tunisie,TUN,2018,Irakiens,Moyen-Orient,country,tourist_origin,,persons,tourist_arrivals,Nationalités publiées par ONTT,ONTT,Rapports annuels ONTT 2017–2023,tunisie_provenance_touristique_2017_2023_ONTT.xlsx,missing_unverified,Absence d'une nationalité publiée ≠ zéro; TRE non fusionnés avec touristes étrangers. Valeur absente du dataset harmonisé ; cause de l'absence non vérifiée dans la source originale. Ne pas interpréter comme zéro.
provenance,Tunisie,TUN,2019,Irakiens,Moyen-Orient,country,tourist_origin,3661.0,persons,tourist_arrivals,Nationalités publiées par ONTT,ONTT,Rapports annuels ONTT 2017–2023,tunisie_provenance_touristique_2017_2023_ONTT.xlsx,exact_country,Absence d'une nationalité publiée ≠ zéro; TRE non fusionnés avec touristes étrangers.
provenance,Tunisie,TUN,2020,Irakiens,Moyen-Orient,country,tourist_origin,629.0,persons,tourist_arrivals,Nationalités publiées par ONTT,ONTT,Rapports annuels ONTT 2017–2023,tunisie_provenance_touristique_2017_2023_ONTT.xlsx,exact_country,Absence d'une nationalité publiée ≠ zéro; TRE non fusionnés avec touristes étrangers.
provenance,Tunisie,TUN,2021,Irakiens,Moyen-Orient,country,tourist_origin,1847.0,persons,tourist_arrivals,Nationalités publiées par ONTT,ONTT,Rapports annuels ONTT 2017–2023,tunisie_provenance_touristique_2017_2023_ONTT.xlsx,exact_country,Absence d'une nationalité publiée ≠ zéro; TRE non fusionnés avec touristes étrangers.
provenance,Tunisie,TUN,2022,Irakiens,Moyen-Orient,country,tourist_origin,4774.0,persons,tourist_arrivals,Nationalités publiées par ONTT,ONTT,Rapports annuels ONTT 2017–2023,tunisie_provenance_touristique_2017_2023_ONTT.xlsx,exact_country,Absence d'une nationalité publiée ≠ zéro; TRE non fusionnés avec touristes étrangers.
provenance,Tunisie,TUN,2023,Irakiens,Moyen-Orient,country,tourist_origin,4326.0,persons,tourist_arrivals,Nationalités publiées par ONTT,ONTT,Rapports annuels ONTT 2017–2023,tunisie_provenance_touristique_2017_2023_ONTT.xlsx,exact_country,Absence d'une nationalité publiée ≠ zéro; TRE non fusionnés avec touristes étrangers.
provenance,Tunisie,TUN,2017,Libanais,Moyen-Orient,country,tourist_origin,,persons,tourist_arrivals,Nationalités publiées par ONTT,ONTT,Rapports annuels ONTT 2017–2023,tunisie_provenance_touristique_2017_2023_ONTT.xlsx,missing_unverified,Absence d'une nationalité publiée ≠ zéro; TRE non fusionnés avec touristes étrangers. Valeur absente du dataset harmonisé ; cause de l'absence non vérifiée dans la source originale. Ne pas interpréter comme zéro.
provenance,Tunisie,TUN,2018,Libanais,Moyen-Orient,country,tourist_origin,,persons,tourist_arrivals,Nationalités publiées par ONTT,ONTT,Rapports annuels ONTT 2017–2023,tunisie_provenance_touristique_2017_2023_ONTT.xlsx,missing_unverified,Absence d'une nationalité publiée ≠ zéro; TRE non fusionnés avec touristes étrangers. Valeur absente du dataset harmonisé ; cause de l'absence non vérifiée dans la source originale. Ne pas interpréter comme zéro.
provenance,Tunisie,TUN,2019,Libanais,Moyen-Orient,country,tourist_origin,3969.0,persons,tourist_arrivals,Nationalités publiées par ONTT,ONTT,Rapports annuels ONTT 2017–2023,tunisie_provenance_touristique_2017_2023_ONTT.xlsx,exact_country,Absence d'une nationalité publiée ≠ zéro; TRE non fusionnés avec touristes étrangers.
provenance,Tunisie,TUN,2020,Libanais,Moyen-Orient,country,tourist_origin,729.0,persons,tourist_arrivals,Nationalités publiées par ONTT,ONTT,Rapports annuels ONTT 2017–2023,tunisie_provenance_touristique_2017_2023_ONTT.xlsx,exact_country,Absence d'une nationalité publiée ≠ zéro; TRE non fusionnés avec touristes étrangers.
provenance,Tunisie,TUN,2021,Libanais,Moyen-Orient,country,tourist_origin,1201.0,persons,tourist_arrivals,Nationalités publiées par ONTT,ONTT,Rapports annuels ONTT 2017–2023,tunisie_provenance_touristique_2017_2023_ONTT.xlsx,exact_country,Absence d'une nationalité publiée ≠ zéro; TRE non fusionnés avec touristes étrangers.
provenance,Tunisie,TUN,2022,Libanais,Moyen-Orient,country,tourist_origin,2902.0,persons,tourist_arrivals,Nationalités publiées par ONTT,ONTT,Rapports annuels ONTT 2017–2023,tunisie_provenance_touristique_2017_2023_ONTT.xlsx,exact_country,Absence d'une nationalité publiée ≠ zéro; TRE non fusionnés avec touristes étrangers.
provenance,Tunisie,TUN,2023,Libanais,Moyen-Orient,country,tourist_origin,2843.0,persons,tourist_arrivals,Nationalités publiées par ONTT,ONTT,Rapports annuels ONTT 2017–2023,tunisie_provenance_touristique_2017_2023_ONTT.xlsx,exact_country,Absence d'une nationalité publiée ≠ zéro; TRE non fusionnés avec touristes étrangers.
provenance,Tunisie,TUN,2017,Jordaniens,Moyen-Orient,country,tourist_origin,,persons,tourist_arrivals,Nationalités publiées par ONTT,ONTT,Rapports annuels ONTT 2017–2023,tunisie_provenance_touristique_2017_2023_ONTT.xlsx,missing_unverified,Absence d'une nationalité publiée ≠ zéro; TRE non fusionnés avec touristes étrangers. Valeur absente du dataset harmonisé ; cause de l'absence non vérifiée dans la source originale. Ne pas interpréter comme zéro.
provenance,Tunisie,TUN,2018,Jordaniens,Moyen-Orient,country,tourist_origin,,persons,tourist_arrivals,Nationalités publiées par ONTT,ONTT,Rapports annuels ONTT 2017–2023,tunisie_provenance_touristique_2017_2023_ONTT.xlsx,missing_unverified,Absence d'une nationalité publiée ≠ zéro; TRE non fusionnés avec touristes étrangers. Valeur absente du dataset harmonisé ; cause de l'absence non vérifiée dans la source originale. Ne pas interpréter comme zéro.
provenance,Tunisie,TUN,2019,Jordaniens,Moyen-Orient,country,tourist_origin,6842.0,persons,tourist_arrivals,Nationalités publiées par ONTT,ONTT,Rapports annuels ONTT 2017–2023,tunisie_provenance_touristique_2017_2023_ONTT.xlsx,exact_country,Absence d'une nationalité publiée ≠ zéro; TRE non fusionnés avec touristes étrangers.
provenance,Tunisie,TUN,2020,Jordaniens,Moyen-Orient,country,tourist_origin,1488.0,persons,tourist_arrivals,Nationalités publiées par ONTT,ONTT,Rapports annuels ONTT 2017–2023,tunisie_provenance_touristique_2017_2023_ONTT.xlsx,exact_country,Absence d'une nationalité publiée ≠ zéro; TRE non fusionnés avec touristes étrangers.
provenance,Tunisie,TUN,2021,Jordaniens,Moyen-Orient,country,tourist_origin,2725.0,persons,tourist_arrivals,Nationalités publiées par ONTT,ONTT,Rapports annuels ONTT 2017–2023,tunisie_provenance_touristique_2017_2023_ONTT.xlsx,exact_country,Absence d'une nationalité publiée ≠ zéro; TRE non fusionnés avec touristes étrangers.
provenance,Tunisie,TUN,2022,Jordaniens,Moyen-Orient,country,tourist_origin,6675.0,persons,tourist_arrivals,Nationalités publiées par ONTT,ONTT,Rapports annuels ONTT 2017–2023,tunisie_provenance_touristique_2017_2023_ONTT.xlsx,exact_country,Absence d'une nationalité publiée ≠ zéro; TRE non fusionnés avec touristes étrangers.
provenance,Tunisie,TUN,2023,Jordaniens,Moyen-Orient,country,tourist_origin,8375.0,persons,tourist_arrivals,Nationalités publiées par ONTT,ONTT,Rapports annuels ONTT 2017–2023,tunisie_provenance_touristique_2017_2023_ONTT.xlsx,exact_country,Absence d'une nationalité publiée ≠ zéro; TRE non fusionnés avec touristes étrangers.
provenance,Tunisie,TUN,2017,Palestiniens,Moyen-Orient,country,tourist_origin,,persons,tourist_arrivals,Nationalités publiées par ONTT,ONTT,Rapports annuels ONTT 2017–2023,tunisie_provenance_touristique_2017_2023_ONTT.xlsx,missing_unverified,Absence d'une nationalité publiée ≠ zéro; TRE non fusionnés avec touristes étrangers. Valeur absente du dataset harmonisé ; cause de l'absence non vérifiée dans la source originale. Ne pas interpréter comme zéro.
provenance,Tunisie,TUN,2018,Palestiniens,Moyen-Orient,country,tourist_origin,,persons,tourist_arrivals,Nationalités publiées par ONTT,ONTT,Rapports annuels ONTT 2017–2023,tunisie_provenance_touristique_2017_2023_ONTT.xlsx,missing_unverified,Absence d'une nationalité publiée ≠ zéro; TRE non fusionnés avec touristes étrangers. Valeur absente du dataset harmonisé ; cause de l'absence non vérifiée dans la source originale. Ne pas interpréter comme zéro.
provenance,Tunisie,TUN,2019,Palestiniens,Moyen-Orient,country,tourist_origin,2069.0,persons,tourist_arrivals,Nationalités publiées par ONTT,ONTT,Rapports annuels ONTT 2017–2023,tunisie_provenance_touristique_2017_2023_ONTT.xlsx,exact_country,Absence d'une nationalité publiée ≠ zéro; TRE non fusionnés avec touristes étrangers.
provenance,Tunisie,TUN,2020,Palestiniens,Moyen-Orient,country,tourist_origin,389.0,persons,tourist_arrivals,Nationalités publiées par ONTT,ONTT,Rapports annuels ONTT 2017–2023,tunisie_provenance_touristique_2017_2023_ONTT.xlsx,exact_country,Absence d'une nationalité publiée ≠ zéro; TRE non fusionnés avec touristes étrangers.
provenance,Tunisie,TUN,2021,Palestiniens,Moyen-Orient,country,tourist_origin,664.0,persons,tourist_arrivals,Nationalités publiées par ONTT,ONTT,Rapports annuels ONTT 2017–2023,tunisie_provenance_touristique_2017_2023_ONTT.xlsx,exact_country,Absence d'une nationalité publiée ≠ zéro; TRE non fusionnés avec touristes étrangers.
provenance,Tunisie,TUN,2022,Palestiniens,Moyen-Orient,country,tourist_origin,1297.0,persons,tourist_arrivals,Nationalités publiées par ONTT,ONTT,Rapports annuels ONTT 2017–2023,tunisie_provenance_touristique_2017_2023_ONTT.xlsx,exact_country,Absence d'une nationalité publiée ≠ zéro; TRE non fusionnés avec touristes étrangers.
provenance,Tunisie,TUN,2023,Palestiniens,Moyen-Orient,country,tourist_origin,1204.0,persons,tourist_arrivals,Nationalités publiées par ONTT,ONTT,Rapports annuels ONTT 2017–2023,tunisie_provenance_touristique_2017_2023_ONTT.xlsx,exact_country,Absence d'une nationalité publiée ≠ zéro; TRE non fusionnés avec touristes étrangers.
provenance,Tunisie,TUN,2017,Koweïtiens,Moyen-Orient,country,tourist_origin,,persons,tourist_arrivals,Nationalités publiées par ONTT,ONTT,Rapports annuels ONTT 2017–2023,tunisie_provenance_touristique_2017_2023_ONTT.xlsx,missing_unverified,Absence d'une nationalité publiée ≠ zéro; TRE non fusionnés avec touristes étrangers. Valeur absente du dataset harmonisé ; cause de l'absence non vérifiée dans la source originale. Ne pas interpréter comme zéro.
provenance,Tunisie,TUN,2018,Koweïtiens,Moyen-Orient,country,tourist_origin,,persons,tourist_arrivals,Nationalités publiées par ONTT,ONTT,Rapports annuels ONTT 2017–2023,tunisie_provenance_touristique_2017_2023_ONTT.xlsx,missing_unverified,Absence d'une nationalité publiée ≠ zéro; TRE non fusionnés avec touristes étrangers. Valeur absente du dataset harmonisé ; cause de l'absence non vérifiée dans la source originale. Ne pas interpréter comme zéro.
provenance,Tunisie,TUN,2019,Koweïtiens,Moyen-Orient,country,tourist_origin,1847.0,persons,tourist_arrivals,Nationalités publiées par ONTT,ONTT,Rapports annuels ONTT 2017–2023,tunisie_provenance_touristique_2017_2023_ONTT.xlsx,exact_country,Absence d'une nationalité publiée ≠ zéro; TRE non fusionnés avec touristes étrangers.
provenance,Tunisie,TUN,2020,Koweïtiens,Moyen-Orient,country,tourist_origin,339.0,persons,tourist_arrivals,Nationalités publiées par ONTT,ONTT,Rapports annuels ONTT 2017–2023,tunisie_provenance_touristique_2017_2023_ONTT.xlsx,exact_country,Absence d'une nationalité publiée ≠ zéro; TRE non fusionnés avec touristes étrangers.
provenance,Tunisie,TUN,2021,Koweïtiens,Moyen-Orient,country,tourist_origin,611.0,persons,tourist_arrivals,Nationalités publiées par ONTT,ONTT,Rapports annuels ONTT 2017–2023,tunisie_provenance_touristique_2017_2023_ONTT.xlsx,exact_country,Absence d'une nationalité publiée ≠ zéro; TRE non fusionnés avec touristes étrangers.
provenance,Tunisie,TUN,2022,Koweïtiens,Moyen-Orient,country,tourist_origin,1679.0,persons,tourist_arrivals,Nationalités publiées par ONTT,ONTT,Rapports annuels ONTT 2017–2023,tunisie_provenance_touristique_2017_2023_ONTT.xlsx,exact_country,Absence d'une nationalité publiée ≠ zéro; TRE non fusionnés avec touristes étrangers.
provenance,Tunisie,TUN,2023,Koweïtiens,Moyen-Orient,country,tourist_origin,1603.0,persons,tourist_arrivals,Nationalités publiées par ONTT,ONTT,Rapports annuels ONTT 2017–2023,tunisie_provenance_touristique_2017_2023_ONTT.xlsx,exact_country,Absence d'une nationalité publiée ≠ zéro; TRE non fusionnés avec touristes étrangers.
provenance,Tunisie,TUN,2017,Soudanais,Moyen-Orient,country,tourist_origin,,persons,tourist_arrivals,Nationalités publiées par ONTT,ONTT,Rapports annuels ONTT 2017–2023,tunisie_provenance_touristique_2017_2023_ONTT.xlsx,missing_unverified,Absence d'une nationalité publiée ≠ zéro; TRE non fusionnés avec touristes étrangers. Valeur absente du dataset harmonisé ; cause de l'absence non vérifiée dans la source originale. Ne pas interpréter comme zéro.
provenance,Tunisie,TUN,2018,Soudanais,Moyen-Orient,country,tourist_origin,,persons,tourist_arrivals,Nationalités publiées par ONTT,ONTT,Rapports annuels ONTT 2017–2023,tunisie_provenance_touristique_2017_2023_ONTT.xlsx,missing_unverified,Absence d'une nationalité publiée ≠ zéro; TRE non fusionnés avec touristes étrangers. Valeur absente du dataset harmonisé ; cause de l'absence non vérifiée dans la source originale. Ne pas interpréter comme zéro.
provenance,Tunisie,TUN,2019,Soudanais,Moyen-Orient,country,tourist_origin,1136.0,persons,tourist_arrivals,Nationalités publiées par ONTT,ONTT,Rapports annuels ONTT 2017–2023,tunisie_provenance_touristique_2017_2023_ONTT.xlsx,exact_country,Absence d'une nationalité publiée ≠ zéro; TRE non fusionnés avec touristes étrangers.
provenance,Tunisie,TUN,2020,Soudanais,Moyen-Orient,country,tourist_origin,173.0,persons,tourist_arrivals,Nationalités publiées par ONTT,ONTT,Rapports annuels ONTT 2017–2023,tunisie_provenance_touristique_2017_2023_ONTT.xlsx,exact_country,Absence d'une nationalité publiée ≠ zéro; TRE non fusionnés avec touristes étrangers.
provenance,Tunisie,TUN,2021,Soudanais,Moyen-Orient,country,tourist_origin,310.0,persons,tourist_arrivals,Nationalités publiées par ONTT,ONTT,Rapports annuels ONTT 2017–2023,tunisie_provenance_touristique_2017_2023_ONTT.xlsx,exact_country,Absence d'une nationalité publiée ≠ zéro; TRE non fusionnés avec touristes étrangers.
provenance,Tunisie,TUN,2022,Soudanais,Moyen-Orient,country,tourist_origin,863.0,persons,tourist_arrivals,Nationalités publiées par ONTT,ONTT,Rapports annuels ONTT 2017–2023,tunisie_provenance_touristique_2017_2023_ONTT.xlsx,exact_country,Absence d'une nationalité publiée ≠ zéro; TRE non fusionnés avec touristes étrangers.
provenance,Tunisie,TUN,2023,Soudanais,Moyen-Orient,country,tourist_origin,730.0,persons,tourist_arrivals,Nationalités publiées par ONTT,ONTT,Rapports annuels ONTT 2017–2023,tunisie_provenance_touristique_2017_2023_ONTT.xlsx,exact_country,Absence d'une nationalité publiée ≠ zéro; TRE non fusionnés avec touristes étrangers.
provenance,Tunisie,TUN,2017,Yéménites,Moyen-Orient,country,tourist_origin,,persons,tourist_arrivals,Nationalités publiées par ONTT,ONTT,Rapports annuels ONTT 2017–2023,tunisie_provenance_touristique_2017_2023_ONTT.xlsx,missing_unverified,Absence d'une nationalité publiée ≠ zéro; TRE non fusionnés avec touristes étrangers. Valeur absente du dataset harmonisé ; cause de l'absence non vérifiée dans la source originale. Ne pas interpréter comme zéro.
provenance,Tunisie,TUN,2018,Yéménites,Moyen-Orient,country,tourist_origin,,persons,tourist_arrivals,Nationalités publiées par ONTT,ONTT,Rapports annuels ONTT 2017–2023,tunisie_provenance_touristique_2017_2023_ONTT.xlsx,missing_unverified,Absence d'une nationalité publiée ≠ zéro; TRE non fusionnés avec touristes étrangers. Valeur absente du dataset harmonisé ; cause de l'absence non vérifiée dans la source originale. Ne pas interpréter comme zéro.
provenance,Tunisie,TUN,2019,Yéménites,Moyen-Orient,country,tourist_origin,720.0,persons,tourist_arrivals,Nationalités publiées par ONTT,ONTT,Rapports annuels ONTT 2017–2023,tunisie_provenance_touristique_2017_2023_ONTT.xlsx,exact_country,Absence d'une nationalité publiée ≠ zéro; TRE non fusionnés avec touristes étrangers.
provenance,Tunisie,TUN,2020,Yéménites,Moyen-Orient,country,tourist_origin,163.0,persons,tourist_arrivals,Nationalités publiées par ONTT,ONTT,Rapports annuels ONTT 2017–2023,tunisie_provenance_touristique_2017_2023_ONTT.xlsx,exact_country,Absence d'une nationalité publiée ≠ zéro; TRE non fusionnés avec touristes étrangers.
provenance,Tunisie,TUN,2021,Yéménites,Moyen-Orient,country,tourist_origin,200.0,persons,tourist_arrivals,Nationalités publiées par ONTT,ONTT,Rapports annuels ONTT 2017–2023,tunisie_provenance_touristique_2017_2023_ONTT.xlsx,exact_country,Absence d'une nationalité publiée ≠ zéro; TRE non fusionnés avec touristes étrangers.
provenance,Tunisie,TUN,2022,Yéménites,Moyen-Orient,country,tourist_origin,558.0,persons,tourist_arrivals,Nationalités publiées par ONTT,ONTT,Rapports annuels ONTT 2017–2023,tunisie_provenance_touristique_2017_2023_ONTT.xlsx,exact_country,Absence d'une nationalité publiée ≠ zéro; TRE non fusionnés avec touristes étrangers.
provenance,Tunisie,TUN,2023,Yéménites,Moyen-Orient,country,tourist_origin,565.0,persons,tourist_arrivals,Nationalités publiées par ONTT,ONTT,Rapports annuels ONTT 2017–2023,tunisie_provenance_touristique_2017_2023_ONTT.xlsx,exact_country,Absence d'une nationalité publiée ≠ zéro; TRE non fusionnés avec touristes étrangers.
provenance,Tunisie,TUN,2017,Qataris,Moyen-Orient,country,tourist_origin,,persons,tourist_arrivals,Nationalités publiées par ONTT,ONTT,Rapports annuels ONTT 2017–2023,tunisie_provenance_touristique_2017_2023_ONTT.xlsx,missing_unverified,Absence d'une nationalité publiée ≠ zéro; TRE non fusionnés avec touristes étrangers. Valeur absente du dataset harmonisé ; cause de l'absence non vérifiée dans la source originale. Ne pas interpréter comme zéro.
provenance,Tunisie,TUN,2018,Qataris,Moyen-Orient,country,tourist_origin,,persons,tourist_arrivals,Nationalités publiées par ONTT,ONTT,Rapports annuels ONTT 2017–2023,tunisie_provenance_touristique_2017_2023_ONTT.xlsx,missing_unverified,Absence d'une nationalité publiée ≠ zéro; TRE non fusionnés avec touristes étrangers. Valeur absente du dataset harmonisé ; cause de l'absence non vérifiée dans la source originale. Ne pas interpréter comme zéro.
provenance,Tunisie,TUN,2019,Qataris,Moyen-Orient,country,tourist_origin,1454.0,persons,tourist_arrivals,Nationalités publiées par ONTT,ONTT,Rapports annuels ONTT 2017–2023,tunisie_provenance_touristique_2017_2023_ONTT.xlsx,exact_country,Absence d'une nationalité publiée ≠ zéro; TRE non fusionnés avec touristes étrangers.
provenance,Tunisie,TUN,2020,Qataris,Moyen-Orient,country,tourist_origin,410.0,persons,tourist_arrivals,Nationalités publiées par ONTT,ONTT,Rapports annuels ONTT 2017–2023,tunisie_provenance_touristique_2017_2023_ONTT.xlsx,exact_country,Absence d'une nationalité publiée ≠ zéro; TRE non fusionnés avec touristes étrangers.
provenance,Tunisie,TUN,2021,Qataris,Moyen-Orient,country,tourist_origin,599.0,persons,tourist_arrivals,Nationalités publiées par ONTT,ONTT,Rapports annuels ONTT 2017–2023,tunisie_provenance_touristique_2017_2023_ONTT.xlsx,exact_country,Absence d'une nationalité publiée ≠ zéro; TRE non fusionnés avec touristes étrangers.
provenance,Tunisie,TUN,2022,Qataris,Moyen-Orient,country,tourist_origin,1076.0,persons,tourist_arrivals,Nationalités publiées par ONTT,ONTT,Rapports annuels ONTT 2017–2023,tunisie_provenance_touristique_2017_2023_ONTT.xlsx,exact_country,Absence d'une nationalité publiée ≠ zéro; TRE non fusionnés avec touristes étrangers.
provenance,Tunisie,TUN,2023,Qataris,Moyen-Orient,country,tourist_origin,1299.0,persons,tourist_arrivals,Nationalités publiées par ONTT,ONTT,Rapports annuels ONTT 2017–2023,tunisie_provenance_touristique_2017_2023_ONTT.xlsx,exact_country,Absence d'une nationalité publiée ≠ zéro; TRE non fusionnés avec touristes étrangers.
provenance,Tunisie,TUN,2017,Bahreïnis,Moyen-Orient,country,tourist_origin,,persons,tourist_arrivals,Nationalités publiées par ONTT,ONTT,Rapports annuels ONTT 2017–2023,tunisie_provenance_touristique_2017_2023_ONTT.xlsx,missing_unverified,Absence d'une nationalité publiée ≠ zéro; TRE non fusionnés avec touristes étrangers. Valeur absente du dataset harmonisé ; cause de l'absence non vérifiée dans la source originale. Ne pas interpréter comme zéro.
provenance,Tunisie,TUN,2018,Bahreïnis,Moyen-Orient,country,tourist_origin,,persons,tourist_arrivals,Nationalités publiées par ONTT,ONTT,Rapports annuels ONTT 2017–2023,tunisie_provenance_touristique_2017_2023_ONTT.xlsx,missing_unverified,Absence d'une nationalité publiée ≠ zéro; TRE non fusionnés avec touristes étrangers. Valeur absente du dataset harmonisé ; cause de l'absence non vérifiée dans la source originale. Ne pas interpréter comme zéro.
provenance,Tunisie,TUN,2019,Bahreïnis,Moyen-Orient,country,tourist_origin,919.0,persons,tourist_arrivals,Nationalités publiées par ONTT,ONTT,Rapports annuels ONTT 2017–2023,tunisie_provenance_touristique_2017_2023_ONTT.xlsx,exact_country,Absence d'une nationalité publiée ≠ zéro; TRE non fusionnés avec touristes étrangers.
provenance,Tunisie,TUN,2020,Bahreïnis,Moyen-Orient,country,tourist_origin,174.0,persons,tourist_arrivals,Nationalités publiées par ONTT,ONTT,Rapports annuels ONTT 2017–2023,tunisie_provenance_touristique_2017_2023_ONTT.xlsx,exact_country,Absence d'une nationalité publiée ≠ zéro; TRE non fusionnés avec touristes étrangers.
provenance,Tunisie,TUN,2021,Bahreïnis,Moyen-Orient,country,tourist_origin,217.0,persons,tourist_arrivals,Nationalités publiées par ONTT,ONTT,Rapports annuels ONTT 2017–2023,tunisie_provenance_touristique_2017_2023_ONTT.xlsx,exact_country,Absence d'une nationalité publiée ≠ zéro; TRE non fusionnés avec touristes étrangers.
provenance,Tunisie,TUN,2022,Bahreïnis,Moyen-Orient,country,tourist_origin,716.0,persons,tourist_arrivals,Nationalités publiées par ONTT,ONTT,Rapports annuels ONTT 2017–2023,tunisie_provenance_touristique_2017_2023_ONTT.xlsx,exact_country,Absence d'une nationalité publiée ≠ zéro; TRE non fusionnés avec touristes étrangers.
provenance,Tunisie,TUN,2023,Bahreïnis,Moyen-Orient,country,tourist_origin,700.0,persons,tourist_arrivals,Nationalités publiées par ONTT,ONTT,Rapports annuels ONTT 2017–2023,tunisie_provenance_touristique_2017_2023_ONTT.xlsx,exact_country,Absence d'une nationalité publiée ≠ zéro; TRE non fusionnés avec touristes étrangers.
provenance,Tunisie,TUN,2017,Omanais,Moyen-Orient,country,tourist_origin,,persons,tourist_arrivals,Nationalités publiées par ONTT,ONTT,Rapports annuels ONTT 2017–2023,tunisie_provenance_touristique_2017_2023_ONTT.xlsx,missing_unverified,Absence d'une nationalité publiée ≠ zéro; TRE non fusionnés avec touristes étrangers. Valeur absente du dataset harmonisé ; cause de l'absence non vérifiée dans la source originale. Ne pas interpréter comme zéro.
provenance,Tunisie,TUN,2018,Omanais,Moyen-Orient,country,tourist_origin,,persons,tourist_arrivals,Nationalités publiées par ONTT,ONTT,Rapports annuels ONTT 2017–2023,tunisie_provenance_touristique_2017_2023_ONTT.xlsx,missing_unverified,Absence d'une nationalité publiée ≠ zéro; TRE non fusionnés avec touristes étrangers. Valeur absente du dataset harmonisé ; cause de l'absence non vérifiée dans la source originale. Ne pas interpréter comme zéro.
provenance,Tunisie,TUN,2019,Omanais,Moyen-Orient,country,tourist_origin,1845.0,persons,tourist_arrivals,Nationalités publiées par ONTT,ONTT,Rapports annuels ONTT 2017–2023,tunisie_provenance_touristique_2017_2023_ONTT.xlsx,exact_country,Absence d'une nationalité publiée ≠ zéro; TRE non fusionnés avec touristes étrangers.
provenance,Tunisie,TUN,2020,Omanais,Moyen-Orient,country,tourist_origin,280.0,persons,tourist_arrivals,Nationalités publiées par ONTT,ONTT,Rapports annuels ONTT 2017–2023,tunisie_provenance_touristique_2017_2023_ONTT.xlsx,exact_country,Absence d'une nationalité publiée ≠ zéro; TRE non fusionnés avec touristes étrangers.
provenance,Tunisie,TUN,2021,Omanais,Moyen-Orient,country,tourist_origin,534.0,persons,tourist_arrivals,Nationalités publiées par ONTT,ONTT,Rapports annuels ONTT 2017–2023,tunisie_provenance_touristique_2017_2023_ONTT.xlsx,exact_country,Absence d'une nationalité publiée ≠ zéro; TRE non fusionnés avec touristes étrangers.
provenance,Tunisie,TUN,2022,Omanais,Moyen-Orient,country,tourist_origin,1649.0,persons,tourist_arrivals,Nationalités publiées par ONTT,ONTT,Rapports annuels ONTT 2017–2023,tunisie_provenance_touristique_2017_2023_ONTT.xlsx,exact_country,Absence d'une nationalité publiée ≠ zéro; TRE non fusionnés avec touristes étrangers.
provenance,Tunisie,TUN,2023,Omanais,Moyen-Orient,country,tourist_origin,1591.0,persons,tourist_arrivals,Nationalités publiées par ONTT,ONTT,Rapports annuels ONTT 2017–2023,tunisie_provenance_touristique_2017_2023_ONTT.xlsx,exact_country,Absence d'une nationalité publiée ≠ zéro; TRE non fusionnés avec touristes étrangers.
provenance,Tunisie,TUN,2017,Émirats arabes unis,Moyen-Orient,country,tourist_origin,,persons,tourist_arrivals,Nationalités publiées par ONTT,ONTT,Rapports annuels ONTT 2017–2023,tunisie_provenance_touristique_2017_2023_ONTT.xlsx,missing_unverified,Absence d'une nationalité publiée ≠ zéro; TRE non fusionnés avec touristes étrangers. Valeur absente du dataset harmonisé ; cause de l'absence non vérifiée dans la source originale. Ne pas interpréter comme zéro.
provenance,Tunisie,TUN,2018,Émirats arabes unis,Moyen-Orient,country,tourist_origin,,persons,tourist_arrivals,Nationalités publiées par ONTT,ONTT,Rapports annuels ONTT 2017–2023,tunisie_provenance_touristique_2017_2023_ONTT.xlsx,missing_unverified,Absence d'une nationalité publiée ≠ zéro; TRE non fusionnés avec touristes étrangers. Valeur absente du dataset harmonisé ; cause de l'absence non vérifiée dans la source originale. Ne pas interpréter comme zéro.
provenance,Tunisie,TUN,2019,Émirats arabes unis,Moyen-Orient,country,tourist_origin,1884.0,persons,tourist_arrivals,Nationalités publiées par ONTT,ONTT,Rapports annuels ONTT 2017–2023,tunisie_provenance_touristique_2017_2023_ONTT.xlsx,exact_country,Absence d'une nationalité publiée ≠ zéro; TRE non fusionnés avec touristes étrangers.
provenance,Tunisie,TUN,2020,Émirats arabes unis,Moyen-Orient,country,tourist_origin,386.0,persons,tourist_arrivals,Nationalités publiées par ONTT,ONTT,Rapports annuels ONTT 2017–2023,tunisie_provenance_touristique_2017_2023_ONTT.xlsx,exact_country,Absence d'une nationalité publiée ≠ zéro; TRE non fusionnés avec touristes étrangers.
provenance,Tunisie,TUN,2021,Émirats arabes unis,Moyen-Orient,country,tourist_origin,711.0,persons,tourist_arrivals,Nationalités publiées par ONTT,ONTT,Rapports annuels ONTT 2017–2023,tunisie_provenance_touristique_2017_2023_ONTT.xlsx,exact_country,Absence d'une nationalité publiée ≠ zéro; TRE non fusionnés avec touristes étrangers.
provenance,Tunisie,TUN,2022,Émirats arabes unis,Moyen-Orient,country,tourist_origin,1550.0,persons,tourist_arrivals,Nationalités publiées par ONTT,ONTT,Rapports annuels ONTT 2017–2023,tunisie_provenance_touristique_2017_2023_ONTT.xlsx,exact_country,Absence d'une nationalité publiée ≠ zéro; TRE non fusionnés avec touristes étrangers.
provenance,Tunisie,TUN,2023,Émirats arabes unis,Moyen-Orient,country,tourist_origin,1713.0,persons,tourist_arrivals,Nationalités publiées par ONTT,ONTT,Rapports annuels ONTT 2017–2023,tunisie_provenance_touristique_2017_2023_ONTT.xlsx,exact_country,Absence d'une nationalité publiée ≠ zéro; TRE non fusionnés avec touristes étrangers.
provenance,Tunisie,TUN,2017,Égyptiens,Moyen-Orient,country,tourist_origin,,persons,tourist_arrivals,Nationalités publiées par ONTT,ONTT,Rapports annuels ONTT 2017–2023,tunisie_provenance_touristique_2017_2023_ONTT.xlsx,missing_unverified,Absence d'une nationalité publiée ≠ zéro; TRE non fusionnés avec touristes étrangers. Valeur absente du dataset harmonisé ; cause de l'absence non vérifiée dans la source originale. Ne pas interpréter comme zéro.
provenance,Tunisie,TUN,2018,Égyptiens,Moyen-Orient,country,tourist_origin,,persons,tourist_arrivals,Nationalités publiées par ONTT,ONTT,Rapports annuels ONTT 2017–2023,tunisie_provenance_touristique_2017_2023_ONTT.xlsx,missing_unverified,Absence d'une nationalité publiée ≠ zéro; TRE non fusionnés avec touristes étrangers. Valeur absente du dataset harmonisé ; cause de l'absence non vérifiée dans la source originale. Ne pas interpréter comme zéro.
provenance,Tunisie,TUN,2019,Égyptiens,Moyen-Orient,country,tourist_origin,11182.0,persons,tourist_arrivals,Nationalités publiées par ONTT,ONTT,Rapports annuels ONTT 2017–2023,tunisie_provenance_touristique_2017_2023_ONTT.xlsx,exact_country,Absence d'une nationalité publiée ≠ zéro; TRE non fusionnés avec touristes étrangers.
provenance,Tunisie,TUN,2020,Égyptiens,Moyen-Orient,country,tourist_origin,2406.0,persons,tourist_arrivals,Nationalités publiées par ONTT,ONTT,Rapports annuels ONTT 2017–2023,tunisie_provenance_touristique_2017_2023_ONTT.xlsx,exact_country,Absence d'une nationalité publiée ≠ zéro; TRE non fusionnés avec touristes étrangers.
provenance,Tunisie,TUN,2021,Égyptiens,Moyen-Orient,country,tourist_origin,3971.0,persons,tourist_arrivals,Nationalités publiées par ONTT,ONTT,Rapports annuels ONTT 2017–2023,tunisie_provenance_touristique_2017_2023_ONTT.xlsx,exact_country,Absence d'une nationalité publiée ≠ zéro; TRE non fusionnés avec touristes étrangers.
provenance,Tunisie,TUN,2022,Égyptiens,Moyen-Orient,country,tourist_origin,8491.0,persons,tourist_arrivals,Nationalités publiées par ONTT,ONTT,Rapports annuels ONTT 2017–2023,tunisie_provenance_touristique_2017_2023_ONTT.xlsx,exact_country,Absence d'une nationalité publiée ≠ zéro; TRE non fusionnés avec touristes étrangers.
provenance,Tunisie,TUN,2023,Égyptiens,Moyen-Orient,country,tourist_origin,8795.0,persons,tourist_arrivals,Nationalités publiées par ONTT,ONTT,Rapports annuels ONTT 2017–2023,tunisie_provenance_touristique_2017_2023_ONTT.xlsx,exact_country,Absence d'une nationalité publiée ≠ zéro; TRE non fusionnés avec touristes étrangers.
provenance,Tunisie,TUN,2017,Japonais,Asie,country,tourist_origin,1875.0,persons,tourist_arrivals,Nationalités publiées par ONTT,ONTT,Rapports annuels ONTT 2017–2023,tunisie_provenance_touristique_2017_2023_ONTT.xlsx,exact_country,Absence d'une nationalité publiée ≠ zéro; TRE non fusionnés avec touristes étrangers.
provenance,Tunisie,TUN,2018,Japonais,Asie,country,tourist_origin,5454.0,persons,tourist_arrivals,Nationalités publiées par ONTT,ONTT,Rapports annuels ONTT 2017–2023,tunisie_provenance_touristique_2017_2023_ONTT.xlsx,exact_country,Absence d'une nationalité publiée ≠ zéro; TRE non fusionnés avec touristes étrangers.
provenance,Tunisie,TUN,2019,Japonais,Asie,country,tourist_origin,8061.0,persons,tourist_arrivals,Nationalités publiées par ONTT,ONTT,Rapports annuels ONTT 2017–2023,tunisie_provenance_touristique_2017_2023_ONTT.xlsx,exact_country,Absence d'une nationalité publiée ≠ zéro; TRE non fusionnés avec touristes étrangers.
provenance,Tunisie,TUN,2020,Japonais,Asie,country,tourist_origin,1800.0,persons,tourist_arrivals,Nationalités publiées par ONTT,ONTT,Rapports annuels ONTT 2017–2023,tunisie_provenance_touristique_2017_2023_ONTT.xlsx,exact_country,Absence d'une nationalité publiée ≠ zéro; TRE non fusionnés avec touristes étrangers.
provenance,Tunisie,TUN,2021,Japonais,Asie,country,tourist_origin,497.0,persons,tourist_arrivals,Nationalités publiées par ONTT,ONTT,Rapports annuels ONTT 2017–2023,tunisie_provenance_touristique_2017_2023_ONTT.xlsx,exact_country,Absence d'une nationalité publiée ≠ zéro; TRE non fusionnés avec touristes étrangers.
provenance,Tunisie,TUN,2022,Japonais,Asie,country,tourist_origin,2635.0,persons,tourist_arrivals,Nationalités publiées par ONTT,ONTT,Rapports annuels ONTT 2017–2023,tunisie_provenance_touristique_2017_2023_ONTT.xlsx,exact_country,Absence d'une nationalité publiée ≠ zéro; TRE non fusionnés avec touristes étrangers.
provenance,Tunisie,TUN,2023,Japonais,Asie,country,tourist_origin,3611.0,persons,tourist_arrivals,Nationalités publiées par ONTT,ONTT,Rapports annuels ONTT 2017–2023,tunisie_provenance_touristique_2017_2023_ONTT.xlsx,exact_country,Absence d'une nationalité publiée ≠ zéro; TRE non fusionnés avec touristes étrangers.
provenance,Tunisie,TUN,2017,Chinois,Asie,country,tourist_origin,20398.0,persons,tourist_arrivals,Nationalités publiées par ONTT,ONTT,Rapports annuels ONTT 2017–2023,tunisie_provenance_touristique_2017_2023_ONTT.xlsx,exact_country,Absence d'une nationalité publiée ≠ zéro; TRE non fusionnés avec touristes étrangers.
provenance,Tunisie,TUN,2018,Chinois,Asie,country,tourist_origin,27943.0,persons,tourist_arrivals,Nationalités publiées par ONTT,ONTT,Rapports annuels ONTT 2017–2023,tunisie_provenance_touristique_2017_2023_ONTT.xlsx,exact_country,Absence d'une nationalité publiée ≠ zéro; TRE non fusionnés avec touristes étrangers.
provenance,Tunisie,TUN,2019,Chinois,Asie,country,tourist_origin,29974.0,persons,tourist_arrivals,Nationalités publiées par ONTT,ONTT,Rapports annuels ONTT 2017–2023,tunisie_provenance_touristique_2017_2023_ONTT.xlsx,exact_country,Absence d'une nationalité publiée ≠ zéro; TRE non fusionnés avec touristes étrangers.
provenance,Tunisie,TUN,2020,Chinois,Asie,country,tourist_origin,4396.0,persons,tourist_arrivals,Nationalités publiées par ONTT,ONTT,Rapports annuels ONTT 2017–2023,tunisie_provenance_touristique_2017_2023_ONTT.xlsx,exact_country,Absence d'une nationalité publiée ≠ zéro; TRE non fusionnés avec touristes étrangers.
provenance,Tunisie,TUN,2021,Chinois,Asie,country,tourist_origin,883.0,persons,tourist_arrivals,Nationalités publiées par ONTT,ONTT,Rapports annuels ONTT 2017–2023,tunisie_provenance_touristique_2017_2023_ONTT.xlsx,exact_country,Absence d'une nationalité publiée ≠ zéro; TRE non fusionnés avec touristes étrangers.
provenance,Tunisie,TUN,2022,Chinois,Asie,country,tourist_origin,2547.0,persons,tourist_arrivals,Nationalités publiées par ONTT,ONTT,Rapports annuels ONTT 2017–2023,tunisie_provenance_touristique_2017_2023_ONTT.xlsx,exact_country,Absence d'une nationalité publiée ≠ zéro; TRE non fusionnés avec touristes étrangers.
provenance,Tunisie,TUN,2023,Chinois,Asie,country,tourist_origin,7863.0,persons,tourist_arrivals,Nationalités publiées par ONTT,ONTT,Rapports annuels ONTT 2017–2023,tunisie_provenance_touristique_2017_2023_ONTT.xlsx,exact_country,Absence d'une nationalité publiée ≠ zéro; TRE non fusionnés avec touristes étrangers.
provenance,Tunisie,TUN,2017,Brésiliens,Amérique du Sud,country,tourist_origin,1864.0,persons,tourist_arrivals,Nationalités publiées par ONTT,ONTT,Rapports annuels ONTT 2017–2023,tunisie_provenance_touristique_2017_2023_ONTT.xlsx,exact_country,Absence d'une nationalité publiée ≠ zéro; TRE non fusionnés avec touristes étrangers.
provenance,Tunisie,TUN,2018,Brésiliens,Amérique du Sud,country,tourist_origin,2201.0,persons,tourist_arrivals,Nationalités publiées par ONTT,ONTT,Rapports annuels ONTT 2017–2023,tunisie_provenance_touristique_2017_2023_ONTT.xlsx,exact_country,Absence d'une nationalité publiée ≠ zéro; TRE non fusionnés avec touristes étrangers.
provenance,Tunisie,TUN,2019,Brésiliens,Amérique du Sud,country,tourist_origin,2630.0,persons,tourist_arrivals,Nationalités publiées par ONTT,ONTT,Rapports annuels ONTT 2017–2023,tunisie_provenance_touristique_2017_2023_ONTT.xlsx,exact_country,Absence d'une nationalité publiée ≠ zéro; TRE non fusionnés avec touristes étrangers.
provenance,Tunisie,TUN,2020,Brésiliens,Amérique du Sud,country,tourist_origin,564.0,persons,tourist_arrivals,Nationalités publiées par ONTT,ONTT,Rapports annuels ONTT 2017–2023,tunisie_provenance_touristique_2017_2023_ONTT.xlsx,exact_country,Absence d'une nationalité publiée ≠ zéro; TRE non fusionnés avec touristes étrangers.
provenance,Tunisie,TUN,2021,Brésiliens,Amérique du Sud,country,tourist_origin,761.0,persons,tourist_arrivals,Nationalités publiées par ONTT,ONTT,Rapports annuels ONTT 2017–2023,tunisie_provenance_touristique_2017_2023_ONTT.xlsx,exact_country,Absence d'une nationalité publiée ≠ zéro; TRE non fusionnés avec touristes étrangers.
provenance,Tunisie,TUN,2022,Brésiliens,Amérique du Sud,country,tourist_origin,2537.0,persons,tourist_arrivals,Nationalités publiées par ONTT,ONTT,Rapports annuels ONTT 2017–2023,tunisie_provenance_touristique_2017_2023_ONTT.xlsx,exact_country,Absence d'une nationalité publiée ≠ zéro; TRE non fusionnés avec touristes étrangers.
provenance,Tunisie,TUN,2023,Brésiliens,Amérique du Sud,country,tourist_origin,3839.0,persons,tourist_arrivals,Nationalités publiées par ONTT,ONTT,Rapports annuels ONTT 2017–2023,tunisie_provenance_touristique_2017_2023_ONTT.xlsx,exact_country,Absence d'une nationalité publiée ≠ zéro; TRE non fusionnés avec touristes étrangers.
provenance,Tunisie,TUN,2017,Australiens,Océanie,country,tourist_origin,1830.0,persons,tourist_arrivals,Nationalités publiées par ONTT,ONTT,Rapports annuels ONTT 2017–2023,tunisie_provenance_touristique_2017_2023_ONTT.xlsx,exact_country,Absence d'une nationalité publiée ≠ zéro; TRE non fusionnés avec touristes étrangers.
provenance,Tunisie,TUN,2018,Australiens,Océanie,country,tourist_origin,1847.0,persons,tourist_arrivals,Nationalités publiées par ONTT,ONTT,Rapports annuels ONTT 2017–2023,tunisie_provenance_touristique_2017_2023_ONTT.xlsx,exact_country,Absence d'une nationalité publiée ≠ zéro; TRE non fusionnés avec touristes étrangers.
provenance,Tunisie,TUN,2019,Australiens,Océanie,country,tourist_origin,1739.0,persons,tourist_arrivals,Nationalités publiées par ONTT,ONTT,Rapports annuels ONTT 2017–2023,tunisie_provenance_touristique_2017_2023_ONTT.xlsx,exact_country,Absence d'une nationalité publiée ≠ zéro; TRE non fusionnés avec touristes étrangers.
provenance,Tunisie,TUN,2020,Australiens,Océanie,country,tourist_origin,383.0,persons,tourist_arrivals,Nationalités publiées par ONTT,ONTT,Rapports annuels ONTT 2017–2023,tunisie_provenance_touristique_2017_2023_ONTT.xlsx,exact_country,Absence d'une nationalité publiée ≠ zéro; TRE non fusionnés avec touristes étrangers.
provenance,Tunisie,TUN,2021,Australiens,Océanie,country,tourist_origin,394.0,persons,tourist_arrivals,Nationalités publiées par ONTT,ONTT,Rapports annuels ONTT 2017–2023,tunisie_provenance_touristique_2017_2023_ONTT.xlsx,exact_country,Absence d'une nationalité publiée ≠ zéro; TRE non fusionnés avec touristes étrangers.
provenance,Tunisie,TUN,2022,Australiens,Océanie,country,tourist_origin,1669.0,persons,tourist_arrivals,Nationalités publiées par ONTT,ONTT,Rapports annuels ONTT 2017–2023,tunisie_provenance_touristique_2017_2023_ONTT.xlsx,exact_country,Absence d'une nationalité publiée ≠ zéro; TRE non fusionnés avec touristes étrangers.
provenance,Tunisie,TUN,2023,Australiens,Océanie,country,tourist_origin,2387.0,persons,tourist_arrivals,Nationalités publiées par ONTT,ONTT,Rapports annuels ONTT 2017–2023,tunisie_provenance_touristique_2017_2023_ONTT.xlsx,exact_country,Absence d'une nationalité publiée ≠ zéro; TRE non fusionnés avec touristes étrangers.
provenance,Tunisie,TUN,2017,Tunisiens résidents à l'étranger (TRE),Diaspora tunisienne,diaspora,tourist_origin,1309174.0,persons,diaspora_arrivals,Nationalités publiées + TRE séparés,ONTT,Rapports annuels ONTT 2017–2023,tunisie_provenance_touristique_2017_2023_ONTT.xlsx,exact_diaspora,Absence d'une nationalité publiée ≠ zéro; TRE non fusionnés avec touristes étrangers.
provenance,Tunisie,TUN,2018,Tunisiens résidents à l'étranger (TRE),Diaspora tunisienne,diaspora,tourist_origin,1377797.0,persons,diaspora_arrivals,Nationalités publiées + TRE séparés,ONTT,Rapports annuels ONTT 2017–2023,tunisie_provenance_touristique_2017_2023_ONTT.xlsx,exact_diaspora,Absence d'une nationalité publiée ≠ zéro; TRE non fusionnés avec touristes étrangers.
provenance,Tunisie,TUN,2019,Tunisiens résidents à l'étranger (TRE),Diaspora tunisienne,diaspora,tourist_origin,1444533.0,persons,diaspora_arrivals,Nationalités publiées + TRE séparés,ONTT,Rapports annuels ONTT 2017–2023,tunisie_provenance_touristique_2017_2023_ONTT.xlsx,exact_diaspora,Absence d'une nationalité publiée ≠ zéro; TRE non fusionnés avec touristes étrangers.
provenance,Tunisie,TUN,2020,Tunisiens résidents à l'étranger (TRE),Diaspora tunisienne,diaspora,tourist_origin,580401.0,persons,diaspora_arrivals,Nationalités publiées + TRE séparés,ONTT,Rapports annuels ONTT 2017–2023,tunisie_provenance_touristique_2017_2023_ONTT.xlsx,exact_diaspora,Absence d'une nationalité publiée ≠ zéro; TRE non fusionnés avec touristes étrangers.
provenance,Tunisie,TUN,2021,Tunisiens résidents à l'étranger (TRE),Diaspora tunisienne,diaspora,tourist_origin,874072.0,persons,diaspora_arrivals,Nationalités publiées + TRE séparés,ONTT,Rapports annuels ONTT 2017–2023,tunisie_provenance_touristique_2017_2023_ONTT.xlsx,exact_diaspora,Absence d'une nationalité publiée ≠ zéro; TRE non fusionnés avec touristes étrangers.
provenance,Tunisie,TUN,2022,Tunisiens résidents à l'étranger (TRE),Diaspora tunisienne,diaspora,tourist_origin,1271695.0,persons,diaspora_arrivals,Nationalités publiées + TRE séparés,ONTT,Rapports annuels ONTT 2017–2023,tunisie_provenance_touristique_2017_2023_ONTT.xlsx,exact_diaspora,Absence d'une nationalité publiée ≠ zéro; TRE non fusionnés avec touristes étrangers.
provenance,Tunisie,TUN,2023,Tunisiens résidents à l'étranger (TRE),Diaspora tunisienne,diaspora,tourist_origin,1236177.0,persons,diaspora_arrivals,Nationalités publiées + TRE séparés,ONTT,Rapports annuels ONTT 2017–2023,tunisie_provenance_touristique_2017_2023_ONTT.xlsx,exact_diaspora,Absence d'une nationalité publiée ≠ zéro; TRE non fusionnés avec touristes étrangers.
provenance,Kenya,KEN,2022,United States of America,Americas,country,tourist_origin,209360.0,persons,tourist_arrivals,Top 30 marchés sources publiés,TRI / Directorate of Immigration Services,https://tri.go.ke/wp-content/uploads/2025/01/Tourism-Sector-Performance-Report-2022.pdf,kenya_provenance_touristique_2022_2024_TRI.xlsx,exact_top30,Rang officiel dans le Top 30: 1. La table n'est pas exhaustive de tous les marchés.
provenance,Kenya,KEN,2022,Uganda,Africa,country,tourist_origin,151121.0,persons,tourist_arrivals,Top 30 marchés sources publiés,TRI / Directorate of Immigration Services,https://tri.go.ke/wp-content/uploads/2025/01/Tourism-Sector-Performance-Report-2022.pdf,kenya_provenance_touristique_2022_2024_TRI.xlsx,exact_top30,Rang officiel dans le Top 30: 2. La table n'est pas exhaustive de tous les marchés.
provenance,Kenya,KEN,2022,United Kingdom,Europe,country,tourist_origin,131526.0,persons,tourist_arrivals,Top 30 marchés sources publiés,TRI / Directorate of Immigration Services,https://tri.go.ke/wp-content/uploads/2025/01/Tourism-Sector-Performance-Report-2022.pdf,kenya_provenance_touristique_2022_2024_TRI.xlsx,exact_top30,Rang officiel dans le Top 30: 3. La table n'est pas exhaustive de tous les marchés.
provenance,Kenya,KEN,2022,United Republic of Tanzania,Africa,country,tourist_origin,123836.0,persons,tourist_arrivals,Top 30 marchés sources publiés,TRI / Directorate of Immigration Services,https://tri.go.ke/wp-content/uploads/2025/01/Tourism-Sector-Performance-Report-2022.pdf,kenya_provenance_touristique_2022_2024_TRI.xlsx,exact_top30,Rang officiel dans le Top 30: 4. La table n'est pas exhaustive de tous les marchés.
provenance,Kenya,KEN,2022,India,Asia,country,tourist_origin,83106.0,persons,tourist_arrivals,Top 30 marchés sources publiés,TRI / Directorate of Immigration Services,https://tri.go.ke/wp-content/uploads/2025/01/Tourism-Sector-Performance-Report-2022.pdf,kenya_provenance_touristique_2022_2024_TRI.xlsx,exact_top30,Rang officiel dans le Top 30: 5. La table n'est pas exhaustive de tous les marchés.
provenance,Kenya,KEN,2022,Germany,Europe,country,tourist_origin,53498.0,persons,tourist_arrivals,Top 30 marchés sources publiés,TRI / Directorate of Immigration Services,https://tri.go.ke/wp-content/uploads/2025/01/Tourism-Sector-Performance-Report-2022.pdf,kenya_provenance_touristique_2022_2024_TRI.xlsx,exact_top30,Rang officiel dans le Top 30: 6. La table n'est pas exhaustive de tous les marchés.
provenance,Kenya,KEN,2022,Rwanda,Africa,country,tourist_origin,48232.0,persons,tourist_arrivals,Top 30 marchés sources publiés,TRI / Directorate of Immigration Services,https://tri.go.ke/wp-content/uploads/2025/01/Tourism-Sector-Performance-Report-2022.pdf,kenya_provenance_touristique_2022_2024_TRI.xlsx,exact_top30,Rang officiel dans le Top 30: 7. La table n'est pas exhaustive de tous les marchés.
provenance,Kenya,KEN,2022,Somalia,Africa,country,tourist_origin,40133.0,persons,tourist_arrivals,Top 30 marchés sources publiés,TRI / Directorate of Immigration Services,https://tri.go.ke/wp-content/uploads/2025/01/Tourism-Sector-Performance-Report-2022.pdf,kenya_provenance_touristique_2022_2024_TRI.xlsx,exact_top30,Rang officiel dans le Top 30: 8. La table n'est pas exhaustive de tous les marchés.
provenance,Kenya,KEN,2022,Ethiopia,Africa,country,tourist_origin,36581.0,persons,tourist_arrivals,Top 30 marchés sources publiés,TRI / Directorate of Immigration Services,https://tri.go.ke/wp-content/uploads/2025/01/Tourism-Sector-Performance-Report-2022.pdf,kenya_provenance_touristique_2022_2024_TRI.xlsx,exact_top30,Rang officiel dans le Top 30: 9. La table n'est pas exhaustive de tous les marchés.
provenance,Kenya,KEN,2022,South Sudan,Africa,country,tourist_origin,35760.0,persons,tourist_arrivals,Top 30 marchés sources publiés,TRI / Directorate of Immigration Services,https://tri.go.ke/wp-content/uploads/2025/01/Tourism-Sector-Performance-Report-2022.pdf,kenya_provenance_touristique_2022_2024_TRI.xlsx,exact_top30,Rang officiel dans le Top 30: 10. La table n'est pas exhaustive de tous les marchés.
provenance,Kenya,KEN,2022,France,Europe,country,tourist_origin,35329.0,persons,tourist_arrivals,Top 30 marchés sources publiés,TRI / Directorate of Immigration Services,https://tri.go.ke/wp-content/uploads/2025/01/Tourism-Sector-Performance-Report-2022.pdf,kenya_provenance_touristique_2022_2024_TRI.xlsx,exact_top30,Rang officiel dans le Top 30: 11. La table n'est pas exhaustive de tous les marchés.
provenance,Kenya,KEN,2022,Nigeria,Africa,country,tourist_origin,31713.0,persons,tourist_arrivals,Top 30 marchés sources publiés,TRI / Directorate of Immigration Services,https://tri.go.ke/wp-content/uploads/2025/01/Tourism-Sector-Performance-Report-2022.pdf,kenya_provenance_touristique_2022_2024_TRI.xlsx,exact_top30,Rang officiel dans le Top 30: 12. La table n'est pas exhaustive de tous les marchés.
provenance,Kenya,KEN,2022,Italy,Europe,country,tourist_origin,31301.0,persons,tourist_arrivals,Top 30 marchés sources publiés,TRI / Directorate of Immigration Services,https://tri.go.ke/wp-content/uploads/2025/01/Tourism-Sector-Performance-Report-2022.pdf,kenya_provenance_touristique_2022_2024_TRI.xlsx,exact_top30,Rang officiel dans le Top 30: 13. La table n'est pas exhaustive de tous les marchés.
provenance,Kenya,KEN,2022,South Africa,Africa,country,tourist_origin,28289.0,persons,tourist_arrivals,Top 30 marchés sources publiés,TRI / Directorate of Immigration Services,https://tri.go.ke/wp-content/uploads/2025/01/Tourism-Sector-Performance-Report-2022.pdf,kenya_provenance_touristique_2022_2024_TRI.xlsx,exact_top30,Rang officiel dans le Top 30: 14. La table n'est pas exhaustive de tous les marchés.
provenance,Kenya,KEN,2022,Canada,Americas,country,tourist_origin,27639.0,persons,tourist_arrivals,Top 30 marchés sources publiés,TRI / Directorate of Immigration Services,https://tri.go.ke/wp-content/uploads/2025/01/Tourism-Sector-Performance-Report-2022.pdf,kenya_provenance_touristique_2022_2024_TRI.xlsx,exact_top30,Rang officiel dans le Top 30: 15. La table n'est pas exhaustive de tous les marchés.
provenance,Kenya,KEN,2022,Netherlands,Europe,country,tourist_origin,24601.0,persons,tourist_arrivals,Top 30 marchés sources publiés,TRI / Directorate of Immigration Services,https://tri.go.ke/wp-content/uploads/2025/01/Tourism-Sector-Performance-Report-2022.pdf,kenya_provenance_touristique_2022_2024_TRI.xlsx,exact_top30,Rang officiel dans le Top 30: 16. La table n'est pas exhaustive de tous les marchés.
provenance,Kenya,KEN,2022,Burundi,Africa,country,tourist_origin,22291.0,persons,tourist_arrivals,Top 30 marchés sources publiés,TRI / Directorate of Immigration Services,https://tri.go.ke/wp-content/uploads/2025/01/Tourism-Sector-Performance-Report-2022.pdf,kenya_provenance_touristique_2022_2024_TRI.xlsx,exact_top30,Rang officiel dans le Top 30: 17. La table n'est pas exhaustive de tous les marchés.
provenance,Kenya,KEN,2022,Democratic Republic of Congo,Africa,country,tourist_origin,21428.0,persons,tourist_arrivals,Top 30 marchés sources publiés,TRI / Directorate of Immigration Services,https://tri.go.ke/wp-content/uploads/2025/01/Tourism-Sector-Performance-Report-2022.pdf,kenya_provenance_touristique_2022_2024_TRI.xlsx,exact_top30,Rang officiel dans le Top 30: 18. La table n'est pas exhaustive de tous les marchés.
provenance,Kenya,KEN,2022,China,Asia,country,tourist_origin,20260.0,persons,tourist_arrivals,Top 30 marchés sources publiés,TRI / Directorate of Immigration Services,https://tri.go.ke/wp-content/uploads/2025/01/Tourism-Sector-Performance-Report-2022.pdf,kenya_provenance_touristique_2022_2024_TRI.xlsx,exact_top30,Rang officiel dans le Top 30: 19. La table n'est pas exhaustive de tous les marchés.
provenance,Kenya,KEN,2022,Sweden,Europe,country,tourist_origin,17062.0,persons,tourist_arrivals,Top 30 marchés sources publiés,TRI / Directorate of Immigration Services,https://tri.go.ke/wp-content/uploads/2025/01/Tourism-Sector-Performance-Report-2022.pdf,kenya_provenance_touristique_2022_2024_TRI.xlsx,exact_top30,Rang officiel dans le Top 30: 20. La table n'est pas exhaustive de tous les marchés.
provenance,Kenya,KEN,2022,Spain,Europe,country,tourist_origin,16391.0,persons,tourist_arrivals,Top 30 marchés sources publiés,TRI / Directorate of Immigration Services,https://tri.go.ke/wp-content/uploads/2025/01/Tourism-Sector-Performance-Report-2022.pdf,kenya_provenance_touristique_2022_2024_TRI.xlsx,exact_top30,Rang officiel dans le Top 30: 21. La table n'est pas exhaustive de tous les marchés.
provenance,Kenya,KEN,2022,United Nations Organization,Other / institutional,institutional_category,tourist_origin,14892.0,persons,tourist_arrivals,Top 30 marchés sources publiés,TRI / Directorate of Immigration Services,https://tri.go.ke/wp-content/uploads/2025/01/Tourism-Sector-Performance-Report-2022.pdf,kenya_provenance_touristique_2022_2024_TRI.xlsx,exact_top30,Rang officiel dans le Top 30: 22. La table n'est pas exhaustive de tous les marchés. Catégorie institutionnelle publiée dans le Top 30 ; ne pas interpréter comme un pays. Définition statistique exacte à vérifier dans la source originale.
provenance,Kenya,KEN,2022,Poland,Europe,country,tourist_origin,13708.0,persons,tourist_arrivals,Top 30 marchés sources publiés,TRI / Directorate of Immigration Services,https://tri.go.ke/wp-content/uploads/2025/01/Tourism-Sector-Performance-Report-2022.pdf,kenya_provenance_touristique_2022_2024_TRI.xlsx,exact_top30,Rang officiel dans le Top 30: 23. La table n'est pas exhaustive de tous les marchés.
provenance,Kenya,KEN,2022,Australia,Oceania,country,tourist_origin,11931.0,persons,tourist_arrivals,Top 30 marchés sources publiés,TRI / Directorate of Immigration Services,https://tri.go.ke/wp-content/uploads/2025/01/Tourism-Sector-Performance-Report-2022.pdf,kenya_provenance_touristique_2022_2024_TRI.xlsx,exact_top30,Rang officiel dans le Top 30: 24. La table n'est pas exhaustive de tous les marchés.
provenance,Kenya,KEN,2022,Zimbabwe,Africa,country,tourist_origin,11880.0,persons,tourist_arrivals,Top 30 marchés sources publiés,TRI / Directorate of Immigration Services,https://tri.go.ke/wp-content/uploads/2025/01/Tourism-Sector-Performance-Report-2022.pdf,kenya_provenance_touristique_2022_2024_TRI.xlsx,exact_top30,Rang officiel dans le Top 30: 25. La table n'est pas exhaustive de tous les marchés.
provenance,Kenya,KEN,2022,Denmark,Europe,country,tourist_origin,10539.0,persons,tourist_arrivals,Top 30 marchés sources publiés,TRI / Directorate of Immigration Services,https://tri.go.ke/wp-content/uploads/2025/01/Tourism-Sector-Performance-Report-2022.pdf,kenya_provenance_touristique_2022_2024_TRI.xlsx,exact_top30,Rang officiel dans le Top 30: 26. La table n'est pas exhaustive de tous les marchés.
provenance,Kenya,KEN,2022,Norway,Europe,country,tourist_origin,10139.0,persons,tourist_arrivals,Top 30 marchés sources publiés,TRI / Directorate of Immigration Services,https://tri.go.ke/wp-content/uploads/2025/01/Tourism-Sector-Performance-Report-2022.pdf,kenya_provenance_touristique_2022_2024_TRI.xlsx,exact_top30,Rang officiel dans le Top 30: 27. La table n'est pas exhaustive de tous les marchés.
provenance,Kenya,KEN,2022,Ghana,Africa,country,tourist_origin,9886.0,persons,tourist_arrivals,Top 30 marchés sources publiés,TRI / Directorate of Immigration Services,https://tri.go.ke/wp-content/uploads/2025/01/Tourism-Sector-Performance-Report-2022.pdf,kenya_provenance_touristique_2022_2024_TRI.xlsx,exact_top30,Rang officiel dans le Top 30: 28. La table n'est pas exhaustive de tous les marchés.
provenance,Kenya,KEN,2022,Belgium,Europe,country,tourist_origin,9436.0,persons,tourist_arrivals,Top 30 marchés sources publiés,TRI / Directorate of Immigration Services,https://tri.go.ke/wp-content/uploads/2025/01/Tourism-Sector-Performance-Report-2022.pdf,kenya_provenance_touristique_2022_2024_TRI.xlsx,exact_top30,Rang officiel dans le Top 30: 29. La table n'est pas exhaustive de tous les marchés.
provenance,Kenya,KEN,2022,Switzerland,Europe,country,tourist_origin,8923.0,persons,tourist_arrivals,Top 30 marchés sources publiés,TRI / Directorate of Immigration Services,https://tri.go.ke/wp-content/uploads/2025/01/Tourism-Sector-Performance-Report-2022.pdf,kenya_provenance_touristique_2022_2024_TRI.xlsx,exact_top30,Rang officiel dans le Top 30: 30. La table n'est pas exhaustive de tous les marchés.
provenance,Kenya,KEN,2023,United States of America,Americas,country,tourist_origin,265310.0,persons,tourist_arrivals,Top 30 marchés sources publiés,TRI / Directorate of Immigration Services,https://tri.go.ke/wp-content/uploads/2024/03/TOURISM-SECTOR-PERFORMANCE-REPORT-2023.pdf,kenya_provenance_touristique_2022_2024_TRI.xlsx,exact_top30,Rang officiel dans le Top 30: 1. La table n'est pas exhaustive de tous les marchés.
provenance,Kenya,KEN,2023,Uganda,Africa,country,tourist_origin,201623.0,persons,tourist_arrivals,Top 30 marchés sources publiés,TRI / Directorate of Immigration Services,https://tri.go.ke/wp-content/uploads/2024/03/TOURISM-SECTOR-PERFORMANCE-REPORT-2023.pdf,kenya_provenance_touristique_2022_2024_TRI.xlsx,exact_top30,Rang officiel dans le Top 30: 2. La table n'est pas exhaustive de tous les marchés.
provenance,Kenya,KEN,2023,United Republic of Tanzania,Africa,country,tourist_origin,157818.0,persons,tourist_arrivals,Top 30 marchés sources publiés,TRI / Directorate of Immigration Services,https://tri.go.ke/wp-content/uploads/2024/03/TOURISM-SECTOR-PERFORMANCE-REPORT-2023.pdf,kenya_provenance_touristique_2022_2024_TRI.xlsx,exact_top30,Rang officiel dans le Top 30: 3. La table n'est pas exhaustive de tous les marchés.
provenance,Kenya,KEN,2023,United Kingdom,Europe,country,tourist_origin,156700.0,persons,tourist_arrivals,Top 30 marchés sources publiés,TRI / Directorate of Immigration Services,https://tri.go.ke/wp-content/uploads/2024/03/TOURISM-SECTOR-PERFORMANCE-REPORT-2023.pdf,kenya_provenance_touristique_2022_2024_TRI.xlsx,exact_top30,Rang officiel dans le Top 30: 4. La table n'est pas exhaustive de tous les marchés.
provenance,Kenya,KEN,2023,India,Asia,country,tourist_origin,94273.0,persons,tourist_arrivals,Top 30 marchés sources publiés,TRI / Directorate of Immigration Services,https://tri.go.ke/wp-content/uploads/2024/03/TOURISM-SECTOR-PERFORMANCE-REPORT-2023.pdf,kenya_provenance_touristique_2022_2024_TRI.xlsx,exact_top30,Rang officiel dans le Top 30: 5. La table n'est pas exhaustive de tous les marchés.
provenance,Kenya,KEN,2023,Germany,Europe,country,tourist_origin,77907.0,persons,tourist_arrivals,Top 30 marchés sources publiés,TRI / Directorate of Immigration Services,https://tri.go.ke/wp-content/uploads/2024/03/TOURISM-SECTOR-PERFORMANCE-REPORT-2023.pdf,kenya_provenance_touristique_2022_2024_TRI.xlsx,exact_top30,Rang officiel dans le Top 30: 6. La table n'est pas exhaustive de tous les marchés.
provenance,Kenya,KEN,2023,Italy,Europe,country,tourist_origin,69080.0,persons,tourist_arrivals,Top 30 marchés sources publiés,TRI / Directorate of Immigration Services,https://tri.go.ke/wp-content/uploads/2024/03/TOURISM-SECTOR-PERFORMANCE-REPORT-2023.pdf,kenya_provenance_touristique_2022_2024_TRI.xlsx,exact_top30,Rang officiel dans le Top 30: 7. La table n'est pas exhaustive de tous les marchés.
provenance,Kenya,KEN,2023,China,Asia,country,tourist_origin,52865.0,persons,tourist_arrivals,Top 30 marchés sources publiés,TRI / Directorate of Immigration Services,https://tri.go.ke/wp-content/uploads/2024/03/TOURISM-SECTOR-PERFORMANCE-REPORT-2023.pdf,kenya_provenance_touristique_2022_2024_TRI.xlsx,exact_top30,Rang officiel dans le Top 30: 8. La table n'est pas exhaustive de tous les marchés.
provenance,Kenya,KEN,2023,Somalia,Africa,country,tourist_origin,52328.0,persons,tourist_arrivals,Top 30 marchés sources publiés,TRI / Directorate of Immigration Services,https://tri.go.ke/wp-content/uploads/2024/03/TOURISM-SECTOR-PERFORMANCE-REPORT-2023.pdf,kenya_provenance_touristique_2022_2024_TRI.xlsx,exact_top30,Rang officiel dans le Top 30: 9. La table n'est pas exhaustive de tous les marchés.
provenance,Kenya,KEN,2023,Rwanda,Africa,country,tourist_origin,52097.0,persons,tourist_arrivals,Top 30 marchés sources publiés,TRI / Directorate of Immigration Services,https://tri.go.ke/wp-content/uploads/2024/03/TOURISM-SECTOR-PERFORMANCE-REPORT-2023.pdf,kenya_provenance_touristique_2022_2024_TRI.xlsx,exact_top30,Rang officiel dans le Top 30: 10. La table n'est pas exhaustive de tous les marchés.
provenance,Kenya,KEN,2023,France,Europe,country,tourist_origin,47072.0,persons,tourist_arrivals,Top 30 marchés sources publiés,TRI / Directorate of Immigration Services,https://tri.go.ke/wp-content/uploads/2024/03/TOURISM-SECTOR-PERFORMANCE-REPORT-2023.pdf,kenya_provenance_touristique_2022_2024_TRI.xlsx,exact_top30,Rang officiel dans le Top 30: 11. La table n'est pas exhaustive de tous les marchés.
provenance,Kenya,KEN,2023,Ethiopia,Africa,country,tourist_origin,42734.0,persons,tourist_arrivals,Top 30 marchés sources publiés,TRI / Directorate of Immigration Services,https://tri.go.ke/wp-content/uploads/2024/03/TOURISM-SECTOR-PERFORMANCE-REPORT-2023.pdf,kenya_provenance_touristique_2022_2024_TRI.xlsx,exact_top30,Rang officiel dans le Top 30: 12. La table n'est pas exhaustive de tous les marchés.
provenance,Kenya,KEN,2023,South Sudan,Africa,country,tourist_origin,41968.0,persons,tourist_arrivals,Top 30 marchés sources publiés,TRI / Directorate of Immigration Services,https://tri.go.ke/wp-content/uploads/2024/03/TOURISM-SECTOR-PERFORMANCE-REPORT-2023.pdf,kenya_provenance_touristique_2022_2024_TRI.xlsx,exact_top30,Rang officiel dans le Top 30: 13. La table n'est pas exhaustive de tous les marchés.
provenance,Kenya,KEN,2023,Canada,Americas,country,tourist_origin,38802.0,persons,tourist_arrivals,Top 30 marchés sources publiés,TRI / Directorate of Immigration Services,https://tri.go.ke/wp-content/uploads/2024/03/TOURISM-SECTOR-PERFORMANCE-REPORT-2023.pdf,kenya_provenance_touristique_2022_2024_TRI.xlsx,exact_top30,Rang officiel dans le Top 30: 14. La table n'est pas exhaustive de tous les marchés.
provenance,Kenya,KEN,2023,South Africa,Africa,country,tourist_origin,37370.0,persons,tourist_arrivals,Top 30 marchés sources publiés,TRI / Directorate of Immigration Services,https://tri.go.ke/wp-content/uploads/2024/03/TOURISM-SECTOR-PERFORMANCE-REPORT-2023.pdf,kenya_provenance_touristique_2022_2024_TRI.xlsx,exact_top30,Rang officiel dans le Top 30: 15. La table n'est pas exhaustive de tous les marchés.
provenance,Kenya,KEN,2023,Nigeria,Africa,country,tourist_origin,33619.0,persons,tourist_arrivals,Top 30 marchés sources publiés,TRI / Directorate of Immigration Services,https://tri.go.ke/wp-content/uploads/2024/03/TOURISM-SECTOR-PERFORMANCE-REPORT-2023.pdf,kenya_provenance_touristique_2022_2024_TRI.xlsx,exact_top30,Rang officiel dans le Top 30: 16. La table n'est pas exhaustive de tous les marchés.
provenance,Kenya,KEN,2023,Netherlands,Europe,country,tourist_origin,32771.0,persons,tourist_arrivals,Top 30 marchés sources publiés,TRI / Directorate of Immigration Services,https://tri.go.ke/wp-content/uploads/2024/03/TOURISM-SECTOR-PERFORMANCE-REPORT-2023.pdf,kenya_provenance_touristique_2022_2024_TRI.xlsx,exact_top30,Rang officiel dans le Top 30: 17. La table n'est pas exhaustive de tous les marchés.
provenance,Kenya,KEN,2023,Burundi,Africa,country,tourist_origin,32467.0,persons,tourist_arrivals,Top 30 marchés sources publiés,TRI / Directorate of Immigration Services,https://tri.go.ke/wp-content/uploads/2024/03/TOURISM-SECTOR-PERFORMANCE-REPORT-2023.pdf,kenya_provenance_touristique_2022_2024_TRI.xlsx,exact_top30,Rang officiel dans le Top 30: 18. La table n'est pas exhaustive de tous les marchés.
provenance,Kenya,KEN,2023,Democratic Republic of Congo,Africa,country,tourist_origin,26991.0,persons,tourist_arrivals,Top 30 marchés sources publiés,TRI / Directorate of Immigration Services,https://tri.go.ke/wp-content/uploads/2024/03/TOURISM-SECTOR-PERFORMANCE-REPORT-2023.pdf,kenya_provenance_touristique_2022_2024_TRI.xlsx,exact_top30,Rang officiel dans le Top 30: 19. La table n'est pas exhaustive de tous les marchés.
provenance,Kenya,KEN,2023,Spain,Europe,country,tourist_origin,26727.0,persons,tourist_arrivals,Top 30 marchés sources publiés,TRI / Directorate of Immigration Services,https://tri.go.ke/wp-content/uploads/2024/03/TOURISM-SECTOR-PERFORMANCE-REPORT-2023.pdf,kenya_provenance_touristique_2022_2024_TRI.xlsx,exact_top30,Rang officiel dans le Top 30: 20. La table n'est pas exhaustive de tous les marchés.
provenance,Kenya,KEN,2023,Australia,Oceania,country,tourist_origin,22558.0,persons,tourist_arrivals,Top 30 marchés sources publiés,TRI / Directorate of Immigration Services,https://tri.go.ke/wp-content/uploads/2024/03/TOURISM-SECTOR-PERFORMANCE-REPORT-2023.pdf,kenya_provenance_touristique_2022_2024_TRI.xlsx,exact_top30,Rang officiel dans le Top 30: 21. La table n'est pas exhaustive de tous les marchés.
provenance,Kenya,KEN,2023,Poland,Europe,country,tourist_origin,21365.0,persons,tourist_arrivals,Top 30 marchés sources publiés,TRI / Directorate of Immigration Services,https://tri.go.ke/wp-content/uploads/2024/03/TOURISM-SECTOR-PERFORMANCE-REPORT-2023.pdf,kenya_provenance_touristique_2022_2024_TRI.xlsx,exact_top30,Rang officiel dans le Top 30: 22. La table n'est pas exhaustive de tous les marchés.
provenance,Kenya,KEN,2023,Sweden,Europe,country,tourist_origin,19113.0,persons,tourist_arrivals,Top 30 marchés sources publiés,TRI / Directorate of Immigration Services,https://tri.go.ke/wp-content/uploads/2024/03/TOURISM-SECTOR-PERFORMANCE-REPORT-2023.pdf,kenya_provenance_touristique_2022_2024_TRI.xlsx,exact_top30,Rang officiel dans le Top 30: 23. La table n'est pas exhaustive de tous les marchés.
provenance,Kenya,KEN,2023,Ghana,Africa,country,tourist_origin,14642.0,persons,tourist_arrivals,Top 30 marchés sources publiés,TRI / Directorate of Immigration Services,https://tri.go.ke/wp-content/uploads/2024/03/TOURISM-SECTOR-PERFORMANCE-REPORT-2023.pdf,kenya_provenance_touristique_2022_2024_TRI.xlsx,exact_top30,Rang officiel dans le Top 30: 24. La table n'est pas exhaustive de tous les marchés.
provenance,Kenya,KEN,2023,Zimbabwe,Africa,country,tourist_origin,14249.0,persons,tourist_arrivals,Top 30 marchés sources publiés,TRI / Directorate of Immigration Services,https://tri.go.ke/wp-content/uploads/2024/03/TOURISM-SECTOR-PERFORMANCE-REPORT-2023.pdf,kenya_provenance_touristique_2022_2024_TRI.xlsx,exact_top30,Rang officiel dans le Top 30: 25. La table n'est pas exhaustive de tous les marchés.
provenance,Kenya,KEN,2023,Norway,Europe,country,tourist_origin,13829.0,persons,tourist_arrivals,Top 30 marchés sources publiés,TRI / Directorate of Immigration Services,https://tri.go.ke/wp-content/uploads/2024/03/TOURISM-SECTOR-PERFORMANCE-REPORT-2023.pdf,kenya_provenance_touristique_2022_2024_TRI.xlsx,exact_top30,Rang officiel dans le Top 30: 26. La table n'est pas exhaustive de tous les marchés.
provenance,Kenya,KEN,2023,Belgium,Europe,country,tourist_origin,12963.0,persons,tourist_arrivals,Top 30 marchés sources publiés,TRI / Directorate of Immigration Services,https://tri.go.ke/wp-content/uploads/2024/03/TOURISM-SECTOR-PERFORMANCE-REPORT-2023.pdf,kenya_provenance_touristique_2022_2024_TRI.xlsx,exact_top30,Rang officiel dans le Top 30: 27. La table n'est pas exhaustive de tous les marchés.
provenance,Kenya,KEN,2023,Switzerland,Europe,country,tourist_origin,12840.0,persons,tourist_arrivals,Top 30 marchés sources publiés,TRI / Directorate of Immigration Services,https://tri.go.ke/wp-content/uploads/2024/03/TOURISM-SECTOR-PERFORMANCE-REPORT-2023.pdf,kenya_provenance_touristique_2022_2024_TRI.xlsx,exact_top30,Rang officiel dans le Top 30: 28. La table n'est pas exhaustive de tous les marchés.
provenance,Kenya,KEN,2023,Denmark,Europe,country,tourist_origin,12307.0,persons,tourist_arrivals,Top 30 marchés sources publiés,TRI / Directorate of Immigration Services,https://tri.go.ke/wp-content/uploads/2024/03/TOURISM-SECTOR-PERFORMANCE-REPORT-2023.pdf,kenya_provenance_touristique_2022_2024_TRI.xlsx,exact_top30,Rang officiel dans le Top 30: 29. La table n'est pas exhaustive de tous les marchés.
provenance,Kenya,KEN,2023,Zambia,Africa,country,tourist_origin,9037.0,persons,tourist_arrivals,Top 30 marchés sources publiés,TRI / Directorate of Immigration Services,https://tri.go.ke/wp-content/uploads/2024/03/TOURISM-SECTOR-PERFORMANCE-REPORT-2023.pdf,kenya_provenance_touristique_2022_2024_TRI.xlsx,exact_top30,Rang officiel dans le Top 30: 30. La table n'est pas exhaustive de tous les marchés.
provenance,Kenya,KEN,2024,United States of America,Americas,country,tourist_origin,306501.0,persons,tourist_arrivals,Top 30 marchés sources publiés,TRI / Directorate of Immigration Services,https://tri.go.ke/wp-content/uploads/2025/02/TRI-Tourism-Sector-Performance-Report-2024.pdf,kenya_provenance_touristique_2022_2024_TRI.xlsx,exact_top30,Rang officiel dans le Top 30: 1. La table n'est pas exhaustive de tous les marchés.
provenance,Kenya,KEN,2024,Uganda,Africa,country,tourist_origin,225559.0,persons,tourist_arrivals,Top 30 marchés sources publiés,TRI / Directorate of Immigration Services,https://tri.go.ke/wp-content/uploads/2025/02/TRI-Tourism-Sector-Performance-Report-2024.pdf,kenya_provenance_touristique_2022_2024_TRI.xlsx,exact_top30,Rang officiel dans le Top 30: 2. La table n'est pas exhaustive de tous les marchés.
provenance,Kenya,KEN,2024,United Republic of Tanzania,Africa,country,tourist_origin,203290.0,persons,tourist_arrivals,Top 30 marchés sources publiés,TRI / Directorate of Immigration Services,https://tri.go.ke/wp-content/uploads/2025/02/TRI-Tourism-Sector-Performance-Report-2024.pdf,kenya_provenance_touristique_2022_2024_TRI.xlsx,exact_top30,Rang officiel dans le Top 30: 3. La table n'est pas exhaustive de tous les marchés.
provenance,Kenya,KEN,2024,United Kingdom,Europe,country,tourist_origin,180639.0,persons,tourist_arrivals,Top 30 marchés sources publiés,TRI / Directorate of Immigration Services,https://tri.go.ke/wp-content/uploads/2025/02/TRI-Tourism-Sector-Performance-Report-2024.pdf,kenya_provenance_touristique_2022_2024_TRI.xlsx,exact_top30,Rang officiel dans le Top 30: 4. La table n'est pas exhaustive de tous les marchés.
provenance,Kenya,KEN,2024,India,Asia,country,tourist_origin,131570.0,persons,tourist_arrivals,Top 30 marchés sources publiés,TRI / Directorate of Immigration Services,https://tri.go.ke/wp-content/uploads/2025/02/TRI-Tourism-Sector-Performance-Report-2024.pdf,kenya_provenance_touristique_2022_2024_TRI.xlsx,exact_top30,Rang officiel dans le Top 30: 5. La table n'est pas exhaustive de tous les marchés.
provenance,Kenya,KEN,2024,Italy,Europe,country,tourist_origin,91842.0,persons,tourist_arrivals,Top 30 marchés sources publiés,TRI / Directorate of Immigration Services,https://tri.go.ke/wp-content/uploads/2025/02/TRI-Tourism-Sector-Performance-Report-2024.pdf,kenya_provenance_touristique_2022_2024_TRI.xlsx,exact_top30,Rang officiel dans le Top 30: 6. La table n'est pas exhaustive de tous les marchés.
provenance,Kenya,KEN,2024,China,Asia,country,tourist_origin,90462.0,persons,tourist_arrivals,Top 30 marchés sources publiés,TRI / Directorate of Immigration Services,https://tri.go.ke/wp-content/uploads/2025/02/TRI-Tourism-Sector-Performance-Report-2024.pdf,kenya_provenance_touristique_2022_2024_TRI.xlsx,exact_top30,Rang officiel dans le Top 30: 7. La table n'est pas exhaustive de tous les marchés.
provenance,Kenya,KEN,2024,Germany,Europe,country,tourist_origin,87556.0,persons,tourist_arrivals,Top 30 marchés sources publiés,TRI / Directorate of Immigration Services,https://tri.go.ke/wp-content/uploads/2025/02/TRI-Tourism-Sector-Performance-Report-2024.pdf,kenya_provenance_touristique_2022_2024_TRI.xlsx,exact_top30,Rang officiel dans le Top 30: 8. La table n'est pas exhaustive de tous les marchés.
provenance,Kenya,KEN,2024,Somalia,Africa,country,tourist_origin,81555.0,persons,tourist_arrivals,Top 30 marchés sources publiés,TRI / Directorate of Immigration Services,https://tri.go.ke/wp-content/uploads/2025/02/TRI-Tourism-Sector-Performance-Report-2024.pdf,kenya_provenance_touristique_2022_2024_TRI.xlsx,exact_top30,Rang officiel dans le Top 30: 9. La table n'est pas exhaustive de tous les marchés.
provenance,Kenya,KEN,2024,Rwanda,Africa,country,tourist_origin,65866.0,persons,tourist_arrivals,Top 30 marchés sources publiés,TRI / Directorate of Immigration Services,https://tri.go.ke/wp-content/uploads/2025/02/TRI-Tourism-Sector-Performance-Report-2024.pdf,kenya_provenance_touristique_2022_2024_TRI.xlsx,exact_top30,Rang officiel dans le Top 30: 10. La table n'est pas exhaustive de tous les marchés.
provenance,Kenya,KEN,2024,France,Europe,country,tourist_origin,54839.0,persons,tourist_arrivals,Top 30 marchés sources publiés,TRI / Directorate of Immigration Services,https://tri.go.ke/wp-content/uploads/2025/02/TRI-Tourism-Sector-Performance-Report-2024.pdf,kenya_provenance_touristique_2022_2024_TRI.xlsx,exact_top30,Rang officiel dans le Top 30: 11. La table n'est pas exhaustive de tous les marchés.
provenance,Kenya,KEN,2024,Burundi,Africa,country,tourist_origin,51865.0,persons,tourist_arrivals,Top 30 marchés sources publiés,TRI / Directorate of Immigration Services,https://tri.go.ke/wp-content/uploads/2025/02/TRI-Tourism-Sector-Performance-Report-2024.pdf,kenya_provenance_touristique_2022_2024_TRI.xlsx,exact_top30,Rang officiel dans le Top 30: 12. La table n'est pas exhaustive de tous les marchés.
provenance,Kenya,KEN,2024,Ethiopia,Africa,country,tourist_origin,48291.0,persons,tourist_arrivals,Top 30 marchés sources publiés,TRI / Directorate of Immigration Services,https://tri.go.ke/wp-content/uploads/2025/02/TRI-Tourism-Sector-Performance-Report-2024.pdf,kenya_provenance_touristique_2022_2024_TRI.xlsx,exact_top30,Rang officiel dans le Top 30: 13. La table n'est pas exhaustive de tous les marchés.
provenance,Kenya,KEN,2024,Canada,Americas,country,tourist_origin,47745.0,persons,tourist_arrivals,Top 30 marchés sources publiés,TRI / Directorate of Immigration Services,https://tri.go.ke/wp-content/uploads/2025/02/TRI-Tourism-Sector-Performance-Report-2024.pdf,kenya_provenance_touristique_2022_2024_TRI.xlsx,exact_top30,Rang officiel dans le Top 30: 14. La table n'est pas exhaustive de tous les marchés.
provenance,Kenya,KEN,2024,South Sudan,Africa,country,tourist_origin,45250.0,persons,tourist_arrivals,Top 30 marchés sources publiés,TRI / Directorate of Immigration Services,https://tri.go.ke/wp-content/uploads/2025/02/TRI-Tourism-Sector-Performance-Report-2024.pdf,kenya_provenance_touristique_2022_2024_TRI.xlsx,exact_top30,Rang officiel dans le Top 30: 15. La table n'est pas exhaustive de tous les marchés.
provenance,Kenya,KEN,2024,Democratic Republic of Congo,Africa,country,tourist_origin,38986.0,persons,tourist_arrivals,Top 30 marchés sources publiés,TRI / Directorate of Immigration Services,https://tri.go.ke/wp-content/uploads/2025/02/TRI-Tourism-Sector-Performance-Report-2024.pdf,kenya_provenance_touristique_2022_2024_TRI.xlsx,exact_top30,Rang officiel dans le Top 30: 16. La table n'est pas exhaustive de tous les marchés.
provenance,Kenya,KEN,2024,South Africa,Africa,country,tourist_origin,38242.0,persons,tourist_arrivals,Top 30 marchés sources publiés,TRI / Directorate of Immigration Services,https://tri.go.ke/wp-content/uploads/2025/02/TRI-Tourism-Sector-Performance-Report-2024.pdf,kenya_provenance_touristique_2022_2024_TRI.xlsx,exact_top30,Rang officiel dans le Top 30: 17. La table n'est pas exhaustive de tous les marchés.
provenance,Kenya,KEN,2024,Netherlands,Europe,country,tourist_origin,37902.0,persons,tourist_arrivals,Top 30 marchés sources publiés,TRI / Directorate of Immigration Services,https://tri.go.ke/wp-content/uploads/2025/02/TRI-Tourism-Sector-Performance-Report-2024.pdf,kenya_provenance_touristique_2022_2024_TRI.xlsx,exact_top30,Rang officiel dans le Top 30: 18. La table n'est pas exhaustive de tous les marchés.
provenance,Kenya,KEN,2024,Nigeria,Africa,country,tourist_origin,33804.0,persons,tourist_arrivals,Top 30 marchés sources publiés,TRI / Directorate of Immigration Services,https://tri.go.ke/wp-content/uploads/2025/02/TRI-Tourism-Sector-Performance-Report-2024.pdf,kenya_provenance_touristique_2022_2024_TRI.xlsx,exact_top30,Rang officiel dans le Top 30: 19. La table n'est pas exhaustive de tous les marchés.
provenance,Kenya,KEN,2024,Poland,Europe,country,tourist_origin,32872.0,persons,tourist_arrivals,Top 30 marchés sources publiés,TRI / Directorate of Immigration Services,https://tri.go.ke/wp-content/uploads/2025/02/TRI-Tourism-Sector-Performance-Report-2024.pdf,kenya_provenance_touristique_2022_2024_TRI.xlsx,exact_top30,Rang officiel dans le Top 30: 20. La table n'est pas exhaustive de tous les marchés.
provenance,Kenya,KEN,2024,Spain,Europe,country,tourist_origin,27744.0,persons,tourist_arrivals,Top 30 marchés sources publiés,TRI / Directorate of Immigration Services,https://tri.go.ke/wp-content/uploads/2025/02/TRI-Tourism-Sector-Performance-Report-2024.pdf,kenya_provenance_touristique_2022_2024_TRI.xlsx,exact_top30,Rang officiel dans le Top 30: 21. La table n'est pas exhaustive de tous les marchés.
provenance,Kenya,KEN,2024,Australia,Oceania,country,tourist_origin,27396.0,persons,tourist_arrivals,Top 30 marchés sources publiés,TRI / Directorate of Immigration Services,https://tri.go.ke/wp-content/uploads/2025/02/TRI-Tourism-Sector-Performance-Report-2024.pdf,kenya_provenance_touristique_2022_2024_TRI.xlsx,exact_top30,Rang officiel dans le Top 30: 22. La table n'est pas exhaustive de tous les marchés.
provenance,Kenya,KEN,2024,Sweden,Europe,country,tourist_origin,22224.0,persons,tourist_arrivals,Top 30 marchés sources publiés,TRI / Directorate of Immigration Services,https://tri.go.ke/wp-content/uploads/2025/02/TRI-Tourism-Sector-Performance-Report-2024.pdf,kenya_provenance_touristique_2022_2024_TRI.xlsx,exact_top30,Rang officiel dans le Top 30: 23. La table n'est pas exhaustive de tous les marchés.
provenance,Kenya,KEN,2024,Ghana,Africa,country,tourist_origin,16757.0,persons,tourist_arrivals,Top 30 marchés sources publiés,TRI / Directorate of Immigration Services,https://tri.go.ke/wp-content/uploads/2025/02/TRI-Tourism-Sector-Performance-Report-2024.pdf,kenya_provenance_touristique_2022_2024_TRI.xlsx,exact_top30,Rang officiel dans le Top 30: 24. La table n'est pas exhaustive de tous les marchés.
provenance,Kenya,KEN,2024,Zimbabwe,Africa,country,tourist_origin,15895.0,persons,tourist_arrivals,Top 30 marchés sources publiés,TRI / Directorate of Immigration Services,https://tri.go.ke/wp-content/uploads/2025/02/TRI-Tourism-Sector-Performance-Report-2024.pdf,kenya_provenance_touristique_2022_2024_TRI.xlsx,exact_top30,Rang officiel dans le Top 30: 25. La table n'est pas exhaustive de tous les marchés.
provenance,Kenya,KEN,2024,Belgium,Europe,country,tourist_origin,15518.0,persons,tourist_arrivals,Top 30 marchés sources publiés,TRI / Directorate of Immigration Services,https://tri.go.ke/wp-content/uploads/2025/02/TRI-Tourism-Sector-Performance-Report-2024.pdf,kenya_provenance_touristique_2022_2024_TRI.xlsx,exact_top30,Rang officiel dans le Top 30: 26. La table n'est pas exhaustive de tous les marchés.
provenance,Kenya,KEN,2024,Norway,Europe,country,tourist_origin,15142.0,persons,tourist_arrivals,Top 30 marchés sources publiés,TRI / Directorate of Immigration Services,https://tri.go.ke/wp-content/uploads/2025/02/TRI-Tourism-Sector-Performance-Report-2024.pdf,kenya_provenance_touristique_2022_2024_TRI.xlsx,exact_top30,Rang officiel dans le Top 30: 27. La table n'est pas exhaustive de tous les marchés.
provenance,Kenya,KEN,2024,Denmark,Europe,country,tourist_origin,14858.0,persons,tourist_arrivals,Top 30 marchés sources publiés,TRI / Directorate of Immigration Services,https://tri.go.ke/wp-content/uploads/2025/02/TRI-Tourism-Sector-Performance-Report-2024.pdf,kenya_provenance_touristique_2022_2024_TRI.xlsx,exact_top30,Rang officiel dans le Top 30: 28. La table n'est pas exhaustive de tous les marchés.
provenance,Kenya,KEN,2024,Switzerland,Europe,country,tourist_origin,14465.0,persons,tourist_arrivals,Top 30 marchés sources publiés,TRI / Directorate of Immigration Services,https://tri.go.ke/wp-content/uploads/2025/02/TRI-Tourism-Sector-Performance-Report-2024.pdf,kenya_provenance_touristique_2022_2024_TRI.xlsx,exact_top30,Rang officiel dans le Top 30: 29. La table n'est pas exhaustive de tous les marchés.
provenance,Kenya,KEN,2024,Republic of Korea,Asia,country,tourist_origin,12504.0,persons,tourist_arrivals,Top 30 marchés sources publiés,TRI / Directorate of Immigration Services,https://tri.go.ke/wp-content/uploads/2025/02/TRI-Tourism-Sector-Performance-Report-2024.pdf,kenya_provenance_touristique_2022_2024_TRI.xlsx,exact_top30,Rang officiel dans le Top 30: 30. La table n'est pas exhaustive de tous les marchés.
provenance,Tanzanie,TZA,2022,Kenya,Africa,country,tourist_origin,0.13,share,source_market_share,Top 15 marchés — parts issues de l'Exit Survey,Tanzania NBS / International Visitors' Exit Survey,https://www.nbs.go.tz/statistics/topic/tourism-statistics?page=2,tanzania_tourism_provenance_2022_2024_NBS.xlsx,survey_share_top15,"Rang: 1. Part d'enquête, pas un décompte administratif; ne pas convertir en volumes exacts."
provenance,Tanzanie,TZA,2022,United States,Americas,country,tourist_origin,0.114,share,source_market_share,Top 15 marchés — parts issues de l'Exit Survey,Tanzania NBS / International Visitors' Exit Survey,https://www.nbs.go.tz/statistics/topic/tourism-statistics?page=2,tanzania_tourism_provenance_2022_2024_NBS.xlsx,survey_share_top15,"Rang: 2. Part d'enquête, pas un décompte administratif; ne pas convertir en volumes exacts."
provenance,Tanzanie,TZA,2022,United Kingdom,Europe,country,tourist_origin,0.084,share,source_market_share,Top 15 marchés — parts issues de l'Exit Survey,Tanzania NBS / International Visitors' Exit Survey,https://www.nbs.go.tz/statistics/topic/tourism-statistics?page=2,tanzania_tourism_provenance_2022_2024_NBS.xlsx,survey_share_top15,"Rang: 3. Part d'enquête, pas un décompte administratif; ne pas convertir en volumes exacts."
provenance,Tanzanie,TZA,2022,France,Europe,country,tourist_origin,0.078,share,source_market_share,Top 15 marchés — parts issues de l'Exit Survey,Tanzania NBS / International Visitors' Exit Survey,https://www.nbs.go.tz/statistics/topic/tourism-statistics?page=2,tanzania_tourism_provenance_2022_2024_NBS.xlsx,survey_share_top15,"Rang: 4. Part d'enquête, pas un décompte administratif; ne pas convertir en volumes exacts."
provenance,Tanzanie,TZA,2022,Germany,Europe,country,tourist_origin,0.07400000000000001,share,source_market_share,Top 15 marchés — parts issues de l'Exit Survey,Tanzania NBS / International Visitors' Exit Survey,https://www.nbs.go.tz/statistics/topic/tourism-statistics?page=2,tanzania_tourism_provenance_2022_2024_NBS.xlsx,survey_share_top15,"Rang: 5. Part d'enquête, pas un décompte administratif; ne pas convertir en volumes exacts."
provenance,Tanzanie,TZA,2022,Zambia,Africa,country,tourist_origin,0.066,share,source_market_share,Top 15 marchés — parts issues de l'Exit Survey,Tanzania NBS / International Visitors' Exit Survey,https://www.nbs.go.tz/statistics/topic/tourism-statistics?page=2,tanzania_tourism_provenance_2022_2024_NBS.xlsx,survey_share_top15,"Rang: 6. Part d'enquête, pas un décompte administratif; ne pas convertir en volumes exacts."
provenance,Tanzanie,TZA,2022,Italy,Europe,country,tourist_origin,0.038,share,source_market_share,Top 15 marchés — parts issues de l'Exit Survey,Tanzania NBS / International Visitors' Exit Survey,https://www.nbs.go.tz/statistics/topic/tourism-statistics?page=2,tanzania_tourism_provenance_2022_2024_NBS.xlsx,survey_share_top15,"Rang: 7. Part d'enquête, pas un décompte administratif; ne pas convertir en volumes exacts."
provenance,Tanzanie,TZA,2022,Spain,Europe,country,tourist_origin,0.038,share,source_market_share,Top 15 marchés — parts issues de l'Exit Survey,Tanzania NBS / International Visitors' Exit Survey,https://www.nbs.go.tz/statistics/topic/tourism-statistics?page=2,tanzania_tourism_provenance_2022_2024_NBS.xlsx,survey_share_top15,"Rang: 8. Part d'enquête, pas un décompte administratif; ne pas convertir en volumes exacts."
provenance,Tanzanie,TZA,2022,Burundi,Africa,country,tourist_origin,0.033,share,source_market_share,Top 15 marchés — parts issues de l'Exit Survey,Tanzania NBS / International Visitors' Exit Survey,https://www.nbs.go.tz/statistics/topic/tourism-statistics?page=2,tanzania_tourism_provenance_2022_2024_NBS.xlsx,survey_share_top15,"Rang: 9. Part d'enquête, pas un décompte administratif; ne pas convertir en volumes exacts."
provenance,Tanzanie,TZA,2022,Zimbabwe,Africa,country,tourist_origin,0.032,share,source_market_share,Top 15 marchés — parts issues de l'Exit Survey,Tanzania NBS / International Visitors' Exit Survey,https://www.nbs.go.tz/statistics/topic/tourism-statistics?page=2,tanzania_tourism_provenance_2022_2024_NBS.xlsx,survey_share_top15,"Rang: 10. Part d'enquête, pas un décompte administratif; ne pas convertir en volumes exacts."
provenance,Tanzanie,TZA,2022,Uganda,Africa,country,tourist_origin,0.031,share,source_market_share,Top 15 marchés — parts issues de l'Exit Survey,Tanzania NBS / International Visitors' Exit Survey,https://www.nbs.go.tz/statistics/topic/tourism-statistics?page=2,tanzania_tourism_provenance_2022_2024_NBS.xlsx,survey_share_top15,"Rang: 11. Part d'enquête, pas un décompte administratif; ne pas convertir en volumes exacts."
provenance,Tanzanie,TZA,2022,DRC,Africa,country,tourist_origin,0.026000000000000002,share,source_market_share,Top 15 marchés — parts issues de l'Exit Survey,Tanzania NBS / International Visitors' Exit Survey,https://www.nbs.go.tz/statistics/topic/tourism-statistics?page=2,tanzania_tourism_provenance_2022_2024_NBS.xlsx,survey_share_top15,"Rang: 12. Part d'enquête, pas un décompte administratif; ne pas convertir en volumes exacts."
provenance,Tanzanie,TZA,2022,United Arab Emirates,Asia / Middle East,country,tourist_origin,0.023,share,source_market_share,Top 15 marchés — parts issues de l'Exit Survey,Tanzania NBS / International Visitors' Exit Survey,https://www.nbs.go.tz/statistics/topic/tourism-statistics?page=2,tanzania_tourism_provenance_2022_2024_NBS.xlsx,survey_share_top15,"Rang: 13. Part d'enquête, pas un décompte administratif; ne pas convertir en volumes exacts."
provenance,Tanzanie,TZA,2022,India,Asia / Middle East,country,tourist_origin,0.018000000000000002,share,source_market_share,Top 15 marchés — parts issues de l'Exit Survey,Tanzania NBS / International Visitors' Exit Survey,https://www.nbs.go.tz/statistics/topic/tourism-statistics?page=2,tanzania_tourism_provenance_2022_2024_NBS.xlsx,survey_share_top15,"Rang: 14. Part d'enquête, pas un décompte administratif; ne pas convertir en volumes exacts."
provenance,Tanzanie,TZA,2022,South Africa,Africa,country,tourist_origin,0.016,share,source_market_share,Top 15 marchés — parts issues de l'Exit Survey,Tanzania NBS / International Visitors' Exit Survey,https://www.nbs.go.tz/statistics/topic/tourism-statistics?page=2,tanzania_tourism_provenance_2022_2024_NBS.xlsx,survey_share_top15,"Rang: 15. Part d'enquête, pas un décompte administratif; ne pas convertir en volumes exacts."
provenance,Tanzanie,TZA,2023,United States,Americas,country,tourist_origin,0.165,share,source_market_share,Top 15 marchés — parts issues de l'Exit Survey,Tanzania NBS / International Visitors' Exit Survey,https://www.nbs.go.tz/uploads/statistics/documents/en-1741009437-TTSS%202023%20Report.pdf,tanzania_tourism_provenance_2022_2024_NBS.xlsx,survey_share_top15,"Rang: 1. Part d'enquête, pas un décompte administratif; ne pas convertir en volumes exacts."
provenance,Tanzanie,TZA,2023,Italy,Europe,country,tourist_origin,0.087,share,source_market_share,Top 15 marchés — parts issues de l'Exit Survey,Tanzania NBS / International Visitors' Exit Survey,https://www.nbs.go.tz/uploads/statistics/documents/en-1741009437-TTSS%202023%20Report.pdf,tanzania_tourism_provenance_2022_2024_NBS.xlsx,survey_share_top15,"Rang: 2. Part d'enquête, pas un décompte administratif; ne pas convertir en volumes exacts."
provenance,Tanzanie,TZA,2023,Germany,Europe,country,tourist_origin,0.076,share,source_market_share,Top 15 marchés — parts issues de l'Exit Survey,Tanzania NBS / International Visitors' Exit Survey,https://www.nbs.go.tz/uploads/statistics/documents/en-1741009437-TTSS%202023%20Report.pdf,tanzania_tourism_provenance_2022_2024_NBS.xlsx,survey_share_top15,"Rang: 3. Part d'enquête, pas un décompte administratif; ne pas convertir en volumes exacts."
provenance,Tanzanie,TZA,2023,Zambia,Africa,country,tourist_origin,0.068,share,source_market_share,Top 15 marchés — parts issues de l'Exit Survey,Tanzania NBS / International Visitors' Exit Survey,https://www.nbs.go.tz/uploads/statistics/documents/en-1741009437-TTSS%202023%20Report.pdf,tanzania_tourism_provenance_2022_2024_NBS.xlsx,survey_share_top15,"Rang: 4. Part d'enquête, pas un décompte administratif; ne pas convertir en volumes exacts."
provenance,Tanzanie,TZA,2023,United Kingdom,Europe,country,tourist_origin,0.059000000000000004,share,source_market_share,Top 15 marchés — parts issues de l'Exit Survey,Tanzania NBS / International Visitors' Exit Survey,https://www.nbs.go.tz/uploads/statistics/documents/en-1741009437-TTSS%202023%20Report.pdf,tanzania_tourism_provenance_2022_2024_NBS.xlsx,survey_share_top15,"Rang: 5. Part d'enquête, pas un décompte administratif; ne pas convertir en volumes exacts."
provenance,Tanzanie,TZA,2023,France,Europe,country,tourist_origin,0.054000000000000006,share,source_market_share,Top 15 marchés — parts issues de l'Exit Survey,Tanzania NBS / International Visitors' Exit Survey,https://www.nbs.go.tz/uploads/statistics/documents/en-1741009437-TTSS%202023%20Report.pdf,tanzania_tourism_provenance_2022_2024_NBS.xlsx,survey_share_top15,"Rang: 6. Part d'enquête, pas un décompte administratif; ne pas convertir en volumes exacts."
provenance,Tanzanie,TZA,2023,Kenya,Africa,country,tourist_origin,0.051,share,source_market_share,Top 15 marchés — parts issues de l'Exit Survey,Tanzania NBS / International Visitors' Exit Survey,https://www.nbs.go.tz/uploads/statistics/documents/en-1741009437-TTSS%202023%20Report.pdf,tanzania_tourism_provenance_2022_2024_NBS.xlsx,survey_share_top15,"Rang: 7. Part d'enquête, pas un décompte administratif; ne pas convertir en volumes exacts."
provenance,Tanzanie,TZA,2023,Burundi,Africa,country,tourist_origin,0.048,share,source_market_share,Top 15 marchés — parts issues de l'Exit Survey,Tanzania NBS / International Visitors' Exit Survey,https://www.nbs.go.tz/uploads/statistics/documents/en-1741009437-TTSS%202023%20Report.pdf,tanzania_tourism_provenance_2022_2024_NBS.xlsx,survey_share_top15,"Rang: 8. Part d'enquête, pas un décompte administratif; ne pas convertir en volumes exacts."
provenance,Tanzanie,TZA,2023,Spain,Europe,country,tourist_origin,0.038,share,source_market_share,Top 15 marchés — parts issues de l'Exit Survey,Tanzania NBS / International Visitors' Exit Survey,https://www.nbs.go.tz/uploads/statistics/documents/en-1741009437-TTSS%202023%20Report.pdf,tanzania_tourism_provenance_2022_2024_NBS.xlsx,survey_share_top15,"Rang: 9. Part d'enquête, pas un décompte administratif; ne pas convertir en volumes exacts."
provenance,Tanzanie,TZA,2023,Uganda,Africa,country,tourist_origin,0.03,share,source_market_share,Top 15 marchés — parts issues de l'Exit Survey,Tanzania NBS / International Visitors' Exit Survey,https://www.nbs.go.tz/uploads/statistics/documents/en-1741009437-TTSS%202023%20Report.pdf,tanzania_tourism_provenance_2022_2024_NBS.xlsx,survey_share_top15,"Rang: 10. Part d'enquête, pas un décompte administratif; ne pas convertir en volumes exacts."
provenance,Tanzanie,TZA,2023,DRC,Africa,country,tourist_origin,0.025,share,source_market_share,Top 15 marchés — parts issues de l'Exit Survey,Tanzania NBS / International Visitors' Exit Survey,https://www.nbs.go.tz/uploads/statistics/documents/en-1741009437-TTSS%202023%20Report.pdf,tanzania_tourism_provenance_2022_2024_NBS.xlsx,survey_share_top15,"Rang: 11. Part d'enquête, pas un décompte administratif; ne pas convertir en volumes exacts."
provenance,Tanzanie,TZA,2023,Netherlands,Europe,country,tourist_origin,0.02,share,source_market_share,Top 15 marchés — parts issues de l'Exit Survey,Tanzania NBS / International Visitors' Exit Survey,https://www.nbs.go.tz/uploads/statistics/documents/en-1741009437-TTSS%202023%20Report.pdf,tanzania_tourism_provenance_2022_2024_NBS.xlsx,survey_share_top15,"Rang: 12. Part d'enquête, pas un décompte administratif; ne pas convertir en volumes exacts."
provenance,Tanzanie,TZA,2023,Zimbabwe,Africa,country,tourist_origin,0.019,share,source_market_share,Top 15 marchés — parts issues de l'Exit Survey,Tanzania NBS / International Visitors' Exit Survey,https://www.nbs.go.tz/uploads/statistics/documents/en-1741009437-TTSS%202023%20Report.pdf,tanzania_tourism_provenance_2022_2024_NBS.xlsx,survey_share_top15,"Rang: 13. Part d'enquête, pas un décompte administratif; ne pas convertir en volumes exacts."
provenance,Tanzanie,TZA,2023,Canada,Americas,country,tourist_origin,0.018000000000000002,share,source_market_share,Top 15 marchés — parts issues de l'Exit Survey,Tanzania NBS / International Visitors' Exit Survey,https://www.nbs.go.tz/uploads/statistics/documents/en-1741009437-TTSS%202023%20Report.pdf,tanzania_tourism_provenance_2022_2024_NBS.xlsx,survey_share_top15,"Rang: 14. Part d'enquête, pas un décompte administratif; ne pas convertir en volumes exacts."
provenance,Tanzanie,TZA,2023,India,Asia / Middle East,country,tourist_origin,0.017,share,source_market_share,Top 15 marchés — parts issues de l'Exit Survey,Tanzania NBS / International Visitors' Exit Survey,https://www.nbs.go.tz/uploads/statistics/documents/en-1741009437-TTSS%202023%20Report.pdf,tanzania_tourism_provenance_2022_2024_NBS.xlsx,survey_share_top15,"Rang: 15. Part d'enquête, pas un décompte administratif; ne pas convertir en volumes exacts."
provenance,Tanzanie,TZA,2024,United States,Americas,country,tourist_origin,0.15,share,source_market_share,Top 15 marchés — parts issues de l'Exit Survey,Tanzania NBS / International Visitors' Exit Survey,https://www.nbs.go.tz/uploads/statistics/documents/en-1757664077-The%202024%20International%20Visitors%27%20Exit%20Survey%20Report.pdf,tanzania_tourism_provenance_2022_2024_NBS.xlsx,survey_share_top15,"Rang: 1. Part d'enquête, pas un décompte administratif; ne pas convertir en volumes exacts."
provenance,Tanzanie,TZA,2024,Italy,Europe,country,tourist_origin,0.11800000000000001,share,source_market_share,Top 15 marchés — parts issues de l'Exit Survey,Tanzania NBS / International Visitors' Exit Survey,https://www.nbs.go.tz/uploads/statistics/documents/en-1757664077-The%202024%20International%20Visitors%27%20Exit%20Survey%20Report.pdf,tanzania_tourism_provenance_2022_2024_NBS.xlsx,survey_share_top15,"Rang: 2. Part d'enquête, pas un décompte administratif; ne pas convertir en volumes exacts."
provenance,Tanzanie,TZA,2024,Kenya,Africa,country,tourist_origin,0.08800000000000001,share,source_market_share,Top 15 marchés — parts issues de l'Exit Survey,Tanzania NBS / International Visitors' Exit Survey,https://www.nbs.go.tz/uploads/statistics/documents/en-1757664077-The%202024%20International%20Visitors%27%20Exit%20Survey%20Report.pdf,tanzania_tourism_provenance_2022_2024_NBS.xlsx,survey_share_top15,"Rang: 3. Part d'enquête, pas un décompte administratif; ne pas convertir en volumes exacts."
provenance,Tanzanie,TZA,2024,France,Europe,country,tourist_origin,0.073,share,source_market_share,Top 15 marchés — parts issues de l'Exit Survey,Tanzania NBS / International Visitors' Exit Survey,https://www.nbs.go.tz/uploads/statistics/documents/en-1757664077-The%202024%20International%20Visitors%27%20Exit%20Survey%20Report.pdf,tanzania_tourism_provenance_2022_2024_NBS.xlsx,survey_share_top15,"Rang: 4. Part d'enquête, pas un décompte administratif; ne pas convertir en volumes exacts."
provenance,Tanzanie,TZA,2024,United Kingdom,Europe,country,tourist_origin,0.064,share,source_market_share,Top 15 marchés — parts issues de l'Exit Survey,Tanzania NBS / International Visitors' Exit Survey,https://www.nbs.go.tz/uploads/statistics/documents/en-1757664077-The%202024%20International%20Visitors%27%20Exit%20Survey%20Report.pdf,tanzania_tourism_provenance_2022_2024_NBS.xlsx,survey_share_top15,"Rang: 5. Part d'enquête, pas un décompte administratif; ne pas convertir en volumes exacts."
provenance,Tanzanie,TZA,2024,Spain,Europe,country,tourist_origin,0.053,share,source_market_share,Top 15 marchés — parts issues de l'Exit Survey,Tanzania NBS / International Visitors' Exit Survey,https://www.nbs.go.tz/uploads/statistics/documents/en-1757664077-The%202024%20International%20Visitors%27%20Exit%20Survey%20Report.pdf,tanzania_tourism_provenance_2022_2024_NBS.xlsx,survey_share_top15,"Rang: 6. Part d'enquête, pas un décompte administratif; ne pas convertir en volumes exacts."
provenance,Tanzanie,TZA,2024,Germany,Europe,country,tourist_origin,0.049,share,source_market_share,Top 15 marchés — parts issues de l'Exit Survey,Tanzania NBS / International Visitors' Exit Survey,https://www.nbs.go.tz/uploads/statistics/documents/en-1757664077-The%202024%20International%20Visitors%27%20Exit%20Survey%20Report.pdf,tanzania_tourism_provenance_2022_2024_NBS.xlsx,survey_share_top15,"Rang: 7. Part d'enquête, pas un décompte administratif; ne pas convertir en volumes exacts."
provenance,Tanzanie,TZA,2024,Zambia,Africa,country,tourist_origin,0.033,share,source_market_share,Top 15 marchés — parts issues de l'Exit Survey,Tanzania NBS / International Visitors' Exit Survey,https://www.nbs.go.tz/uploads/statistics/documents/en-1757664077-The%202024%20International%20Visitors%27%20Exit%20Survey%20Report.pdf,tanzania_tourism_provenance_2022_2024_NBS.xlsx,survey_share_top15,"Rang: 8. Part d'enquête, pas un décompte administratif; ne pas convertir en volumes exacts."
provenance,Tanzanie,TZA,2024,Burundi,Africa,country,tourist_origin,0.033,share,source_market_share,Top 15 marchés — parts issues de l'Exit Survey,Tanzania NBS / International Visitors' Exit Survey,https://www.nbs.go.tz/uploads/statistics/documents/en-1757664077-The%202024%20International%20Visitors%27%20Exit%20Survey%20Report.pdf,tanzania_tourism_provenance_2022_2024_NBS.xlsx,survey_share_top15,"Rang: 9. Part d'enquête, pas un décompte administratif; ne pas convertir en volumes exacts."
provenance,Tanzanie,TZA,2024,South Africa,Africa,country,tourist_origin,0.032,share,source_market_share,Top 15 marchés — parts issues de l'Exit Survey,Tanzania NBS / International Visitors' Exit Survey,https://www.nbs.go.tz/uploads/statistics/documents/en-1757664077-The%202024%20International%20Visitors%27%20Exit%20Survey%20Report.pdf,tanzania_tourism_provenance_2022_2024_NBS.xlsx,survey_share_top15,"Rang: 10. Part d'enquête, pas un décompte administratif; ne pas convertir en volumes exacts."
provenance,Tanzanie,TZA,2024,DRC,Africa,country,tourist_origin,0.031,share,source_market_share,Top 15 marchés — parts issues de l'Exit Survey,Tanzania NBS / International Visitors' Exit Survey,https://www.nbs.go.tz/uploads/statistics/documents/en-1757664077-The%202024%20International%20Visitors%27%20Exit%20Survey%20Report.pdf,tanzania_tourism_provenance_2022_2024_NBS.xlsx,survey_share_top15,"Rang: 11. Part d'enquête, pas un décompte administratif; ne pas convertir en volumes exacts."
provenance,Tanzanie,TZA,2024,China,Asia / Middle East,country,tourist_origin,0.03,share,source_market_share,Top 15 marchés — parts issues de l'Exit Survey,Tanzania NBS / International Visitors' Exit Survey,https://www.nbs.go.tz/uploads/statistics/documents/en-1757664077-The%202024%20International%20Visitors%27%20Exit%20Survey%20Report.pdf,tanzania_tourism_provenance_2022_2024_NBS.xlsx,survey_share_top15,"Rang: 12. Part d'enquête, pas un décompte administratif; ne pas convertir en volumes exacts."
provenance,Tanzanie,TZA,2024,Zimbabwe,Africa,country,tourist_origin,0.024,share,source_market_share,Top 15 marchés — parts issues de l'Exit Survey,Tanzania NBS / International Visitors' Exit Survey,https://www.nbs.go.tz/uploads/statistics/documents/en-1757664077-The%202024%20International%20Visitors%27%20Exit%20Survey%20Report.pdf,tanzania_tourism_provenance_2022_2024_NBS.xlsx,survey_share_top15,"Rang: 13. Part d'enquête, pas un décompte administratif; ne pas convertir en volumes exacts."
provenance,Tanzanie,TZA,2024,Australia,Oceania,country,tourist_origin,0.021,share,source_market_share,Top 15 marchés — parts issues de l'Exit Survey,Tanzania NBS / International Visitors' Exit Survey,https://www.nbs.go.tz/uploads/statistics/documents/en-1757664077-The%202024%20International%20Visitors%27%20Exit%20Survey%20Report.pdf,tanzania_tourism_provenance_2022_2024_NBS.xlsx,survey_share_top15,"Rang: 14. Part d'enquête, pas un décompte administratif; ne pas convertir en volumes exacts."
provenance,Tanzanie,TZA,2024,Canada,Americas,country,tourist_origin,0.02,share,source_market_share,Top 15 marchés — parts issues de l'Exit Survey,Tanzania NBS / International Visitors' Exit Survey,https://www.nbs.go.tz/uploads/statistics/documents/en-1757664077-The%202024%20International%20Visitors%27%20Exit%20Survey%20Report.pdf,tanzania_tourism_provenance_2022_2024_NBS.xlsx,survey_share_top15,"Rang: 15. Part d'enquête, pas un décompte administratif; ne pas convertir en volumes exacts."
provenance,Maurice,MUS,2022,France,Europe,country,tourist_origin,238864.0,persons,tourist_arrivals,7 principaux marchés publiés dans les annual highlights,Statistics Mauritius,https://statsmauritius.govmu.org/Pages/Statistics/ESI/Tourism/Tourism_Yr22.aspx,maurice_provenance_touristique_2022_2024_statistics_mauritius.xlsx,exact_main7,Rang: 1. Official annual main-market table; autres marchés non estimés.
provenance,Maurice,MUS,2022,United Kingdom,Europe,country,tourist_origin,140847.0,persons,tourist_arrivals,7 principaux marchés publiés dans les annual highlights,Statistics Mauritius,https://statsmauritius.govmu.org/Pages/Statistics/ESI/Tourism/Tourism_Yr22.aspx,maurice_provenance_touristique_2022_2024_statistics_mauritius.xlsx,exact_main7,Rang: 2. Official annual main-market table; autres marchés non estimés.
provenance,Maurice,MUS,2022,Reunion Island,Africa / Indian Ocean,country,tourist_origin,73336.0,persons,tourist_arrivals,7 principaux marchés publiés dans les annual highlights,Statistics Mauritius,https://statsmauritius.govmu.org/Pages/Statistics/ESI/Tourism/Tourism_Yr22.aspx,maurice_provenance_touristique_2022_2024_statistics_mauritius.xlsx,exact_main7,Rang: 3. Official annual main-market table; autres marchés non estimés.
provenance,Maurice,MUS,2022,Germany,Europe,country,tourist_origin,96767.0,persons,tourist_arrivals,7 principaux marchés publiés dans les annual highlights,Statistics Mauritius,https://statsmauritius.govmu.org/Pages/Statistics/ESI/Tourism/Tourism_Yr22.aspx,maurice_provenance_touristique_2022_2024_statistics_mauritius.xlsx,exact_main7,Rang: 4. Official annual main-market table; autres marchés non estimés.
provenance,Maurice,MUS,2022,South Africa,Africa / Indian Ocean,country,tourist_origin,96316.0,persons,tourist_arrivals,7 principaux marchés publiés dans les annual highlights,Statistics Mauritius,https://statsmauritius.govmu.org/Pages/Statistics/ESI/Tourism/Tourism_Yr22.aspx,maurice_provenance_touristique_2022_2024_statistics_mauritius.xlsx,exact_main7,Rang: 5. Official annual main-market table; autres marchés non estimés.
provenance,Maurice,MUS,2022,India,Asia,country,tourist_origin,36956.0,persons,tourist_arrivals,7 principaux marchés publiés dans les annual highlights,Statistics Mauritius,https://statsmauritius.govmu.org/Pages/Statistics/ESI/Tourism/Tourism_Yr22.aspx,maurice_provenance_touristique_2022_2024_statistics_mauritius.xlsx,exact_main7,Rang: 6. Official annual main-market table; autres marchés non estimés.
provenance,Maurice,MUS,2022,Switzerland,Europe,country,tourist_origin,28350.0,persons,tourist_arrivals,7 principaux marchés publiés dans les annual highlights,Statistics Mauritius,https://statsmauritius.govmu.org/Pages/Statistics/ESI/Tourism/Tourism_Yr22.aspx,maurice_provenance_touristique_2022_2024_statistics_mauritius.xlsx,exact_main7,Rang: 7. Official annual main-market table; autres marchés non estimés.
provenance,Maurice,MUS,2023,France,Europe,country,tourist_origin,319522.0,persons,tourist_arrivals,7 principaux marchés publiés dans les annual highlights,Statistics Mauritius,https://statsmauritius.govmu.org/Pages/Statistics/ESI/Tourism/Tourism_Yr23.aspx,maurice_provenance_touristique_2022_2024_statistics_mauritius.xlsx,exact_main7,Rang: 1. Official annual main-market table; autres marchés non estimés.
provenance,Maurice,MUS,2023,United Kingdom,Europe,country,tourist_origin,145873.0,persons,tourist_arrivals,7 principaux marchés publiés dans les annual highlights,Statistics Mauritius,https://statsmauritius.govmu.org/Pages/Statistics/ESI/Tourism/Tourism_Yr23.aspx,maurice_provenance_touristique_2022_2024_statistics_mauritius.xlsx,exact_main7,Rang: 2. Official annual main-market table; autres marchés non estimés.
provenance,Maurice,MUS,2023,Reunion Island,Africa / Indian Ocean,country,tourist_origin,134222.0,persons,tourist_arrivals,7 principaux marchés publiés dans les annual highlights,Statistics Mauritius,https://statsmauritius.govmu.org/Pages/Statistics/ESI/Tourism/Tourism_Yr23.aspx,maurice_provenance_touristique_2022_2024_statistics_mauritius.xlsx,exact_main7,Rang: 3. Official annual main-market table; autres marchés non estimés.
provenance,Maurice,MUS,2023,Germany,Europe,country,tourist_origin,118546.0,persons,tourist_arrivals,7 principaux marchés publiés dans les annual highlights,Statistics Mauritius,https://statsmauritius.govmu.org/Pages/Statistics/ESI/Tourism/Tourism_Yr23.aspx,maurice_provenance_touristique_2022_2024_statistics_mauritius.xlsx,exact_main7,Rang: 4. Official annual main-market table; autres marchés non estimés.
provenance,Maurice,MUS,2023,South Africa,Africa / Indian Ocean,country,tourist_origin,106169.0,persons,tourist_arrivals,7 principaux marchés publiés dans les annual highlights,Statistics Mauritius,https://statsmauritius.govmu.org/Pages/Statistics/ESI/Tourism/Tourism_Yr23.aspx,maurice_provenance_touristique_2022_2024_statistics_mauritius.xlsx,exact_main7,Rang: 5. Official annual main-market table; autres marchés non estimés.
provenance,Maurice,MUS,2023,India,Asia,country,tourist_origin,54137.0,persons,tourist_arrivals,7 principaux marchés publiés dans les annual highlights,Statistics Mauritius,https://statsmauritius.govmu.org/Pages/Statistics/ESI/Tourism/Tourism_Yr23.aspx,maurice_provenance_touristique_2022_2024_statistics_mauritius.xlsx,exact_main7,Rang: 6. Official annual main-market table; autres marchés non estimés.
provenance,Maurice,MUS,2023,Switzerland,Europe,country,tourist_origin,34585.0,persons,tourist_arrivals,7 principaux marchés publiés dans les annual highlights,Statistics Mauritius,https://statsmauritius.govmu.org/Pages/Statistics/ESI/Tourism/Tourism_Yr23.aspx,maurice_provenance_touristique_2022_2024_statistics_mauritius.xlsx,exact_main7,Rang: 7. Official annual main-market table; autres marchés non estimés.
provenance,Maurice,MUS,2024,France,Europe,country,tourist_origin,339421.0,persons,tourist_arrivals,7 principaux marchés publiés dans les annual highlights,Statistics Mauritius,https://statsmauritius.govmu.org/Pages/Statistics/ESI/Tourism/Tourism_Yr24.aspx,maurice_provenance_touristique_2022_2024_statistics_mauritius.xlsx,exact_main7,Rang: 1. Official annual main-market table; autres marchés non estimés.
provenance,Maurice,MUS,2024,United Kingdom,Europe,country,tourist_origin,158188.0,persons,tourist_arrivals,7 principaux marchés publiés dans les annual highlights,Statistics Mauritius,https://statsmauritius.govmu.org/Pages/Statistics/ESI/Tourism/Tourism_Yr24.aspx,maurice_provenance_touristique_2022_2024_statistics_mauritius.xlsx,exact_main7,Rang: 2. Official annual main-market table; autres marchés non estimés.
provenance,Maurice,MUS,2024,Reunion Island,Africa / Indian Ocean,country,tourist_origin,140618.0,persons,tourist_arrivals,7 principaux marchés publiés dans les annual highlights,Statistics Mauritius,https://statsmauritius.govmu.org/Pages/Statistics/ESI/Tourism/Tourism_Yr24.aspx,maurice_provenance_touristique_2022_2024_statistics_mauritius.xlsx,exact_main7,Rang: 3. Official annual main-market table; autres marchés non estimés.
provenance,Maurice,MUS,2024,Germany,Europe,country,tourist_origin,123825.0,persons,tourist_arrivals,7 principaux marchés publiés dans les annual highlights,Statistics Mauritius,https://statsmauritius.govmu.org/Pages/Statistics/ESI/Tourism/Tourism_Yr24.aspx,maurice_provenance_touristique_2022_2024_statistics_mauritius.xlsx,exact_main7,Rang: 4. Official annual main-market table; autres marchés non estimés.
provenance,Maurice,MUS,2024,South Africa,Africa / Indian Ocean,country,tourist_origin,106542.0,persons,tourist_arrivals,7 principaux marchés publiés dans les annual highlights,Statistics Mauritius,https://statsmauritius.govmu.org/Pages/Statistics/ESI/Tourism/Tourism_Yr24.aspx,maurice_provenance_touristique_2022_2024_statistics_mauritius.xlsx,exact_main7,Rang: 5. Official annual main-market table; autres marchés non estimés.
provenance,Maurice,MUS,2024,India,Asia,country,tourist_origin,56788.0,persons,tourist_arrivals,7 principaux marchés publiés dans les annual highlights,Statistics Mauritius,https://statsmauritius.govmu.org/Pages/Statistics/ESI/Tourism/Tourism_Yr24.aspx,maurice_provenance_touristique_2022_2024_statistics_mauritius.xlsx,exact_main7,Rang: 6. Official annual main-market table; autres marchés non estimés.
provenance,Maurice,MUS,2024,Switzerland,Europe,country,tourist_origin,35329.0,persons,tourist_arrivals,7 principaux marchés publiés dans les annual highlights,Statistics Mauritius,https://statsmauritius.govmu.org/Pages/Statistics/ESI/Tourism/Tourism_Yr24.aspx,maurice_provenance_touristique_2022_2024_statistics_mauritius.xlsx,exact_main7,Rang: 7. Official annual main-market table; autres marchés non estimés.
provenance,Afrique du Sud,ZAF,2022,Zimbabwe,SADC / Africa,country,tourist_origin,1233790.0,persons,tourist_arrivals,Panel harmonisé: 10 marchés SADC + 8 marchés overseas,Statistics South Africa,https://www.statssa.gov.za/publications/Report-03-51-02/Report-03-51-022022.pdf,afrique_du_sud_provenance_touristique_2022_2024_stats_sa.xlsx,exact_panel18,"Groupe: SADC; rang dans le groupe: 1. Panel constant, non exhaustif."
provenance,Afrique du Sud,ZAF,2022,Mozambique,SADC / Africa,country,tourist_origin,944308.0,persons,tourist_arrivals,Panel harmonisé: 10 marchés SADC + 8 marchés overseas,Statistics South Africa,https://www.statssa.gov.za/publications/Report-03-51-02/Report-03-51-022022.pdf,afrique_du_sud_provenance_touristique_2022_2024_stats_sa.xlsx,exact_panel18,"Groupe: SADC; rang dans le groupe: 2. Panel constant, non exhaustif."
provenance,Afrique du Sud,ZAF,2022,Lesotho,SADC / Africa,country,tourist_origin,835921.0,persons,tourist_arrivals,Panel harmonisé: 10 marchés SADC + 8 marchés overseas,Statistics South Africa,https://www.statssa.gov.za/publications/Report-03-51-02/Report-03-51-022022.pdf,afrique_du_sud_provenance_touristique_2022_2024_stats_sa.xlsx,exact_panel18,"Groupe: SADC; rang dans le groupe: 3. Panel constant, non exhaustif."
provenance,Afrique du Sud,ZAF,2022,Eswatini,SADC / Africa,country,tourist_origin,403762.0,persons,tourist_arrivals,Panel harmonisé: 10 marchés SADC + 8 marchés overseas,Statistics South Africa,https://www.statssa.gov.za/publications/Report-03-51-02/Report-03-51-022022.pdf,afrique_du_sud_provenance_touristique_2022_2024_stats_sa.xlsx,exact_panel18,"Groupe: SADC; rang dans le groupe: 4. Panel constant, non exhaustif."
provenance,Afrique du Sud,ZAF,2022,Botswana,SADC / Africa,country,tourist_origin,262232.0,persons,tourist_arrivals,Panel harmonisé: 10 marchés SADC + 8 marchés overseas,Statistics South Africa,https://www.statssa.gov.za/publications/Report-03-51-02/Report-03-51-022022.pdf,afrique_du_sud_provenance_touristique_2022_2024_stats_sa.xlsx,exact_panel18,"Groupe: SADC; rang dans le groupe: 5. Panel constant, non exhaustif."
provenance,Afrique du Sud,ZAF,2022,Namibia,SADC / Africa,country,tourist_origin,137388.0,persons,tourist_arrivals,Panel harmonisé: 10 marchés SADC + 8 marchés overseas,Statistics South Africa,https://www.statssa.gov.za/publications/Report-03-51-02/Report-03-51-022022.pdf,afrique_du_sud_provenance_touristique_2022_2024_stats_sa.xlsx,exact_panel18,"Groupe: SADC; rang dans le groupe: 6. Panel constant, non exhaustif."
provenance,Afrique du Sud,ZAF,2022,Zambia,SADC / Africa,country,tourist_origin,116076.0,persons,tourist_arrivals,Panel harmonisé: 10 marchés SADC + 8 marchés overseas,Statistics South Africa,https://www.statssa.gov.za/publications/Report-03-51-02/Report-03-51-022022.pdf,afrique_du_sud_provenance_touristique_2022_2024_stats_sa.xlsx,exact_panel18,"Groupe: SADC; rang dans le groupe: 7. Panel constant, non exhaustif."
provenance,Afrique du Sud,ZAF,2022,Malawi,SADC / Africa,country,tourist_origin,114352.0,persons,tourist_arrivals,Panel harmonisé: 10 marchés SADC + 8 marchés overseas,Statistics South Africa,https://www.statssa.gov.za/publications/Report-03-51-02/Report-03-51-022022.pdf,afrique_du_sud_provenance_touristique_2022_2024_stats_sa.xlsx,exact_panel18,"Groupe: SADC; rang dans le groupe: 8. Panel constant, non exhaustif."
provenance,Afrique du Sud,ZAF,2022,Angola,SADC / Africa,country,tourist_origin,32194.0,persons,tourist_arrivals,Panel harmonisé: 10 marchés SADC + 8 marchés overseas,Statistics South Africa,https://www.statssa.gov.za/publications/Report-03-51-02/Report-03-51-022022.pdf,afrique_du_sud_provenance_touristique_2022_2024_stats_sa.xlsx,exact_panel18,"Groupe: SADC; rang dans le groupe: 9. Panel constant, non exhaustif."
provenance,Afrique du Sud,ZAF,2022,Tanzania,SADC / Africa,country,tourist_origin,26268.0,persons,tourist_arrivals,Panel harmonisé: 10 marchés SADC + 8 marchés overseas,Statistics South Africa,https://www.statssa.gov.za/publications/Report-03-51-02/Report-03-51-022022.pdf,afrique_du_sud_provenance_touristique_2022_2024_stats_sa.xlsx,exact_panel18,"Groupe: SADC; rang dans le groupe: 10. Panel constant, non exhaustif."
provenance,Afrique du Sud,ZAF,2022,United Kingdom,Europe,country,tourist_origin,283031.0,persons,tourist_arrivals,Panel harmonisé: 10 marchés SADC + 8 marchés overseas,Statistics South Africa,https://www.statssa.gov.za/publications/Report-03-51-02/Report-03-51-022022.pdf,afrique_du_sud_provenance_touristique_2022_2024_stats_sa.xlsx,exact_panel18,"Groupe: Overseas; rang dans le groupe: 1. Panel constant, non exhaustif."
provenance,Afrique du Sud,ZAF,2022,United States,North America,country,tourist_origin,262183.0,persons,tourist_arrivals,Panel harmonisé: 10 marchés SADC + 8 marchés overseas,Statistics South Africa,https://www.statssa.gov.za/publications/Report-03-51-02/Report-03-51-022022.pdf,afrique_du_sud_provenance_touristique_2022_2024_stats_sa.xlsx,exact_panel18,"Groupe: Overseas; rang dans le groupe: 2. Panel constant, non exhaustif."
provenance,Afrique du Sud,ZAF,2022,Germany,Europe,country,tourist_origin,173146.0,persons,tourist_arrivals,Panel harmonisé: 10 marchés SADC + 8 marchés overseas,Statistics South Africa,https://www.statssa.gov.za/publications/Report-03-51-02/Report-03-51-022022.pdf,afrique_du_sud_provenance_touristique_2022_2024_stats_sa.xlsx,exact_panel18,"Groupe: Overseas; rang dans le groupe: 3. Panel constant, non exhaustif."
provenance,Afrique du Sud,ZAF,2022,Netherlands,Europe,country,tourist_origin,90289.0,persons,tourist_arrivals,Panel harmonisé: 10 marchés SADC + 8 marchés overseas,Statistics South Africa,https://www.statssa.gov.za/publications/Report-03-51-02/Report-03-51-022022.pdf,afrique_du_sud_provenance_touristique_2022_2024_stats_sa.xlsx,exact_panel18,"Groupe: Overseas; rang dans le groupe: 4. Panel constant, non exhaustif."
provenance,Afrique du Sud,ZAF,2022,France,Europe,country,tourist_origin,76077.0,persons,tourist_arrivals,Panel harmonisé: 10 marchés SADC + 8 marchés overseas,Statistics South Africa,https://www.statssa.gov.za/publications/Report-03-51-02/Report-03-51-022022.pdf,afrique_du_sud_provenance_touristique_2022_2024_stats_sa.xlsx,exact_panel18,"Groupe: Overseas; rang dans le groupe: 5. Panel constant, non exhaustif."
provenance,Afrique du Sud,ZAF,2022,India,Asia,country,tourist_origin,55506.0,persons,tourist_arrivals,Panel harmonisé: 10 marchés SADC + 8 marchés overseas,Statistics South Africa,https://www.statssa.gov.za/publications/Report-03-51-02/Report-03-51-022022.pdf,afrique_du_sud_provenance_touristique_2022_2024_stats_sa.xlsx,exact_panel18,"Groupe: Overseas; rang dans le groupe: 6. Panel constant, non exhaustif."
provenance,Afrique du Sud,ZAF,2022,Australia,Australasia,country,tourist_origin,53769.0,persons,tourist_arrivals,Panel harmonisé: 10 marchés SADC + 8 marchés overseas,Statistics South Africa,https://www.statssa.gov.za/publications/Report-03-51-02/Report-03-51-022022.pdf,afrique_du_sud_provenance_touristique_2022_2024_stats_sa.xlsx,exact_panel18,"Groupe: Overseas; rang dans le groupe: 7. Panel constant, non exhaustif."
provenance,Afrique du Sud,ZAF,2022,Canada,North America,country,tourist_origin,35501.0,persons,tourist_arrivals,Panel harmonisé: 10 marchés SADC + 8 marchés overseas,Statistics South Africa,https://www.statssa.gov.za/publications/Report-03-51-02/Report-03-51-022022.pdf,afrique_du_sud_provenance_touristique_2022_2024_stats_sa.xlsx,exact_panel18,"Groupe: Overseas; rang dans le groupe: 8. Panel constant, non exhaustif."
provenance,Afrique du Sud,ZAF,2023,Zimbabwe,SADC / Africa,country,tourist_origin,2106940.0,persons,tourist_arrivals,Panel harmonisé: 10 marchés SADC + 8 marchés overseas,Statistics South Africa,https://www.statssa.gov.za/publications/Report-03-51-02/Report-03-51-022023.pdf,afrique_du_sud_provenance_touristique_2022_2024_stats_sa.xlsx,exact_panel18,"Groupe: SADC; rang dans le groupe: 1. Panel constant, non exhaustif."
provenance,Afrique du Sud,ZAF,2023,Mozambique,SADC / Africa,country,tourist_origin,1341037.0,persons,tourist_arrivals,Panel harmonisé: 10 marchés SADC + 8 marchés overseas,Statistics South Africa,https://www.statssa.gov.za/publications/Report-03-51-02/Report-03-51-022023.pdf,afrique_du_sud_provenance_touristique_2022_2024_stats_sa.xlsx,exact_panel18,"Groupe: SADC; rang dans le groupe: 2. Panel constant, non exhaustif."
provenance,Afrique du Sud,ZAF,2023,Lesotho,SADC / Africa,country,tourist_origin,1163826.0,persons,tourist_arrivals,Panel harmonisé: 10 marchés SADC + 8 marchés overseas,Statistics South Africa,https://www.statssa.gov.za/publications/Report-03-51-02/Report-03-51-022023.pdf,afrique_du_sud_provenance_touristique_2022_2024_stats_sa.xlsx,exact_panel18,"Groupe: SADC; rang dans le groupe: 3. Panel constant, non exhaustif."
provenance,Afrique du Sud,ZAF,2023,Eswatini,SADC / Africa,country,tourist_origin,733949.0,persons,tourist_arrivals,Panel harmonisé: 10 marchés SADC + 8 marchés overseas,Statistics South Africa,https://www.statssa.gov.za/publications/Report-03-51-02/Report-03-51-022023.pdf,afrique_du_sud_provenance_touristique_2022_2024_stats_sa.xlsx,exact_panel18,"Groupe: SADC; rang dans le groupe: 4. Panel constant, non exhaustif."
provenance,Afrique du Sud,ZAF,2023,Botswana,SADC / Africa,country,tourist_origin,363025.0,persons,tourist_arrivals,Panel harmonisé: 10 marchés SADC + 8 marchés overseas,Statistics South Africa,https://www.statssa.gov.za/publications/Report-03-51-02/Report-03-51-022023.pdf,afrique_du_sud_provenance_touristique_2022_2024_stats_sa.xlsx,exact_panel18,"Groupe: SADC; rang dans le groupe: 5. Panel constant, non exhaustif."
provenance,Afrique du Sud,ZAF,2023,Namibia,SADC / Africa,country,tourist_origin,160078.0,persons,tourist_arrivals,Panel harmonisé: 10 marchés SADC + 8 marchés overseas,Statistics South Africa,https://www.statssa.gov.za/publications/Report-03-51-02/Report-03-51-022023.pdf,afrique_du_sud_provenance_touristique_2022_2024_stats_sa.xlsx,exact_panel18,"Groupe: SADC; rang dans le groupe: 6. Panel constant, non exhaustif."
provenance,Afrique du Sud,ZAF,2023,Zambia,SADC / Africa,country,tourist_origin,145244.0,persons,tourist_arrivals,Panel harmonisé: 10 marchés SADC + 8 marchés overseas,Statistics South Africa,https://www.statssa.gov.za/publications/Report-03-51-02/Report-03-51-022023.pdf,afrique_du_sud_provenance_touristique_2022_2024_stats_sa.xlsx,exact_panel18,"Groupe: SADC; rang dans le groupe: 7. Panel constant, non exhaustif."
provenance,Afrique du Sud,ZAF,2023,Malawi,SADC / Africa,country,tourist_origin,138918.0,persons,tourist_arrivals,Panel harmonisé: 10 marchés SADC + 8 marchés overseas,Statistics South Africa,https://www.statssa.gov.za/publications/Report-03-51-02/Report-03-51-022023.pdf,afrique_du_sud_provenance_touristique_2022_2024_stats_sa.xlsx,exact_panel18,"Groupe: SADC; rang dans le groupe: 8. Panel constant, non exhaustif."
provenance,Afrique du Sud,ZAF,2023,Angola,SADC / Africa,country,tourist_origin,39265.0,persons,tourist_arrivals,Panel harmonisé: 10 marchés SADC + 8 marchés overseas,Statistics South Africa,https://www.statssa.gov.za/publications/Report-03-51-02/Report-03-51-022023.pdf,afrique_du_sud_provenance_touristique_2022_2024_stats_sa.xlsx,exact_panel18,"Groupe: SADC; rang dans le groupe: 9. Panel constant, non exhaustif."
provenance,Afrique du Sud,ZAF,2023,Tanzania,SADC / Africa,country,tourist_origin,34240.0,persons,tourist_arrivals,Panel harmonisé: 10 marchés SADC + 8 marchés overseas,Statistics South Africa,https://www.statssa.gov.za/publications/Report-03-51-02/Report-03-51-022023.pdf,afrique_du_sud_provenance_touristique_2022_2024_stats_sa.xlsx,exact_panel18,"Groupe: SADC; rang dans le groupe: 10. Panel constant, non exhaustif."
provenance,Afrique du Sud,ZAF,2023,United Kingdom,Europe,country,tourist_origin,356160.0,persons,tourist_arrivals,Panel harmonisé: 10 marchés SADC + 8 marchés overseas,Statistics South Africa,https://www.statssa.gov.za/publications/Report-03-51-02/Report-03-51-022023.pdf,afrique_du_sud_provenance_touristique_2022_2024_stats_sa.xlsx,exact_panel18,"Groupe: Overseas; rang dans le groupe: 1. Panel constant, non exhaustif."
provenance,Afrique du Sud,ZAF,2023,United States,North America,country,tourist_origin,353975.0,persons,tourist_arrivals,Panel harmonisé: 10 marchés SADC + 8 marchés overseas,Statistics South Africa,https://www.statssa.gov.za/publications/Report-03-51-02/Report-03-51-022023.pdf,afrique_du_sud_provenance_touristique_2022_2024_stats_sa.xlsx,exact_panel18,"Groupe: Overseas; rang dans le groupe: 2. Panel constant, non exhaustif."
provenance,Afrique du Sud,ZAF,2023,Germany,Europe,country,tourist_origin,245259.0,persons,tourist_arrivals,Panel harmonisé: 10 marchés SADC + 8 marchés overseas,Statistics South Africa,https://www.statssa.gov.za/publications/Report-03-51-02/Report-03-51-022023.pdf,afrique_du_sud_provenance_touristique_2022_2024_stats_sa.xlsx,exact_panel18,"Groupe: Overseas; rang dans le groupe: 3. Panel constant, non exhaustif."
provenance,Afrique du Sud,ZAF,2023,Netherlands,Europe,country,tourist_origin,131371.0,persons,tourist_arrivals,Panel harmonisé: 10 marchés SADC + 8 marchés overseas,Statistics South Africa,https://www.statssa.gov.za/publications/Report-03-51-02/Report-03-51-022023.pdf,afrique_du_sud_provenance_touristique_2022_2024_stats_sa.xlsx,exact_panel18,"Groupe: Overseas; rang dans le groupe: 4. Panel constant, non exhaustif."
provenance,Afrique du Sud,ZAF,2023,France,Europe,country,tourist_origin,119974.0,persons,tourist_arrivals,Panel harmonisé: 10 marchés SADC + 8 marchés overseas,Statistics South Africa,https://www.statssa.gov.za/publications/Report-03-51-02/Report-03-51-022023.pdf,afrique_du_sud_provenance_touristique_2022_2024_stats_sa.xlsx,exact_panel18,"Groupe: Overseas; rang dans le groupe: 5. Panel constant, non exhaustif."
provenance,Afrique du Sud,ZAF,2023,Australia,Australasia,country,tourist_origin,86250.0,persons,tourist_arrivals,Panel harmonisé: 10 marchés SADC + 8 marchés overseas,Statistics South Africa,https://www.statssa.gov.za/publications/Report-03-51-02/Report-03-51-022023.pdf,afrique_du_sud_provenance_touristique_2022_2024_stats_sa.xlsx,exact_panel18,"Groupe: Overseas; rang dans le groupe: 6. Panel constant, non exhaustif."
provenance,Afrique du Sud,ZAF,2023,India,Asia,country,tourist_origin,79774.0,persons,tourist_arrivals,Panel harmonisé: 10 marchés SADC + 8 marchés overseas,Statistics South Africa,https://www.statssa.gov.za/publications/Report-03-51-02/Report-03-51-022023.pdf,afrique_du_sud_provenance_touristique_2022_2024_stats_sa.xlsx,exact_panel18,"Groupe: Overseas; rang dans le groupe: 7. Panel constant, non exhaustif."
provenance,Afrique du Sud,ZAF,2023,Canada,North America,country,tourist_origin,55056.0,persons,tourist_arrivals,Panel harmonisé: 10 marchés SADC + 8 marchés overseas,Statistics South Africa,https://www.statssa.gov.za/publications/Report-03-51-02/Report-03-51-022023.pdf,afrique_du_sud_provenance_touristique_2022_2024_stats_sa.xlsx,exact_panel18,"Groupe: Overseas; rang dans le groupe: 8. Panel constant, non exhaustif."
provenance,Afrique du Sud,ZAF,2024,Zimbabwe,SADC / Africa,country,tourist_origin,2183260.0,persons,tourist_arrivals,Panel harmonisé: 10 marchés SADC + 8 marchés overseas,Statistics South Africa,https://www.statssa.gov.za/publications/Report-03-51-02/Report-03-51-022024.pdf,afrique_du_sud_provenance_touristique_2022_2024_stats_sa.xlsx,exact_panel18,"Groupe: SADC; rang dans le groupe: 1. Panel constant, non exhaustif."
provenance,Afrique du Sud,ZAF,2024,Mozambique,SADC / Africa,country,tourist_origin,1591751.0,persons,tourist_arrivals,Panel harmonisé: 10 marchés SADC + 8 marchés overseas,Statistics South Africa,https://www.statssa.gov.za/publications/Report-03-51-02/Report-03-51-022024.pdf,afrique_du_sud_provenance_touristique_2022_2024_stats_sa.xlsx,exact_panel18,"Groupe: SADC; rang dans le groupe: 2. Panel constant, non exhaustif."
provenance,Afrique du Sud,ZAF,2024,Lesotho,SADC / Africa,country,tourist_origin,974369.0,persons,tourist_arrivals,Panel harmonisé: 10 marchés SADC + 8 marchés overseas,Statistics South Africa,https://www.statssa.gov.za/publications/Report-03-51-02/Report-03-51-022024.pdf,afrique_du_sud_provenance_touristique_2022_2024_stats_sa.xlsx,exact_panel18,"Groupe: SADC; rang dans le groupe: 3. Panel constant, non exhaustif."
provenance,Afrique du Sud,ZAF,2024,Eswatini,SADC / Africa,country,tourist_origin,842318.0,persons,tourist_arrivals,Panel harmonisé: 10 marchés SADC + 8 marchés overseas,Statistics South Africa,https://www.statssa.gov.za/publications/Report-03-51-02/Report-03-51-022024.pdf,afrique_du_sud_provenance_touristique_2022_2024_stats_sa.xlsx,exact_panel18,"Groupe: SADC; rang dans le groupe: 4. Panel constant, non exhaustif."
provenance,Afrique du Sud,ZAF,2024,Botswana,SADC / Africa,country,tourist_origin,395965.0,persons,tourist_arrivals,Panel harmonisé: 10 marchés SADC + 8 marchés overseas,Statistics South Africa,https://www.statssa.gov.za/publications/Report-03-51-02/Report-03-51-022024.pdf,afrique_du_sud_provenance_touristique_2022_2024_stats_sa.xlsx,exact_panel18,"Groupe: SADC; rang dans le groupe: 5. Panel constant, non exhaustif."
provenance,Afrique du Sud,ZAF,2024,Namibia,SADC / Africa,country,tourist_origin,164716.0,persons,tourist_arrivals,Panel harmonisé: 10 marchés SADC + 8 marchés overseas,Statistics South Africa,https://www.statssa.gov.za/publications/Report-03-51-02/Report-03-51-022024.pdf,afrique_du_sud_provenance_touristique_2022_2024_stats_sa.xlsx,exact_panel18,"Groupe: SADC; rang dans le groupe: 6. Panel constant, non exhaustif."
provenance,Afrique du Sud,ZAF,2024,Malawi,SADC / Africa,country,tourist_origin,163726.0,persons,tourist_arrivals,Panel harmonisé: 10 marchés SADC + 8 marchés overseas,Statistics South Africa,https://www.statssa.gov.za/publications/Report-03-51-02/Report-03-51-022024.pdf,afrique_du_sud_provenance_touristique_2022_2024_stats_sa.xlsx,exact_panel18,"Groupe: SADC; rang dans le groupe: 7. Panel constant, non exhaustif."
provenance,Afrique du Sud,ZAF,2024,Zambia,SADC / Africa,country,tourist_origin,154921.0,persons,tourist_arrivals,Panel harmonisé: 10 marchés SADC + 8 marchés overseas,Statistics South Africa,https://www.statssa.gov.za/publications/Report-03-51-02/Report-03-51-022024.pdf,afrique_du_sud_provenance_touristique_2022_2024_stats_sa.xlsx,exact_panel18,"Groupe: SADC; rang dans le groupe: 8. Panel constant, non exhaustif."
provenance,Afrique du Sud,ZAF,2024,Angola,SADC / Africa,country,tourist_origin,37811.0,persons,tourist_arrivals,Panel harmonisé: 10 marchés SADC + 8 marchés overseas,Statistics South Africa,https://www.statssa.gov.za/publications/Report-03-51-02/Report-03-51-022024.pdf,afrique_du_sud_provenance_touristique_2022_2024_stats_sa.xlsx,exact_panel18,"Groupe: SADC; rang dans le groupe: 9. Panel constant, non exhaustif."
provenance,Afrique du Sud,ZAF,2024,Tanzania,SADC / Africa,country,tourist_origin,37579.0,persons,tourist_arrivals,Panel harmonisé: 10 marchés SADC + 8 marchés overseas,Statistics South Africa,https://www.statssa.gov.za/publications/Report-03-51-02/Report-03-51-022024.pdf,afrique_du_sud_provenance_touristique_2022_2024_stats_sa.xlsx,exact_panel18,"Groupe: SADC; rang dans le groupe: 10. Panel constant, non exhaustif."
provenance,Afrique du Sud,ZAF,2024,United States,North America,country,tourist_origin,372362.0,persons,tourist_arrivals,Panel harmonisé: 10 marchés SADC + 8 marchés overseas,Statistics South Africa,https://www.statssa.gov.za/publications/Report-03-51-02/Report-03-51-022024.pdf,afrique_du_sud_provenance_touristique_2022_2024_stats_sa.xlsx,exact_panel18,"Groupe: Overseas; rang dans le groupe: 1. Panel constant, non exhaustif."
provenance,Afrique du Sud,ZAF,2024,United Kingdom,Europe,country,tourist_origin,349883.0,persons,tourist_arrivals,Panel harmonisé: 10 marchés SADC + 8 marchés overseas,Statistics South Africa,https://www.statssa.gov.za/publications/Report-03-51-02/Report-03-51-022024.pdf,afrique_du_sud_provenance_touristique_2022_2024_stats_sa.xlsx,exact_panel18,"Groupe: Overseas; rang dans le groupe: 2. Panel constant, non exhaustif."
provenance,Afrique du Sud,ZAF,2024,Germany,Europe,country,tourist_origin,254992.0,persons,tourist_arrivals,Panel harmonisé: 10 marchés SADC + 8 marchés overseas,Statistics South Africa,https://www.statssa.gov.za/publications/Report-03-51-02/Report-03-51-022024.pdf,afrique_du_sud_provenance_touristique_2022_2024_stats_sa.xlsx,exact_panel18,"Groupe: Overseas; rang dans le groupe: 3. Panel constant, non exhaustif."
provenance,Afrique du Sud,ZAF,2024,Netherlands,Europe,country,tourist_origin,132422.0,persons,tourist_arrivals,Panel harmonisé: 10 marchés SADC + 8 marchés overseas,Statistics South Africa,https://www.statssa.gov.za/publications/Report-03-51-02/Report-03-51-022024.pdf,afrique_du_sud_provenance_touristique_2022_2024_stats_sa.xlsx,exact_panel18,"Groupe: Overseas; rang dans le groupe: 4. Panel constant, non exhaustif."
provenance,Afrique du Sud,ZAF,2024,France,Europe,country,tourist_origin,125823.0,persons,tourist_arrivals,Panel harmonisé: 10 marchés SADC + 8 marchés overseas,Statistics South Africa,https://www.statssa.gov.za/publications/Report-03-51-02/Report-03-51-022024.pdf,afrique_du_sud_provenance_touristique_2022_2024_stats_sa.xlsx,exact_panel18,"Groupe: Overseas; rang dans le groupe: 5. Panel constant, non exhaustif."
provenance,Afrique du Sud,ZAF,2024,Australia,Australasia,country,tourist_origin,98544.0,persons,tourist_arrivals,Panel harmonisé: 10 marchés SADC + 8 marchés overseas,Statistics South Africa,https://www.statssa.gov.za/publications/Report-03-51-02/Report-03-51-022024.pdf,afrique_du_sud_provenance_touristique_2022_2024_stats_sa.xlsx,exact_panel18,"Groupe: Overseas; rang dans le groupe: 6. Panel constant, non exhaustif."
provenance,Afrique du Sud,ZAF,2024,India,Asia,country,tourist_origin,75541.0,persons,tourist_arrivals,Panel harmonisé: 10 marchés SADC + 8 marchés overseas,Statistics South Africa,https://www.statssa.gov.za/publications/Report-03-51-02/Report-03-51-022024.pdf,afrique_du_sud_provenance_touristique_2022_2024_stats_sa.xlsx,exact_panel18,"Groupe: Overseas; rang dans le groupe: 7. Panel constant, non exhaustif."
provenance,Afrique du Sud,ZAF,2024,Canada,North America,country,tourist_origin,58057.0,persons,tourist_arrivals,Panel harmonisé: 10 marchés SADC + 8 marchés overseas,Statistics South Africa,https://www.statssa.gov.za/publications/Report-03-51-02/Report-03-51-022024.pdf,afrique_du_sud_provenance_touristique_2022_2024_stats_sa.xlsx,exact_panel18,"Groupe: Overseas; rang dans le groupe: 8. Panel constant, non exhaustif."
provenance,Égypte,EGY,2010,United States,Americas,country,tourist_origin,361533.0,persons,tourist_arrivals,Un seul marché pays vérifié: États-Unis,User-provided source file,Number of Tourists and Tourist Nights between Egypt and the United States of America.xls,Number of Tourists and Tourist Nights between Egypt and the United States of America.xls,exact_single_country,Couverture pays très partielle; ne pas construire un Top marchés complet pour l'Égypte.
provenance,Égypte,EGY,2011,United States,Americas,country,tourist_origin,184608.0,persons,tourist_arrivals,Un seul marché pays vérifié: États-Unis,User-provided source file,Number of Tourists and Tourist Nights between Egypt and the United States of America.xls,Number of Tourists and Tourist Nights between Egypt and the United States of America.xls,exact_single_country,Couverture pays très partielle; ne pas construire un Top marchés complet pour l'Égypte.
provenance,Égypte,EGY,2012,United States,Americas,country,tourist_origin,179134.0,persons,tourist_arrivals,Un seul marché pays vérifié: États-Unis,User-provided source file,Number of Tourists and Tourist Nights between Egypt and the United States of America.xls,Number of Tourists and Tourist Nights between Egypt and the United States of America.xls,exact_single_country,Couverture pays très partielle; ne pas construire un Top marchés complet pour l'Égypte.
provenance,Égypte,EGY,2013,United States,Americas,country,tourist_origin,147624.0,persons,tourist_arrivals,Un seul marché pays vérifié: États-Unis,User-provided source file,Number of Tourists and Tourist Nights between Egypt and the United States of America.xls,Number of Tourists and Tourist Nights between Egypt and the United States of America.xls,exact_single_country,Couverture pays très partielle; ne pas construire un Top marchés complet pour l'Égypte.
provenance,Égypte,EGY,2014,United States,Americas,country,tourist_origin,154619.0,persons,tourist_arrivals,Un seul marché pays vérifié: États-Unis,User-provided source file,Number of Tourists and Tourist Nights between Egypt and the United States of America.xls,Number of Tourists and Tourist Nights between Egypt and the United States of America.xls,exact_single_country,Couverture pays très partielle; ne pas construire un Top marchés complet pour l'Égypte.
provenance,Égypte,EGY,2015,United States,Americas,country,tourist_origin,188712.0,persons,tourist_arrivals,Un seul marché pays vérifié: États-Unis,User-provided source file,Number of Tourists and Tourist Nights between Egypt and the United States of America.xls,Number of Tourists and Tourist Nights between Egypt and the United States of America.xls,exact_single_country,Couverture pays très partielle; ne pas construire un Top marchés complet pour l'Égypte.
provenance,Égypte,EGY,2016,United States,Americas,country,tourist_origin,184341.0,persons,tourist_arrivals,Un seul marché pays vérifié: États-Unis,User-provided source file,Number of Tourists and Tourist Nights between Egypt and the United States of America.xls,Number of Tourists and Tourist Nights between Egypt and the United States of America.xls,exact_single_country,Couverture pays très partielle; ne pas construire un Top marchés complet pour l'Égypte.
provenance,Égypte,EGY,2017,United States,Americas,country,tourist_origin,226429.0,persons,tourist_arrivals,Un seul marché pays vérifié: États-Unis,User-provided source file,Number of Tourists and Tourist Nights between Egypt and the United States of America.xls,Number of Tourists and Tourist Nights between Egypt and the United States of America.xls,exact_single_country,Couverture pays très partielle; ne pas construire un Top marchés complet pour l'Égypte.
provenance,Égypte,EGY,2018,United States,Americas,country,tourist_origin,287796.0,persons,tourist_arrivals,Un seul marché pays vérifié: États-Unis,User-provided source file,Number of Tourists and Tourist Nights between Egypt and the United States of America.xls,Number of Tourists and Tourist Nights between Egypt and the United States of America.xls,exact_single_country,Couverture pays très partielle; ne pas construire un Top marchés complet pour l'Égypte.
provenance,Égypte,EGY,2019,United States,Americas,country,tourist_origin,349596.0,persons,tourist_arrivals,Un seul marché pays vérifié: États-Unis,User-provided source file,Number of Tourists and Tourist Nights between Egypt and the United States of America.xls,Number of Tourists and Tourist Nights between Egypt and the United States of America.xls,exact_single_country,Couverture pays très partielle; ne pas construire un Top marchés complet pour l'Égypte.
provenance,Égypte,EGY,2019,Europeans,Europeans,regional_aggregate,tourist_origin,0.643,share,regional_tourist_share,Répartition régionale 2019 uniquement,CAPMAS Statistical Yearbook - Tourism,https://www.capmas.gov.eg/pdf/new_Pdf/202122122242_2020%20%D8%A7%D9%84%D8%B3%D9%8A%D8%A7%D8%AD%D9%87.pdf,egypte_provenance_touristique_donnees_verifiees.xlsx,regional_share_only,"Répartition régionale des touristes, pas pays individuels."
provenance,Égypte,EGY,2019,Arabs,Arabs,regional_aggregate,tourist_origin,0.243,share,regional_tourist_share,Répartition régionale 2019 uniquement,CAPMAS Statistical Yearbook - Tourism,https://www.capmas.gov.eg/pdf/new_Pdf/202122122242_2020%20%D8%A7%D9%84%D8%B3%D9%8A%D8%A7%D8%AD%D9%87.pdf,egypte_provenance_touristique_donnees_verifiees.xlsx,regional_share_only,"Répartition régionale des touristes, pas pays individuels."
provenance,Égypte,EGY,2019,Americans,Americans,regional_aggregate,tourist_origin,0.042,share,regional_tourist_share,Répartition régionale 2019 uniquement,CAPMAS Statistical Yearbook - Tourism,https://www.capmas.gov.eg/pdf/new_Pdf/202122122242_2020%20%D8%A7%D9%84%D8%B3%D9%8A%D8%A7%D8%AD%D9%87.pdf,egypte_provenance_touristique_donnees_verifiees.xlsx,regional_share_only,"Répartition régionale des touristes, pas pays individuels."
provenance,Égypte,EGY,2019,Others,Others,regional_aggregate,tourist_origin,0.07200000000000001,share,regional_tourist_share,Répartition régionale 2019 uniquement,CAPMAS Statistical Yearbook - Tourism,https://www.capmas.gov.eg/pdf/new_Pdf/202122122242_2020%20%D8%A7%D9%84%D8%B3%D9%8A%D8%A7%D8%AD%D9%87.pdf,egypte_provenance_touristique_donnees_verifiees.xlsx,regional_share_only,"Répartition régionale des touristes, pas pays individuels."
provenance,Égypte,EGY,2019,Europeans,Europeans,regional_aggregate,tourist_origin,0.535,share,regional_tourist_nights_share,Répartition régionale 2019 uniquement,CAPMAS Statistical Yearbook - Tourism,https://www.capmas.gov.eg/pdf/new_Pdf/202122122242_2020%20%D8%A7%D9%84%D8%B3%D9%8A%D8%A7%D8%AD%D9%87.pdf,egypte_provenance_touristique_donnees_verifiees.xlsx,regional_share_only,Répartition régionale des nuitées; indicateur auxiliaire.
provenance,Égypte,EGY,2019,Arabs,Arabs,regional_aggregate,tourist_origin,0.345,share,regional_tourist_nights_share,Répartition régionale 2019 uniquement,CAPMAS Statistical Yearbook - Tourism,https://www.capmas.gov.eg/pdf/new_Pdf/202122122242_2020%20%D8%A7%D9%84%D8%B3%D9%8A%D8%A7%D8%AD%D9%87.pdf,egypte_provenance_touristique_donnees_verifiees.xlsx,regional_share_only,Répartition régionale des nuitées; indicateur auxiliaire.
provenance,Égypte,EGY,2019,Americans,Americans,regional_aggregate,tourist_origin,0.054000000000000006,share,regional_tourist_nights_share,Répartition régionale 2019 uniquement,CAPMAS Statistical Yearbook - Tourism,https://www.capmas.gov.eg/pdf/new_Pdf/202122122242_2020%20%D8%A7%D9%84%D8%B3%D9%8A%D8%A7%D8%AD%D9%87.pdf,egypte_provenance_touristique_donnees_verifiees.xlsx,regional_share_only,Répartition régionale des nuitées; indicateur auxiliaire.
provenance,Égypte,EGY,2019,Others,Others,regional_aggregate,tourist_origin,0.066,share,regional_tourist_nights_share,Répartition régionale 2019 uniquement,CAPMAS Statistical Yearbook - Tourism,https://www.capmas.gov.eg/pdf/new_Pdf/202122122242_2020%20%D8%A7%D9%84%D8%B3%D9%8A%D8%A7%D8%AD%D9%87.pdf,egypte_provenance_touristique_donnees_verifiees.xlsx,regional_share_only,Répartition régionale des nuitées; indicateur auxiliaire.
